Ticker,Total Trades,Profitable Trades,Losing Trades,Total Profit/Loss
20MICRONS,2,2,0,306755.5607223511
21STCENMGM,2,1,0,99999.74831581116
360ONE,0,0,0,0.0
3IINFOLTD,2,0,2,-95952.0
3MINDIA,3,2,0,289892.8046875
3PLAND,1,0,0,0.0
5PAISA,2,1,0,99955.6293182373
63MOONS,4,2,2,-83587.5478515625
A2ZINFRA,3,2,0,299973.20135498047
AAATECH,0,0,0,0.0
AAKASH,2,2,0,299992.8594055176
AAREYDRUGS,0,0,0,0.0
AARON,0,0,0,0.0
AARTIDRUGS,2,2,0,300112.4375
AARTIIND,2,1,0,99986.53371429443
AARTISURF,1,0,0,0.0
AARVEEDEN,2,1,0,100840.6048488617
AARVI,1,1,0,99982.40168762207
AAVAS,2,1,0,99123.0
ABAN,3,0,2,-95921.80224609375
ABB,2,2,0,299489.4188232422
ABBOTINDIA,0,0,0,0.0
ABCAPITAL,1,0,0,0.0
ABFRL,1,1,0,99984.02673339844
ABMINTLLTD,2,2,0,299953.75
ABSLAMC,1,0,0,0.0
ACC,1,0,0,0.0
ACCELYA,1,1,0,99703.79699707031
ACCURACY,2,1,1,-59998.10554897785
ACE,3,2,1,-19975.868555831912
ACEINTEG,1,1,0,99993.32973480225
ACL,3,1,1,-58449.600000000006
ACLGATI,2,1,0,100135.49365997314
ADANIENT,3,3,0,700520.9366188049
ADANIGREEN,1,0,0,0.0
ADANIPORTS,2,2,0,299853.29542541504
ADANIPOWER,1,1,0,99969.60144042969
ADFFOODS,2,2,0,301454.1287956238
ADL,0,0,0,0.0
ADORWELD,2,2,0,299555.55113220215
ADROITINFO,2,1,1,-59200.008633422854
ADSL,2,2,0,304332.60276412964
ADVANIHOTR,2,1,0,102401.59649658203
ADVENZYMES,1,0,0,0.0
AEGISCHEM,1,1,0,100654.40734863281
AETHER,0,0,0,0.0
AFFLE,1,0,0,0.0
AGARIND,1,0,0,0.0
AGI,3,2,0,301577.6635131836
AGRITECH,1,0,0,0.0
AGROPHOS,1,1,0,99993.59545898438
AGSTRA,0,0,0,0.0
AHLADA,1,1,0,108174.0
AHLEAST,1,0,0,0.0
AHLUCONT,1,0,0,0.0
AIAENG,1,1,0,99809.59741210938
AIRAN,0,0,0,0.0
AIROLAM,1,1,0,99985.94591522217
AJANTPHARM,1,0,0,0.0
AJMERA,2,2,0,300197.70835876465
AJOONI,1,1,0,104949.3066548109
AKASH,1,0,0,0.0
AKG,2,2,0,309690.05309295654
AKSHAR,0,0,0,0.0
AKSHARCHEM,1,0,0,0.0
AKSHOPTFBR,3,1,1,-59711.38443603515
AKZOINDIA,2,1,0,100187.99865722656
ALANKIT,2,1,0,99993.5986328125
ALBERTDAVD,1,1,0,99712.40173339844
ALEMBICLTD,2,2,0,299947.90673065186
ALICON,2,1,0,99962.00252532959
ALKALI,2,1,0,99973.1025466919
ALKEM,2,1,0,99676.49597167969
ALKYLAMINE,1,0,0,0.0
ALLCARGO,2,2,0,302910.375
ALLSEC,3,3,0,710058.5100727081
ALMONDZ,3,2,1,-20008.530979537973
ALOKINDS,2,1,1,-59970.10284838677
ALPA,2,2,0,299973.89235687256
ALPHAGEO,2,1,0,99894.40258789062
ALPSINDUS,4,2,1,-9828.755116605753
AMBER,1,1,0,99625.19702148438
AMBICAAGAR,1,1,0,99988.50437164307
AMBIKCO,1,0,0,0.0
AMBUJACEM,2,1,0,99904.70175170898
AMDIND,2,2,0,304118.40742492676
AMIORG,0,0,0,0.0
AMJLAND,2,2,0,302100.3081588745
AMRUTANJAN,1,1,0,100131.20849609375
ANANDRATHI,0,0,0,0.0
ANANTRAJ,3,1,1,-59976.56586074829
ANDHRAPAP,3,2,0,299536.10415649414
ANDHRSUGAR,2,2,0,301035.3817253113
ANGELONE,0,0,0,0.0
ANIKINDS,3,2,1,-18154.402087020862
ANKITMETAL,2,0,2,-96000.0
ANMOL,1,0,0,0.0
ANTGRAPHIC,3,2,1,-20001.268076634413
ANUP,2,1,0,99989.10159301758
ANURAS,0,0,0,0.0
APARINDS,2,2,0,300682.99603271484
APCL,1,1,0,99944.95095825195
APCOTEXIND,2,2,0,299814.07135009766
APEX,1,0,0,0.0
APLAPOLLO,1,1,0,100588.94577026367
APLLTD,1,0,0,0.0
APOLLO,0,0,0,0.0
APOLLOHOSP,2,1,0,99567.00439453125
APOLLOPIPE,0,0,0,0.0
APOLLOTYRE,2,2,0,300123.7046203613
APOLSINHOT,1,1,0,99450.0
APTECHT,2,2,0,299732.67108917236
APTUS,1,0,0,0.0
ARCHIDPLY,1,1,0,99999.98627185822
ARCHIES,2,1,0,99998.39846801758
ARENTERP,1,1,0,99993.50336074829
ARIES,1,1,0,99918.70124816895
ARIHANTCAP,0,0,0,0.0
ARIHANTSUP,2,1,0,99951.20251464844
ARMANFIN,2,2,0,304226.80961608887
AROGRANITE,1,1,0,102122.8970375061
ARROWGREEN,2,0,1,-79921.37109375
ARSHIYA,2,2,0,299942.49078941345
ARTEMISMED,0,0,0,0.0
ARTNIRMAN,2,1,0,99999.20194625854
ARVEE,2,2,0,299967.0
ARVIND,1,0,0,0.0
ARVINDFASN,1,1,0,99925.30397033691
ARVSMART,1,1,0,99940.74508666992
ASAHIINDIA,2,2,0,300047.597076416
ASAHISONG,1,1,0,99991.20446777344
ASAL,2,1,1,-60005.80769042969
ASALCBR,0,0,0,0.0
ASHAPURMIN,1,1,0,99981.85469055176
ASHIANA,2,1,0,100317.35910797119
ASHIMASYN,4,2,1,-19074.80825214385
ASHOKA,1,0,0,0.0
ASHOKLEY,2,1,0,100408.50160598755
ASIANENE,0,0,0,0.0
ASIANHOTNR,2,1,1,-59665.719903564444
ASIANPAINT,2,1,0,99982.10125732422
ASIANTILES,2,1,0,101611.16764068604
ASMS,4,3,0,699986.0879628658
ASPINWALL,1,0,0,0.0
ASTEC,3,3,0,700098.2146453857
ASTERDM,1,1,0,100229.39753723145
ASTRAL,3,2,0,303258.1298828125
ASTRAMICRO,2,2,0,303606.4758300781
ASTRAZEN,2,1,0,101459.39709472656
ASTRON,1,0,0,0.0
ATALREAL,0,0,0,0.0
ATFL,2,1,0,99632.75
ATGL,1,1,0,99949.9474029541
ATLANTAA,3,2,1,-19985.994514846796
ATUL,2,1,0,97994.10400390625
ATULAUTO,1,0,0,0.0
AUBANK,1,0,0,0.0
AURIONPRO,3,3,0,700599.2695388794
AUROPHARMA,2,1,0,99992.5
AURUM,2,1,1,-55489.70927734376
AUSOMENT,2,2,0,328347.18647766113
AUTOAXLES,3,2,0,301793.11389160156
AUTOIND,2,1,1,-58048.215612030035
AVADHSUGAR,2,2,0,302451.0
AVANTIFEED,3,2,0,300584.59384155273
AVG,1,1,0,99960.0
AVROIND,2,2,0,638589.4245624542
AVTNPL,1,1,0,101304.0
AWHCL,0,0,0,0.0
AWL,0,0,0,0.0
AXISBANK,1,1,0,100664.99862670898
AXISCADES,3,2,1,-4336.353839874268
AXITA,0,0,0,0.0
AYMSYNTEX,2,1,1,-59898.97736816405
BAFNAPH,1,1,0,99999.90343666077
BAGFILMS,2,0,1,-79998.6
BAJAJ-AUTO,2,1,0,100337.7060546875
BAJAJCON,3,2,0,320045.53858947754
BAJAJELEC,3,2,0,301462.51708984375
BAJAJFINSV,3,2,0,300788.83114624023
BAJAJHCARE,1,0,0,0.0
BAJAJHIND,3,1,2,-91583.58938055039
BAJAJHLDNG,2,2,0,297676.5
BAJFINANCE,2,1,0,99085.0
BALAJITELE,2,1,0,99989.10389709473
BALAMINES,2,2,0,299010.90490722656
BALAXI,1,1,0,107272.6229724884
BALKRISHNA,2,1,0,111288.09511566162
BALKRISIND,2,1,0,99550.0
BALMLAWRIE,2,1,0,99947.18983459473
BALPHARMA,2,1,0,99993.29676055908
BALRAMCHIN,3,3,0,699779.0995597839
BANARBEADS,2,2,0,299962.95598983765
BANARISUG,2,2,0,297708.7000732422
BANCOINDIA,3,2,0,301046.33711242676
BANDHANBNK,1,0,0,0.0
BANG,2,1,1,-59999.559262084964
BANKA,1,1,0,99985.5979270935
BANKBARODA,1,0,0,0.0
BANKINDIA,2,0,1,-79916.16313476562
BANSWRAS,2,2,0,302869.7349700928
BARBEQUE,1,0,0,0.0
BASF,2,2,0,299776.50787353516
BASML,1,1,0,99974.25485229492
BATAINDIA,1,1,0,99898.80303955078
BAYERCROP,2,1,0,99882.14733886719
BBL,2,1,0,99851.75
BBOX,1,1,0,101126.87285614014
BBTC,3,2,0,300704.4485321045
BBTCL,1,1,0,99992.40185165405
BCG,1,0,1,-79989.71734924316
BCLIND,1,0,0,0.0
BCONCEPTS,1,1,0,101579.39558410645
BDL,0,0,0,0.0
BEARDSELL,1,1,0,99993.75622749329
BECTORFOOD,1,0,0,0.0
BEDMUTHA,2,2,0,304255.7027244568
BEL,2,2,0,300495.0046310425
BEML,2,1,0,101569.767578125
BEPL,2,2,0,302951.5396795273
BERGEPAINT,2,1,0,100313.30197906494
BFINVEST,1,0,0,0.0
BFUTILITIE,2,1,0,99862.10189819336
BGRENERGY,3,1,2,-91822.33876647949
BHAGCHEM,0,0,0,0.0
BHAGERIA,1,1,0,99891.14553833008
BHAGYANGR,1,1,0,99996.29628753662
BHANDARI,1,1,0,99999.23686683178
BHARATFORG,2,1,0,99885.50369262695
BHARATGEAR,3,3,0,699850.9162483215
BHARATRAS,1,1,0,99935.0
BHARATWIRE,1,1,0,99997.5
BHARTIARTL,1,1,0,99925.0952758789
BHEL,2,1,1,-59942.796325683594
BIGBLOC,1,1,0,99995.9976196289
BIL,3,2,0,304625.99784851074
BINANIIND,2,0,1,-78482.64860992432
BIOCON,2,1,0,99999.89875793457
BIOFILCHEM,1,1,0,99996.59725570679
BIRLACABLE,3,3,0,721238.05219841
BIRLACORPN,1,1,0,99398.3984375
BIRLAMONEY,2,1,0,99981.0
BKMINDST,3,3,0,764645.0046851635
BLBLIMITED,3,2,0,308886.6932890415
BLISSGVS,2,1,0,100344.0
BLKASHYAP,2,1,1,-59990.88242187501
BLS,2,1,1,-59981.788320922846
BLUECHIP,3,2,0,299999.71192091703
BLUECOAST,3,1,1,-59916.677499389654
BLUEDART,2,1,0,100607.50122070312
BLUESTARCO,2,1,0,99920.0532836914
BODALCHEM,3,2,0,299983.11043548584
BOHRAIND,2,1,1,-59322.399999999994
BOMDYEING,2,1,0,99923.60038757324
BOROLTD,0,0,0,0.0
BORORENEW,2,2,0,309765.2471008301
BOSCHLTD,1,0,0,0.0
BPCL,2,1,0,100741.58241271973
BPL,2,2,0,308475.5538711548
BRIGADE,1,1,0,99923.24775695801
BRITANNIA,1,0,0,0.0
BRNL,1,0,1,-78607.6214996338
BROOKS,2,2,0,300521.84453964233
BSE,1,1,0,99978.66296386719
BSHSL,0,0,0,0.0
BSL,2,2,0,304830.0577888489
BSOFT,3,2,0,301483.654006958
BTML,0,0,0,0.0
BURNPUR,4,2,1,-19295.763708400715
BUTTERFLY,2,2,0,299571.556060791
BVCL,4,2,1,-17965.12066936493
BYKE,1,1,0,99992.00328826904
CALSOFT,5,3,2,-63112.27861747741
CAMLINFINE,2,1,0,99960.0
CAMPUS,0,0,0,0.0
CAMS,0,0,0,0.0
CANBK,2,1,1,-59847.42739868164
CANFINHOME,2,1,0,101118.5
CANTABIL,1,1,0,99996.83839273453
CAPACITE,2,1,1,-59779.0002746582
CAPLIPOINT,1,1,0,99990.72290039062
CAPTRUST,2,0,1,-79969.0
CARBORUNIV,1,1,0,99927.65219116211
CAREERP,0,0,0,0.0
CARERATING,2,0,1,-79021.75703125
CARTRADE,1,0,0,0.0
CARYSIL,1,0,0,0.0
CASTROLIND,2,1,0,99927.86125946045
CCHHL,2,1,1,-57088.72820720672
CCL,1,1,0,99884.39842224121
CDSL,2,1,0,99930.60125732422
CEATLTD,1,0,0,0.0
CELEBRITY,2,2,0,299988.79906511307
CENTENKA,3,2,0,300551.8175354004
CENTEXT,1,1,0,99995.05377674103
CENTRALBK,2,0,1,-79771.99802398682
CENTRUM,2,1,0,102467.3915939331
CENTUM,2,1,0,102333.0
CENTURYPLY,3,3,0,706601.9052658081
CENTURYTEX,4,3,1,61381.258361816406
CERA,2,1,0,99894.60131835938
CEREBRAINT,0,0,0,0.0
CESC,2,1,0,100244.38298034668
CGCL,2,2,0,303818.68549346924
CGPOWER,2,1,1,-59971.84694004059
CHALET,0,0,0,0.0
CHAMBLFERT,2,1,0,99915.74630737305
CHEMBOND,1,0,0,0.0
CHEMCON,1,0,0,0.0
CHEMFAB,0,0,0,0.0
CHEMPLASTS,0,0,0,0.0
CHENNPETRO,3,2,1,-19724.778959655756
CHEVIOT,0,0,0,0.0
CHOICEIN,0,0,0,0.0
CHOLAFIN,1,1,0,99798.45207214355
CHOLAHLDNG,1,0,0,0.0
CIEINDIA,2,1,0,99990.79824829102
CIGNITITEC,1,1,0,99964.0
CINELINE,3,2,1,-18547.00248146057
CINEVISTA,2,2,0,303500.7704586983
CIPLA,1,1,0,99678.60461425781
CLEAN,0,0,0,0.0
CLEDUCATE,1,1,0,100992.30339431763
CLSEL,0,0,0,0.0
CMSINFO,1,0,0,0.0
COALINDIA,1,0,0,0.0
COASTCORP,1,0,0,0.0
COCHINSHIP,1,1,0,99999.8959350586
COFFEEDAY,2,0,1,-79523.99677276611
COFORGE,2,1,0,98715.5966796875
COLPAL,1,0,0,0.0
COMPINFO,2,1,0,99992.24990844727
COMPUSOFT,1,1,0,99988.0
CONCOR,2,2,0,299676.84579467773
CONFIPET,1,0,0,0.0
CONSOFINVT,1,1,0,99960.75
CONTROLPR,1,0,0,0.0
CORALFINAC,1,1,0,99983.60443496704
CORDSCABLE,2,2,0,299941.40559387207
COROMANDEL,3,2,0,299652.1949157715
COSMOFIRST,2,2,0,299756.8366546631
COUNCODOS,3,2,0,299998.69802105427
CRAFTSMAN,0,0,0,0.0
CREATIVE,1,1,0,99930.5
CREATIVEYE,2,2,0,299998.1062602997
CREDITACC,1,1,0,99749.75
CREST,2,2,0,308102.5879230499
CRISIL,2,1,0,100313.19873046875
CROMPTON,1,1,0,99885.90133666992
CROWN,1,1,0,99993.603515625
CSBBANK,1,0,0,0.0
CTE,2,2,0,311568.7664985657
CUB,3,2,0,300096.05701446533
CUBEXTUB,1,1,0,102030.0
CUMMINSIND,2,1,0,99924.30145263672
CUPID,2,2,0,2415692.7468128204
CYBERMEDIA,2,1,1,-55615.342018890384
CYBERTECH,2,2,0,299963.79730415344
CYIENT,2,2,0,299779.9952697754
DABUR,1,0,0,0.0
DALBHARAT,2,1,0,99541.70275878906
DALMIASUG,2,2,0,303689.60400390625
DAMODARIND,1,1,0,100959.5913696289
DANGEE,1,1,0,99999.90302753448
DATAMATICS,2,1,1,-59826.17223815917
DATAPATTNS,0,0,0,0.0
DBCORP,1,0,1,-79871.47868652343
DBL,1,0,0,0.0
DBREALTY,4,2,1,-19425.271264648443
DBSTOCKBRO,2,1,1,-59440.36875610352
DCAL,4,3,1,60064.18389892578
DCBBANK,3,2,0,301672.7694091797
DCI,1,1,0,99984.2963104248
DCM,1,1,0,100057.01647949219
DCMFINSERV,2,1,1,-52856.36290817261
DCMNVL,1,0,0,0.0
DCMSHRIRAM,2,2,0,299809.1049194336
DCMSRIND,1,0,0,0.0
DCW,3,2,0,299996.5028953552
DECCANCE,2,2,0,299546.994140625
DEEPAKFERT,2,1,1,-59884.53176879883
DEEPAKNTR,3,2,0,300276.6908569336
DEEPENR,2,2,0,299936.16316223145
DEEPINDS,0,0,0,0.0
DELHIVERY,0,0,0,0.0
DELPHIFX,2,1,0,104722.1935043335
DELTACORP,4,3,0,699813.1957397461
DELTAMAGNT,2,2,0,318951.89884757996
DEN,3,1,1,-59734.73393554689
DENORA,3,3,0,705420.2245483398
DEVIT,1,1,0,99997.0
DEVYANI,0,0,0,0.0
DGCONTENT,1,1,0,104273.39836978912
DHAMPURSUG,3,3,0,701751.9541015625
DHANBANK,3,0,2,-95820.07880096436
DHANI,4,3,0,702473.2967710495
DHANUKA,0,0,0,0.0
DHRUV,0,0,0,0.0
DHUNINV,2,1,0,101421.95156478882
DIACABS,4,1,3,-96207.1765625
DIAMONDYD,1,0,0,0.0
DICIND,2,1,0,99781.0
DIGISPICE,1,0,1,-78593.74761581421
DIGJAMLMTD,2,1,1,-58897.2
DIL,2,2,0,299991.51859021187
DISHTV,3,2,1,-13553.700520133978
DIVISLAB,2,1,0,100148.99536132812
DIXON,1,1,0,99816.19812011719
DLF,1,0,0,0.0
DLINKINDIA,2,2,0,299945.79710388184
DMART,1,1,0,99997.5
DMCC,0,0,0,0.0
DNAMEDIA,2,1,1,-58668.55118185282
DODLA,0,0,0,0.0
DOLATALGO,1,1,0,99963.8984451294
DOLLAR,2,1,0,101554.59823608398
DOLPHIN,1,0,1,-79709.28095703125
DONEAR,3,3,0,699920.2828159332
DPABHUSHAN,1,1,0,99958.0
DPSCLTD,2,2,0,310394.5455350876
DPWIRES,1,1,0,99960.0
DRCSYSTEMS,0,0,0,0.0
DREDGECORP,2,1,0,99819.3938293457
DRREDDY,2,1,0,100436.5
DSSL,3,2,1,13312.202672910687
DTIL,0,0,0,0.0
DUCON,1,1,0,99996.70375823975
DVL,2,1,0,99887.60266113281
DWARKESH,2,2,0,299976.4468860626
DYNAMATECH,3,2,1,-15683.585864257795
DYNPRO,1,0,0,0.0
E2E,1,1,0,99978.0
EASEMYTRIP,0,0,0,0.0
ECLERX,1,1,0,99843.89666748047
EDELWEISS,4,2,1,-19928.75883102417
EDUCOMP,4,1,3,-98333.37621459963
EICHERMOT,1,1,0,99290.6982421875
EIDPARRY,1,1,0,99942.70294189453
EIFFL,1,0,0,0.0
EIHAHOTELS,1,0,0,0.0
EIHOTEL,2,1,0,100739.13946151733
EIMCOELECO,3,2,0,311474.1072998047
EKC,3,2,1,-18748.302402496338
ELDEHSG,0,0,0,0.0
ELECON,1,1,0,99960.0
ELECTCAST,1,0,0,0.0
ELECTHERM,4,2,1,-17652.328696441662
ELGIEQUIP,2,2,0,302586.25424194336
ELGIRUBCO,3,2,0,299972.74176216125
EMAMILTD,3,2,0,303531.7059555054
EMAMIPAP,1,0,0,0.0
EMAMIREAL,3,2,0,299920.54776000977
EMKAY,4,2,1,-20005.724311065685
EMMBI,2,1,0,99991.19843673706
EMUDHRA,0,0,0,0.0
ENDURANCE,1,0,0,0.0
ENERGYDEV,4,3,1,71578.56260194778
ENGINERSIN,1,0,0,0.0
ENIL,3,1,1,-56266.20147705078
EPL,2,2,0,305697.9512615204
EQUIPPP,2,2,0,312500.0
EQUITASBNK,1,0,0,0.0
ERIS,1,0,0,0.0
EROSMEDIA,3,2,1,-17963.49281082154
ESABINDIA,1,1,0,100978.8076171875
ESCORTS,3,2,0,299293.3491516113
ESSARSHPNG,2,1,0,102159.19585418701
ESSENTIA,2,1,1,-59999.85763549805
ESTER,1,1,0,104552.80548858643
ETHOSLTD,0,0,0,0.0
EUROTEXIND,3,2,0,299991.7984981537
EVEREADY,2,1,1,-58266.10134887695
EVERESTIND,3,3,0,703319.4533538818
EXCEL,2,2,0,299999.64211413264
EXCELINDUS,1,0,0,0.0
EXIDEIND,2,1,0,99984.6478729248
EXPLEOSOL,2,2,0,301520.0087966919
EXXARO,1,0,0,0.0
FACT,1,1,0,99982.05228042603
FAIRCHEMOR,0,0,0,0.0
FCL,1,1,0,100084.99717712402
FCONSUMER,2,0,2,-95032.157828331
FCSSOFT,2,1,0,99999.89735090733
FDC,2,1,0,99899.79650878906
FEDERALBNK,2,1,0,99997.79814147949
FELDVR,3,1,1,-59446.77661933898
FIBERWEB,0,0,0,0.0
FIEMIND,1,0,1,-79791.6
FILATEX,1,1,0,104460.35173594952
FINCABLES,2,1,0,99939.60238647461
FINEORG,0,0,0,0.0
FINOPB,1,0,0,0.0
FINPIPE,2,1,0,99999.24071502686
FLEXITUFF,2,1,1,-58236.2154270172
FLFL,2,1,1,-50024.10835876467
FLUOROCHEM,1,1,0,99931.99829101562
FMGOETZE,1,0,0,0.0
FMNL,2,1,1,-49992.60129051207
FOCUS,1,1,0,99995.72356128693
FOODSIN,1,0,0,0.0
FORTIS,2,2,0,300490.7930755615
FOSECOIND,1,0,0,0.0
FSC,2,0,2,-95913.876953125
FSL,3,2,0,299937.44501304626
GABRIEL,2,2,0,302000.3091430664
GAEL,2,2,0,299952.74788856506
GAIL,2,1,0,99952.43832397461
GALAXYSURF,1,1,0,99646.19604492188
GALLANTT,1,1,0,100582.65355682373
GANDHITUBE,2,2,0,300556.62677001953
GANECOS,2,2,0,299540.9061279297
GANESHBE,0,0,0,0.0
GANESHHOUC,2,2,0,304829.99156188965
GANGAFORGE,1,1,0,99999.64538300037
GANGESSECU,1,1,0,103479.59651184082
GARFIBRES,2,1,0,99971.5545501709
GATEWAY,0,0,0,0.0
GAYAHWS,1,1,0,109090.80433487892
GEECEE,2,1,0,99996.59725570679
GEEKAYWIRE,2,1,0,99993.59735107422
GENCON,0,0,0,0.0
GENESYS,2,2,0,309790.8604736328
GENUSPAPER,1,1,0,99995.0
GENUSPOWER,3,3,0,699849.4529056549
GEOJITFSL,2,1,0,99973.5
GEPIL,1,0,1,-79781.7568359375
GESHIP,1,1,0,99732.50427246094
GET&D,3,1,1,-58493.112396240234
GFLLIMITED,2,1,0,99990.00778961182
GHCL,2,2,0,302454.0069961548
GICHSGFIN,4,2,1,-19316.912721252476
GICRE,1,0,0,0.0
GILLANDERS,1,0,0,0.0
GILLETTE,1,0,0,0.0
GINNIFILA,3,3,0,732492.4644842148
GIPCL,2,1,0,100974.90464782715
GKWLIMITED,2,1,0,99736.94696044922
GLAND,0,0,0,0.0
GLAXO,1,0,0,0.0
GLENMARK,1,0,0,0.0
GLFL,1,0,1,-70909.02028899193
GLOBAL,1,1,0,99987.80335235596
GLOBALVECT,2,1,0,99996.0481748581
GLOBE,0,0,0,0.0
GLOBUSSPR,2,2,0,299885.3546295166
GLS,0,0,0,0.0
GMBREW,1,0,0,0.0
GMDCLTD,1,0,0,0.0
GMMPFAUDLR,1,0,0,0.0
GMRINFRA,1,0,0,0.0
GMRP&UI,0,0,0,0.0
GNA,1,1,0,100959.99755859375
GNFC,1,1,0,99992.0
GOACARBON,1,0,1,-79728.6
GOCLCORP,2,1,0,99977.9965209961
GOCOLORS,0,0,0,0.0
GODFRYPHLP,2,1,0,99421.5
GODHA,1,1,0,99999.32785177231
GODREJAGRO,1,0,0,0.0
GODREJCP,1,0,0,0.0
GODREJIND,2,1,0,99865.55950927734
GODREJPROP,3,2,0,299491.1565246582
GOKEX,3,3,0,715837.8596496582
GOKUL,2,1,1,-59517.21796817781
GOKULAGRO,0,0,0,0.0
GOLDENTOBC,2,2,0,300456.5502281189
GOLDIAM,3,2,0,299971.5689191818
GOLDTECH,2,2,0,299976.59848594666
GOODLUCK,1,1,0,99968.80169677734
GPIL,3,2,0,299963.7002029419
GPPL,2,1,0,99997.5
GPTINFRA,1,1,0,99999.60305786133
GRANULES,3,2,0,300617.3934841156
GRAPHITE,1,0,0,0.0
GRASIM,2,1,0,99798.30078125
GRAVITA,3,3,0,704970.4624233246
GREAVESCOT,2,1,0,100253.5
GREENLAM,1,1,0,99929.94689941406
GREENPANEL,1,1,0,99979.19805908203
GREENPLY,2,2,0,299975.0146636963
GREENPOWER,2,1,1,-59991.77743835449
GRINDWELL,0,0,0,0.0
GRINFRA,1,0,0,0.0
GROBTEA,1,1,0,104690.26153564453
GRPLTD,0,0,0,0.0
GRSE,0,0,0,0.0
GRWRHITECH,0,0,0,0.0
GSFC,2,1,0,101080.80381774902
GSPL,1,0,0,0.0
GSS,3,2,1,-19775.638266372684
GTL,3,1,2,-90866.3165242672
GTLINFRA,1,0,1,-79996.8
GTPL,2,1,0,99964.0
GUFICBIO,3,2,0,299960.0456161499
GUJALKALI,2,1,0,100228.79878234863
GUJAPOLLO,0,0,0,0.0
GUJGASLTD,2,1,0,99971.45590209961
GUJRAFFIA,2,1,0,102429.60531616211
GULFOILLUB,1,0,0,0.0
GULFPETRO,1,1,0,100678.85492134094
GULPOLY,2,1,0,101343.66752624512
GVKPIL,2,0,1,-79996.07808074952
GVPTECH,2,0,1,-79808.40307617188
HAL,1,1,0,100919.35632324219
HAPPSTMNDS,0,0,0,0.0
HARDWYN,0,0,0,0.0
HARIOMPIPE,0,0,0,0.0
HARRMALAYA,1,1,0,100986.59461212158
HATHWAY,1,0,0,0.0
HATSUN,2,1,0,99722.07678222656
HAVELLS,3,2,0,299464.46337890625
HAVISHA,1,1,0,99999.84874516726
HBLPOWER,1,1,0,100105.19659423828
HBSL,1,1,0,99980.995262146
HCC,3,1,2,-91963.82220211028
HCG,1,1,0,99935.40263366699
HCL-INSYS,3,2,1,-19162.01542377472
HCLTECH,3,2,0,299591.68297576904
HDFCAMC,2,1,0,99703.50158691406
HDFCBANK,2,1,0,99750.25756835938
HDFCLIFE,1,0,0,0.0
HEADSUP,1,0,0,0.0
HECPROJECT,2,1,0,99999.36474609375
HEG,3,2,0,299106.2071533203
HEIDELBERG,2,1,0,99982.75224685669
HEMIPROP,0,0,0,0.0
HERANBA,1,0,0,0.0
HERCULES,1,1,0,99937.5
HERITGFOOD,2,1,0,99983.48822021484
HEROMOTOCO,2,1,0,99180.0
HESTERBIO,1,1,0,103002.40121459961
HEUBACHIND,2,1,0,99563.79879760742
HEXATRADEX,2,2,0,299976.5580062866
HFCL,3,3,0,701621.0451126099
HGINFRA,1,1,0,100406.0
HGS,4,3,0,703221.6667175293
HIKAL,2,1,0,99990.0
HIL,3,2,0,299148.84143066406
HILTON,1,1,0,99990.31740188599
HIMATSEIDE,2,1,1,-59923.43912353515
HINDALCO,2,1,0,99898.05380249023
HINDCOMPOS,3,2,0,299883.9653015137
HINDCON,1,1,0,102252.95808792114
HINDCOPPER,3,1,1,-58375.6303237915
HINDMOTORS,1,0,1,-79987.59671020508
HINDOILEXP,3,2,1,-17477.096672821048
HINDPETRO,2,1,0,100127.35023498535
HINDUNILVR,2,1,0,99829.79791259766
HINDWAREAP,2,1,0,99967.998046875
HINDZINC,2,1,0,99926.4270401001
HIRECT,1,1,0,99863.40216064453
HISARMETAL,0,0,0,0.0
HITECH,1,1,0,99984.26281929016
HITECHCORP,2,2,0,300961.0
HITECHGEAR,1,0,0,0.0
HLEGLAS,1,0,0,0.0
HLVLTD,2,1,1,-58032.495569038394
HMT,1,0,1,-79968.24277954102
HMVL,3,2,0,300182.7426300049
HOMEFIRST,0,0,0,0.0
HONAUT,3,2,0,297284.595703125
HONDAPOWER,2,2,0,299424.55657958984
HOVS,3,3,0,699894.7501831055
HPAL,0,0,0,0.0
HPIL,0,0,0,0.0
HPL,1,1,0,100588.19819641113
HSCL,2,2,0,301152.7282142639
HTMEDIA,1,0,1,-79092.03374176026
HUBTOWN,2,1,1,-59750.96268463135
HUDCO,1,0,0,0.0
HUHTAMAKI,1,0,0,0.0
IBREALEST,3,2,0,299869.1928100586
IBULHSGFIN,2,0,1,-79563.3134765625
ICDSLTD,1,0,0,0.0
ICEMAKE,1,1,0,99982.45381164551
ICICIBANK,2,2,0,303008.0136871338
ICICIGI,1,0,0,0.0
ICICIPRULI,1,0,0,0.0
ICIL,2,1,0,99980.30374145508
ICRA,1,0,0,0.0
IDBI,2,0,1,-79037.69739379882
IDEA,2,0,1,-79481.8206665039
IDFC,2,1,1,-59944.78408203124
IDFCFIRSTB,1,0,0,0.0
IEX,1,0,0,0.0
IFBAGRO,0,0,0,0.0
IFBIND,2,1,0,99869.09561157227
IFCI,3,1,1,-59990.14212646485
IFGLEXPOR,3,3,0,718338.7445297241
IGARASHI,3,1,1,-59960.673828125
IGL,1,1,0,100197.35236358643
IGPL,3,3,0,720185.0671215057
IIFL,3,2,1,-19600.842756652855
IIFLSEC,0,0,0,0.0
IITL,1,0,0,0.0
IL&FSENGG,3,1,2,-89494.99103426933
IL&FSTRANS,3,2,1,-18465.838429260242
IMAGICAA,3,2,1,-19186.921992492673
IMFA,2,2,0,301428.41888427734
IMPAL,1,0,0,0.0
IMPEXFERRO,3,1,2,-91998.95935353637
INCREDIBLE,2,1,0,100053.79877471924
INDBANK,2,2,0,299983.95647192
INDHOTEL,2,2,0,299892.66941070557
INDIACEM,4,3,0,699722.5073623657
INDIAGLYCO,2,2,0,299738.74865722656
INDIAMART,1,0,0,0.0
INDIANB,2,1,1,-59791.79999999999
INDIANCARD,0,0,0,0.0
INDIANHUME,1,0,0,0.0
INDIGO,1,1,0,105160.0
INDIGOPNTS,1,0,0,0.0
INDNIPPON,0,0,0,0.0
INDOAMIN,0,0,0,0.0
INDOBORAX,0,0,0,0.0
INDOCO,1,1,0,99936.20150756836
INDORAMA,1,1,0,101140.20442199707
INDOSTAR,1,0,0,0.0
INDOTECH,1,0,0,0.0
INDOTHAI,2,2,0,304547.7325820923
INDOWIND,3,1,1,-59497.300993537894
INDRAMEDCO,1,0,0,0.0
INDSWFTLAB,3,2,0,299950.0444984436
INDSWFTLTD,3,3,0,699979.8070640564
INDTERRAIN,2,1,1,-59641.71456451416
INDUSINDBK,2,1,1,-58332.96268310548
INDUSTOWER,2,1,0,100834.19219970703
INFIBEAM,2,1,0,99993.43013763428
INFOBEAN,1,1,0,99960.0
INFOMEDIA,2,1,0,99999.19829702377
INFY,1,1,0,101299.72839355469
INGERRAND,1,1,0,99367.1982421875
INOXWIND,3,1,1,-58613.52187957763
INSECTICID,2,2,0,300030.9331588745
INSPIRISYS,1,1,0,99973.99604797363
INTELLECT,2,2,0,299796.4765777588
INTENTECH,1,0,1,-79994.79861450195
INTLCONV,0,0,0,0.0
INVENTURE,1,1,0,99999.7826128006
IOB,2,1,0,99980.40172576904
IOC,2,1,0,99972.92910766602
IOLCP,2,2,0,301101.76218032837
IONEXCHANG,0,0,0,0.0
IPCALAB,2,1,0,100157.40307617188
IPL,1,0,0,0.0
IRB,1,0,0,0.0
IRCON,1,0,0,0.0
IRCTC,1,0,0,0.0
IRFC,1,0,0,0.0
IRIS,1,0,0,0.0
IRISDOREME,0,0,0,0.0
ISEC,2,1,0,99946.0
ISFT,3,2,1,-17911.50496673584
ISGEC,1,0,0,0.0
ISMTLTD,3,1,2,-91492.80079479219
ITC,1,0,0,0.0
ITDC,2,1,0,99979.69735717773
ITDCEM,2,2,0,301797.99573898315
ITI,2,1,0,99988.19836997986
IVC,2,1,1,-59973.48111286164
IVP,3,2,0,303455.3066558838
IWEL,0,0,0,0.0
IZMO,2,2,0,299974.60679626465
J&KBANK,3,1,1,-59167.78807334899
JAGRAN,1,0,0,0.0
JAGSNPHARM,1,1,0,106182.01125144958
JAIBALAJI,3,1,2,-91924.63893432617
JAICORPLTD,2,1,0,99983.24872970581
JAIPURKURT,1,1,0,104312.99313926697
JAMNAAUTO,2,2,0,302107.14190101624
JASH,1,1,0,99875.79779052734
JAYAGROGN,1,1,0,100000.0
JAYBARMARU,2,2,0,306318.8571090698
JAYNECOIND,2,1,1,-51104.0065973282
JAYSREETEA,1,0,0,0.0
JBCHEPHARM,3,2,0,299874.933013916
JBMA,3,3,0,701894.8970384598
JCHAC,2,1,0,99931.80276489258
JETAIRWAYS,5,3,1,63573.02398910519
JETFREIGHT,1,1,0,104994.9150648117
JHS,3,1,1,-58955.46082916259
JINDALPHOT,2,1,1,-58060.46790466309
JINDALPOLY,2,2,0,300927.9469909668
JINDALSAW,3,1,1,-59464.409822082525
JINDALSTEL,4,2,1,-19437.43956298828
JINDRILL,1,0,0,0.0
JINDWORLD,3,2,0,299939.75008010864
JISLDVREQS,4,3,1,62115.79551410675
JISLJALEQS,3,2,0,299944.0
JITFINFRA,1,0,1,-79999.9174621582
JKCEMENT,3,2,0,301554.94801330566
JKIL,2,1,0,100424.80337524414
JKLAKSHMI,3,3,0,711189.2320251465
JKPAPER,2,2,0,299864.30642318726
JKTYRE,2,1,0,99985.4705028534
JMA,1,1,0,104120.09596252441
JMFINANCIL,2,1,0,99985.60133361816
JOCIL,1,1,0,100000.0
JPASSOCIAT,4,1,2,-91966.52155075072
JPOLYINVST,2,2,0,304014.41259765625
JPPOWER,3,0,3,-99194.7626636505
JSL,3,2,1,-19831.663246154785
JSWENERGY,3,2,0,299852.6969985962
JSWHL,3,2,0,297098.0428466797
JSWSTEEL,3,2,0,299772.8593902588
JTEKTINDIA,3,2,0,302337.78619766235
JTLIND,0,0,0,0.0
JUBLFOOD,2,2,0,299869.14755249023
JUBLINDS,2,1,1,-60035.56151123048
JUBLINGREA,0,0,0,0.0
JUBLPHARMA,3,2,0,299738.27755737305
JUSTDIAL,2,0,1,-79179.3615234375
JWL,3,3,0,699929.7147502899
JYOTHYLAB,2,1,0,99965.6768913269
JYOTISTRUC,3,2,1,-20001.367704010016
KABRAEXTRU,1,1,0,99926.19644165039
KAJARIACER,1,1,0,99639.59790039062
KAKATCEM,2,1,0,99996.0
KALYANIFRG,2,2,0,309595.5959472656
KALYANKJIL,0,0,0,0.0
KAMATHOTEL,2,1,1,-59970.2
KAMDHENU,2,2,0,302987.4908275604
KANANIIND,2,1,1,-48874.93578510285
KANORICHEM,2,2,0,299901.33906936646
KANPRPLA,0,0,0,0.0
KANSAINER,1,0,0,0.0
KAPSTON,0,0,0,0.0
KARMAENG,2,2,0,299976.60468387604
KARURVYSYA,2,1,0,100283.06259155273
KAVVERITEL,2,1,1,-59410.8506333828
KAYA,3,1,1,-57819.62235717774
KBCGLOBAL,2,1,0,100459.02734804153
KCP,1,0,0,0.0
KCPSUGIND,2,1,0,99994.5
KDDL,1,1,0,99871.65902709961
KEC,2,2,0,301552.6849822998
KECL,2,2,0,304474.185338974
KEEPLEARN,1,1,0,99999.89633202553
KEI,2,2,0,299847.9899902344
KELLTONTEC,1,0,1,-79973.27828369141
KERNEX,2,1,1,-59901.12746200562
KESORAMIND,2,1,0,99950.35457611084
KEYFINSERV,2,2,0,299958.4043273926
KHADIM,3,1,1,-59774.09946899414
KHAICHEM,0,0,0,0.0
KHAITANLTD,2,2,0,309918.4037952423
KHANDSE,1,1,0,110289.30805206299
KICL,1,0,0,0.0
KILITCH,1,1,0,103043.99154663086
KIMS,0,0,0,0.0
KINGFA,1,1,0,99400.94842529297
KIOCL,0,0,0,0.0
KIRIINDUS,3,1,1,-59280.00076446532
KIRLOSBROS,3,2,0,299816.909286499
KIRLOSENG,1,0,0,0.0
KIRLOSIND,1,1,0,99874.24621582031
KITEX,1,0,0,0.0
KKCL,1,1,0,99897.609375
KMSUGAR,2,2,0,299994.88931012154
KNRCON,3,2,0,299901.1937828064
KOHINOOR,2,2,0,307425.084148407
KOKUYOCMLN,2,1,0,99987.29815292358
KOLTEPATIL,1,1,0,99900.49877166748
KOPRAN,1,1,0,101279.80442810059
KOTAKBANK,2,1,0,99680.69641113281
KOTARISUG,0,0,0,0.0
KOTHARIPET,0,0,0,0.0
KOTHARIPRO,1,1,0,100098.16143035889
KPIGREEN,0,0,0,0.0
KPITTECH,1,1,0,99981.0
KPRMILL,2,2,0,299882.79700660706
KRBL,4,2,1,-19365.444765090942
KREBSBIO,1,0,0,0.0
KRIDHANINF,3,2,1,-19953.78172302246
KRISHANA,0,0,0,0.0
KRITI,2,1,0,1685647.69856596
KRITIKA,1,1,0,99999.65304279327
KRSNAA,0,0,0,0.0
KSB,2,2,0,299606.3040161133
KSCL,1,0,0,0.0
KSHITIJPOL,1,1,0,119704.9843673706
KSL,3,2,0,301004.94708251953
KSOLVES,0,0,0,0.0
KTKBANK,1,0,0,0.0
KUANTUM,0,0,0,0.0
L&TFH,2,1,0,100106.16819763184
LAGNAM,1,1,0,104617.34038352966
LALPATHLAB,2,1,0,100083.197265625
LAMBODHARA,1,0,1,-79882.63853759767
LAOPALA,1,0,0,0.0
LASA,2,1,0,99977.39873504639
LATENTVIEW,0,0,0,0.0
LATTEYS,2,2,0,299998.1185154915
LAURUSLABS,0,0,0,0.0
LAXMICOT,1,1,0,99988.0
LAXMIMACH,3,3,0,695916.6331787109
LCCINFOTEC,3,2,0,299998.2014901042
LEMONTREE,0,0,0,0.0
LEXUS,1,0,1,-79976.52328491211
LFIC,2,1,0,99978.0
LGBBROSLTD,2,2,0,302854.1538848877
LGBFORGE,1,1,0,99997.1344256401
LGHL,1,0,0,0.0
LIBAS,1,0,0,0.0
LIBERTSHOE,2,2,0,300692.98236083984
LICHSGFIN,2,1,0,99989.39837646484
LICI,0,0,0,0.0
LIKHITHA,0,0,0,0.0
LINC,1,0,0,0.0
LINCOLN,1,1,0,99871.20349121094
LINDEINDIA,2,2,0,300005.5941772461
LODHA,1,0,0,0.0
LOKESHMACH,2,1,1,-59781.13066406251
LOTUSEYE,1,1,0,99985.09827804565
LOVABLE,1,0,1,-79493.96088867188
LPDC,2,1,1,-59995.64941084385
LT,2,2,0,298894.45861816406
LTIM,2,1,0,99148.49731445312
LTTS,2,1,0,98794.85375976562
LUMAXIND,2,1,0,99712.85171508789
LUMAXTECH,2,2,0,303991.7721004486
LUPIN,1,0,0,0.0
LUXIND,1,1,0,98874.0
LXCHEM,0,0,0,0.0
LYKALABS,2,1,1,-58151.39728927612
LYPSAGEMS,1,1,0,103296.60628795624
M&M,2,2,0,300944.38748168945
M&MFIN,3,2,0,299781.0671386719
MAANALU,1,1,0,99991.94672584534
MACPOWER,1,1,0,99900.0
MADHAV,2,1,0,99993.19657897949
MADHUCON,5,1,3,-98396.97896347046
MADRASFERT,2,2,0,299955.091299057
MAGADSUGAR,0,0,0,0.0
MAGNUM,2,2,0,299994.6408262253
MAHABANK,1,0,0,0.0
MAHAPEXLTD,1,0,0,0.0
MAHASTEEL,1,0,0,0.0
MAHEPC,0,0,0,0.0
MAHESHWARI,1,0,0,0.0
MAHLIFE,1,1,0,101330.87063598633
MAHLOG,1,1,0,99990.80444335938
MAHSCOOTER,2,2,0,297035.3484802246
MAHSEAMLES,1,1,0,99982.69830322266
MAITHANALL,2,2,0,301591.30505371094
MALLCOM,0,0,0,0.0
MALUPAPER,1,1,0,99996.60233306885
MANAKALUCO,1,1,0,99999.1016163826
MANAKCOAT,1,1,0,99996.59725570679
MANAKSIA,2,1,0,99979.20291137695
MANAKSTEEL,2,2,0,299990.60087776184
MANALIPETC,2,2,0,299966.7442102432
MANAPPURAM,3,2,0,304105.3129272461
MANGALAM,3,3,0,699894.5304584503
MANGCHEFER,2,2,0,299981.2981185913
MANGLMCEM,2,1,0,99836.1022644043
MANINDS,3,3,0,702544.3681259155
MANINFRA,3,2,0,302648.03593826294
MANORAMA,0,0,0,0.0
MANORG,0,0,0,0.0
MANUGRAPH,1,1,0,99995.99633216858
MANYAVAR,0,0,0,0.0
MAPMYINDIA,0,0,0,0.0
MARALOVER,1,1,0,99983.25
MARATHON,1,1,0,99963.00146102905
MARICO,0,0,0,0.0
MARINE,2,1,0,99991.02123641968
MARKSANS,2,1,0,99980.99798202515
MARSHALL,1,1,0,106659.3034362793
MARUTI,3,2,0,296984.294921875
MASFIN,2,1,0,101893.61895751953
MASKINVEST,1,1,0,107789.49096298218
MASTEK,2,2,0,299867.90631103516
MATRIMONY,1,0,0,0.0
MAWANASUG,4,3,1,61136.71105041505
MAXHEALTH,0,0,0,0.0
MAXIND,0,0,0,0.0
MAYURUNIQ,1,1,0,99993.59735107422
MAZDA,2,1,0,99792.0
MAZDOCK,0,0,0,0.0
MBAPL,1,1,0,348418.89335632324
MBECL,4,2,1,-19568.07178468704
MBLINFRA,4,2,2,-83862.14468011854
MCDOWELL-N,2,1,0,99869.30570983887
MCL,1,0,0,0.0
MCLEODRUSS,2,1,1,-59913.002197265625
MCX,3,2,0,299383.99475097656
MEDICAMEQ,0,0,0,0.0
MEDICO,0,0,0,0.0
MEDPLUS,1,0,0,0.0
MEGASOFT,2,2,0,301779.05589294434
MEGASTAR,0,0,0,0.0
MELSTAR,4,2,1,1713.7470224857389
MENONBE,1,0,0,0.0
MEP,1,0,0,0.0
METROBRAND,0,0,0,0.0
METROPOLIS,2,1,0,100000.79296875
MFSL,1,1,0,99767.85333251953
MGEL,0,0,0,0.0
MGL,1,0,0,0.0
MHLXMIRU,0,0,0,0.0
MHRIL,2,1,0,100635.87260437012
MICEL,2,2,0,309508.0025677681
MIDHANI,1,1,0,99926.85120391846
MINDACORP,2,2,0,301592.8336791992
MINDTECK,1,1,0,99951.59701538086
MIRCELECTR,3,2,0,308324.38002586365
MIRZAINT,1,1,0,99974.0
MITCON,1,1,0,99946.0
MITTAL,1,1,0,99999.51816916466
MKPL,1,1,0,99999.44968682528
MMFL,2,2,0,299724.30548095703
MMP,2,1,0,101376.10371398926
MMTC,3,1,1,-59925.763357543954
MODIRUBBER,2,1,0,99958.0
MODISONLTD,0,0,0,0.0
MOHITIND,2,1,1,-59855.84059753419
MOIL,2,1,0,99919.3023223877
MOKSH,2,1,0,114812.22477865219
MOL,0,0,0,0.0
MOLDTECH,1,1,0,99987.8014755249
MOLDTKPAC,1,1,0,101169.65744018555
MONARCH,0,0,0,0.0
MONTECARLO,1,1,0,99628.25286865234
MORARJEE,2,1,1,-60000.121956634524
MOREPENLAB,3,2,0,301957.21245718
MOTHERSON,3,2,0,299972.83118247986
MOTILALOFS,1,0,0,0.0
MOTOGENFIN,0,0,0,0.0
MPHASIS,1,1,0,99955.1953125
MPSLTD,2,2,0,299749.1968688965
MRF,2,1,0,76687.1015625
MRO-TEK,2,1,0,100000.0
MRPL,1,0,0,0.0
MSPL,3,2,0,308149.6066913605
MSTCLTD,2,1,0,99968.0472869873
MSUMI,0,0,0,0.0
MTARTECH,1,0,0,0.0
MTEDUCARE,2,0,1,-79957.79626464844
MTNL,3,2,1,-19878.71129570008
MUKANDLTD,2,2,0,309754.45178604126
MUKTAARTS,1,0,0,0.0
MUNJALAU,1,1,0,99981.1015663147
MUNJALSHOW,1,1,0,99958.5034942627
MURUDCERA,2,2,0,320801.41175079346
MUTHOOTCAP,2,0,1,-79256.43798828125
MUTHOOTFIN,3,3,0,699248.9108276367
NACLIND,1,1,0,102049.19606781006
NAGAFERT,3,2,0,306924.09874510765
NAGREEKCAP,2,2,0,299996.4059762955
NAGREEKEXP,3,2,0,310507.85424518585
NAHARCAP,3,3,0,702312.5077056885
NAHARINDUS,2,2,0,304881.41175079346
NAHARPOLY,3,3,0,701970.8058929443
NAHARSPING,2,1,0,99910.84712219238
NAM-INDIA,1,0,0,0.0
NARMADA,1,1,0,104932.2986984253
NATCOPHARM,1,0,0,0.0
NATHBIOGEN,1,0,0,0.0
NATIONALUM,2,1,0,99985.60133361816
NAUKRI,2,1,0,99836.39437866211
NAVA,1,1,0,101273.59375
NAVINFLUOR,2,2,0,300761.17445755005
NAVKARCORP,2,1,0,99998.40229797363
NAVNETEDUL,3,2,0,300653.0
NAZARA,0,0,0,0.0
NBCC,2,1,1,-59957.511163330084
NBIFIN,1,1,0,99176.60192871094
NCC,4,2,1,-19891.835609436035
NCLIND,4,3,0,704478.9394874573
NDGL,1,1,0,99151.85266113281
NDL,2,2,0,309286.34471035004
NDRAUTO,0,0,0,0.0
NDTV,2,1,1,-59925.99822387696
NECCLTD,0,0,0,0.0
NECLIFE,1,0,0,0.0
NELCAST,1,1,0,99966.80158233643
NELCO,2,2,0,299804.7486114502
NEOGEN,0,0,0,0.0
NESCO,3,2,0,300613.9740600586
NESTLEIND,1,1,0,99746.2587890625
NETWORK18,1,1,0,99978.0
NEULANDLAB,4,3,0,699826.0374145508
NEWGEN,1,1,0,100857.0472869873
NEXTMEDIA,3,1,1,-53245.501444959635
NFL,3,1,1,-59407.76134490967
NGIL,1,0,0,0.0
NH,1,1,0,99775.0
NHPC,1,0,0,0.0
NIACL,1,0,0,0.0
NIBL,3,2,1,-574.942889213562
NIITLTD,1,1,0,99948.09616088867
NILAINFRA,1,0,0,0.0
NILASPACES,0,0,0,0.0
NILKAMAL,1,1,0,98752.80505371094
NIPPOBATRY,0,0,0,0.0
NIRAJ,0,0,0,0.0
NITCO,3,2,0,304477.2392845154
NITINSPIN,3,2,0,305038.1893386841
NITIRAJ,1,0,0,0.0
NKIND,1,1,0,99996.29628753662
NLCINDIA,1,0,0,0.0
NMDC,1,0,0,0.0
NOCIL,1,0,0,0.0
NOIDATOLL,1,0,1,-79992.72126617433
NORBTEAEXP,2,1,0,99999.3979268074
NRAIL,1,0,0,0.0
NRBBEARING,2,1,0,99992.40185165405
NRL,0,0,0,0.0
NSIL,2,2,0,302281.6022949219
NTPC,1,0,0,0.0
NUCLEUS,1,1,0,99924.5516281128
NURECA,0,0,0,0.0
NUVOCO,1,0,0,0.0
NYKAA,0,0,0,0.0
OAL,0,0,0,0.0
OBCL,0,0,0,0.0
OBEROIRLTY,3,2,0,299363.39224243164
OCCL,1,0,0,0.0
OFSS,2,1,0,100003.19140625
OIL,1,0,0,0.0
OILCOUNTUB,2,1,1,-59917.640725898746
OLECTRA,2,2,0,309852.2896785736
OMAXAUTO,2,1,0,99963.75
OMAXE,1,0,0,0.0
OMINFRAL,1,0,0,0.0
OMKARCHEM,3,2,1,356.97925186157227
ONELIFECAP,3,1,2,-90697.77802276611
ONEPOINT,1,1,0,104460.8877568245
ONGC,1,0,0,0.0
ONMOBILE,2,1,1,-59959.63890304565
ONWARDTEC,3,2,0,299952.00088500977
OPTIEMUS,2,1,1,-59920.48267822266
ORBTEXP,1,0,0,0.0
ORCHPHARMA,3,1,1,-59933.35881652833
ORICONENT,1,0,0,0.0
ORIENTALTL,3,1,1,-58452.57824630737
ORIENTBELL,3,2,1,-20086.577520751947
ORIENTCEM,1,0,0,0.0
ORIENTELEC,1,1,0,99992.14700317383
ORIENTHOT,2,2,0,300439.7449474335
ORIENTLTD,2,1,0,102394.60182952881
ORIENTPPR,2,1,0,99999.46739983559
ORISSAMINE,1,1,0,98944.20263671875
ORTINLAB,1,1,0,99982.48700904846
OSIAHYPER,1,1,0,99997.5
OSWALAGRO,1,1,0,99999.25
OSWALGREEN,1,0,1,-79836.75219497681
OSWALSEEDS,1,1,0,101961.54350662231
PAGEIND,1,1,0,99889.0
PAISALO,2,2,0,301961.2882270813
PALASHSECU,1,1,0,103773.44451141357
PALREDTEC,4,3,0,715270.7923774719
PANACEABIO,3,2,0,299753.7553405762
PANACHE,2,1,0,99990.0
PANAMAPET,3,2,1,-19389.526023864746
PANSARI,2,1,0,99984.75
PAR,0,0,0,0.0
PARACABLES,2,2,0,299986.1050128937
PARADEEP,0,0,0,0.0
PARAGMILK,2,0,1,-79851.59899902344
PARAS,1,0,0,0.0
PARASPETRO,1,0,1,-74444.3731789112
PARSVNATH,2,1,1,-59947.18298964501
PASUPTAC,0,0,0,0.0
PATANJALI,3,1,2,-90574.95013427734
PATELENG,3,1,2,-91684.52191829681
PATINTLOG,2,0,1,-79996.66052246094
PAVNAIND,0,0,0,0.0
PAYTM,1,0,0,0.0
PCBL,2,2,0,300068.81628894806
PCJEWELLER,2,2,0,303967.02286338806
PDMJEPAPER,1,1,0,99980.39813041687
PDSL,1,1,0,99980.3977432251
PEARLPOLY,2,1,0,102510.69520187378
PEL,1,0,0,0.0
PENIND,1,1,0,99999.89798164368
PENINLAND,3,2,1,-19268.643686771393
PERSISTENT,2,1,0,99892.5
PETRONET,1,0,0,0.0
PFC,2,1,0,99958.55670166016
PFIZER,2,2,0,299728.5076904297
PFOCUS,2,2,0,300252.80407714844
PFS,2,1,0,100320.0
PGEL,2,2,0,301165.9878997803
PGHH,3,2,0,295508.09533691406
PGHL,1,1,0,99585.0980834961
PGIL,1,1,0,100135.65138244629
PHOENIXLTD,1,1,0,100294.19604492188
PIDILITIND,1,1,0,99678.0
PIGL,2,1,0,99997.10236930847
PIIND,1,0,0,0.0
PILANIINVS,2,1,0,99342.85607910156
PILITA,4,2,1,7830.2139194965275
PIONEEREMB,2,1,0,100566.40217971802
PITTIENG,3,3,0,720177.1113700867
PIXTRANS,0,0,0,0.0
PKTEA,1,0,0,0.0
PLASTIBLEN,2,1,0,99995.0
PNB,2,0,1,-79841.85556640624
PNBGILTS,1,1,0,99982.40120697021
PNBHOUSING,1,1,0,99874.64114379883
PNC,1,1,0,99997.49808311462
PNCINFRA,1,1,0,100092.89451599121
POCL,1,1,0,99996.00244522095
PODDARHOUS,1,0,0,0.0
PODDARMENT,0,0,0,0.0
POKARNA,2,1,0,99967.99865722656
POLICYBZR,0,0,0,0.0
POLYCAB,0,0,0,0.0
POLYMED,1,1,0,100851.29388427734
POLYPLEX,3,3,0,699491.25
PONNIERODE,3,2,0,302299.1937866211
POONAWALLA,4,3,1,64008.83613281249
POWERGRID,1,0,0,0.0
POWERINDIA,0,0,0,0.0
POWERMECH,1,1,0,99889.20263671875
PPAP,2,1,0,101044.5
PPL,1,1,0,100686.60279846191
PRAENG,1,1,0,104397.39640140533
PRAJIND,1,1,0,100649.59864807129
PRAKASH,4,3,0,699874.0908927917
PRAKASHSTL,4,1,2,-91795.74079406261
PRAXIS,1,0,0,0.0
PRECAM,3,1,1,-59831.52367324829
PRECOT,1,1,0,99946.0
PRECWIRE,1,1,0,100567.01775360107
PREMEXPLN,2,1,1,-58660.20807800292
PREMIERPOL,1,1,0,99990.0
PRESTIGE,2,2,0,299695.9078979492
PRICOLLTD,2,2,0,302545.5762767792
PRIMESECU,4,3,1,70016.51961603164
PRINCEPIPE,1,1,0,99924.29859924316
PRITI,1,1,0,99990.0
PRITIKAUTO,0,0,0,0.0
PRIVISCL,1,0,0,0.0
PROZONER,1,1,0,99987.4963760376
PRSMJOHNSN,1,0,0,0.0
PRUDENT,0,0,0,0.0
PSB,1,0,0,0.0
PSPPROJECT,1,0,0,0.0
PTC,2,1,0,99997.50127792358
PTL,1,0,0,0.0
PUNJABCHEM,4,2,1,-19467.40692138672
PURVA,2,2,0,302218.74713897705
PVP,2,1,1,-60001.110595417034
QUESS,1,0,0,0.0
QUICKHEAL,1,0,0,0.0
RADAAN,3,2,0,299998.5
RADICO,3,2,0,299654.79412841797
RADIOCITY,1,0,0,0.0
RAILTEL,1,0,0,0.0
RAIN,2,2,0,300120.00018310547
RAINBOW,0,0,0,0.0
RAJESHEXPO,2,1,0,99998.40151977539
RAJMET,0,0,0,0.0
RAJRATAN,0,0,0,0.0
RAJRILTD,2,1,1,-59992.500383377075
RAJSREESUG,2,2,0,314153.3785057068
RAJTV,2,1,0,102323.35289001465
RALLIS,1,0,0,0.0
RAMANEWS,2,0,1,-79999.79865264893
RAMASTEEL,2,1,1,-59901.25086784363
RAMCOCEM,2,1,0,99876.00341796875
RAMCOIND,3,2,0,301735.50609588623
RAMCOSYS,4,2,1,-19662.204701232928
RAMKY,3,1,1,-59992.80170288085
RANASUG,2,2,0,299995.45083236694
RANEENGINE,2,1,0,99965.94725036621
RANEHOLDIN,2,2,0,299940.6091308594
RATEGAIN,0,0,0,0.0
RATNAMANI,2,2,0,299956.1509399414
RAYMOND,3,3,0,700440.4013366699
RBA,1,0,0,0.0
RBL,3,2,0,299391.791015625
RBLBANK,2,0,1,-79794.71816406249
RCF,1,1,0,100131.21380615234
RECLTD,1,0,0,0.0
REDINGTON,0,0,0,0.0
REFEX,3,3,0,706244.2835044861
REGENCERAM,2,1,1,-59992.82165658474
RELAXO,2,2,0,302965.2050476074
RELCHEMQ,0,0,0,0.0
RELIANCE,1,1,0,100395.24884033203
RELIGARE,1,1,0,99962.00252532959
RELINFRA,2,1,1,-59588.598876953125
REMSONSIND,1,1,0,99996.0
RENUKA,2,1,1,-59324.64303588867
REPCOHOME,2,1,1,-57024.15872802734
REPL,2,1,0,99973.40364074707
REPRO,3,2,0,299858.6440887451
RESPONIND,2,1,0,99910.0
RGL,1,1,0,99971.526927948
RHFL,1,1,0,99998.4039735794
RHIM,2,2,0,301959.9153442383
RICOAUTO,2,2,0,300450.8969039917
RIIL,1,1,0,99958.5
RITCO,0,0,0,0.0
RITES,1,1,0,99820.80322265625
RKDL,1,0,0,0.0
RKEC,1,0,0,0.0
RKFORGE,4,3,0,700697.6559524536
RML,2,1,0,99970.0
ROHLTD,2,2,0,299928.15155029297
ROLEXRINGS,0,0,0,0.0
ROLLT,2,0,1,-79997.27780456544
ROML,2,1,1,-59747.0
ROSSARI,1,0,0,0.0
ROSSELLIND,1,1,0,99932.0
ROTO,1,0,0,0.0
ROUTE,0,0,0,0.0
RPGLIFE,2,2,0,299580.6112976074
RPOWER,2,1,1,-57889.60043649674
RPPINFRA,1,0,0,0.0
RPPL,1,1,0,99997.60039901733
RPSGVENT,2,1,0,99942.30178833008
RSSOFTWARE,1,0,1,-78967.35211486816
RSWM,2,2,0,300217.259185791
RSYSTEMS,1,1,0,101785.2085571289
RTNINDIA,3,3,0,699988.4996340275
RTNPOWER,4,2,1,-18638.1006360054
RUBYMILLS,2,2,0,301154.1562805176
RUCHINFRA,3,1,1,-59991.64967665673
RUCHIRA,3,2,1,-16819.283782958984
RUPA,1,1,0,99831.4457397461
RUSHIL,3,2,1,-18043.982159423816
RVHL,1,0,0,0.0
RVNL,0,0,0,0.0
S&SPOWER,0,0,0,0.0
SABEVENTS,2,1,1,-57364.2499333024
SADBHAV,3,1,1,-59813.03803710936
SADBHIN,0,0,0,0.0
SAFARI,0,0,0,0.0
SAGARDEEP,2,1,0,99999.99618530273
SAGCEM,2,1,0,99919.95434570312
SAIL,3,1,1,-59866.772875976574
SAKAR,0,0,0,0.0
SAKHTISUG,1,1,0,103504.50422286987
SAKSOFT,2,2,0,300628.18013620377
SAKUMA,1,1,0,99998.20120716095
SALASAR,1,1,0,99999.98783111572
SALONA,2,2,0,308943.98582458496
SALSTEEL,1,1,0,99998.99735093117
SALZERELEC,1,0,0,0.0
SAMBHAAV,4,4,0,1564506.5914728642
SAMPANN,1,0,1,-79999.83879852295
SANCO,1,0,0,0.0
SANDESH,1,0,0,0.0
SANDHAR,1,0,0,0.0
SANGAMIND,2,2,0,301935.9602622986
SANGHIIND,3,2,0,301981.0
SANGHVIMOV,3,2,1,-19627.64820098877
SANGINITA,1,0,1,-79930.36248779297
SANOFI,0,0,0,0.0
SANSERA,1,0,0,0.0
SAPPHIRE,0,0,0,0.0
SARDAEN,3,2,0,300436.3868865967
SAREGAMA,2,2,0,305197.9322719574
SARLAPOLY,1,1,0,99988.34789848328
SARVESHWAR,1,1,0,100322.46587991714
SASKEN,1,1,0,99649.2041015625
SASTASUNDR,4,3,0,706186.4442863464
SATIA,0,0,0,0.0
SATIN,2,1,1,-59761.303320312494
SBC,1,1,0,100759.96942520142
SBCL,0,0,0,0.0
SBICARD,1,0,0,0.0
SBILIFE,1,1,0,100275.14184570312
SBIN,2,1,0,99912.17222595215
SCHAEFFLER,1,1,0,99651.0
SCHAND,1,1,0,100193.75
SCHNEIDER,1,0,0,0.0
SCI,1,0,0,0.0
SDBL,1,0,0,0.0
SEAMECLTD,3,2,0,301469.64337158203
SECURCRED,1,1,0,99999.83981442451
SECURKLOUD,2,1,1,-58745.94131240844
SELAN,1,0,0,0.0
SELMC,3,2,1,8796.051696777344
SEMAC,2,2,0,302166.5827636719
SEPC,2,1,1,-58984.63922405243
SEQUENT,2,1,0,99932.17372894287
SERVOTECH,1,1,0,99999.718334198
SESHAPAPER,1,0,0,0.0
SETCO,2,1,1,-59993.99924468994
SEYAIND,2,0,1,-74972.61778564453
SFL,2,1,0,99998.25378417969
SGIL,0,0,0,0.0
SGL,2,2,0,345156.00944185257
SHAHALLOYS,1,1,0,99992.20443534851
SHAILY,0,0,0,0.0
SHAKTIPUMP,4,3,0,713049.4449157715
SHALBY,0,0,0,0.0
SHALPAINTS,3,3,0,711907.4403686523
SHANKARA,1,0,0,0.0
SHANTI,1,1,0,99991.99342346191
SHANTIGEAR,1,1,0,100083.09577941895
SHARDACROP,1,0,0,0.0
SHARDAMOTR,2,2,0,299580.78353881836
SHAREINDIA,0,0,0,0.0
SHEMAROO,1,0,0,0.0
SHILPAMED,2,1,0,100168.8988494873
SHIVALIK,1,0,0,0.0
SHIVAMAUTO,3,2,1,-19395.90914268492
SHIVAMILLS,1,0,0,0.0
SHIVATEX,2,2,0,305197.94329833984
SHK,0,0,0,0.0
SHOPERSTOP,1,1,0,99872.1889038086
SHRADHA,1,1,0,99985.71555709839
SHREDIGCEM,1,0,0,0.0
SHREECEM,2,1,0,99364.8046875
SHREEPUSHK,1,0,0,0.0
SHREERAMA,1,1,0,106327.24866986275
SHRENIK,2,0,1,-79993.28111572265
SHREYANIND,3,2,0,299977.5
SHREYAS,2,2,0,301009.4887390137
SHRIPISTON,1,0,0,0.0
SHRIRAMFIN,2,1,0,101889.65460205078
SHRIRAMPPS,1,0,0,0.0
SHYAMCENT,1,1,0,102893.20552825928
SHYAMMETL,0,0,0,0.0
SHYAMTEL,2,0,1,-79965.8
SIEMENS,2,2,0,301808.7253417969
SIGACHI,0,0,0,0.0
SIGIND,3,1,1,-59690.5
SIGMA,0,0,0,0.0
SIKKO,1,1,0,99992.5
SIL,1,0,0,0.0
SILGO,1,0,0,0.0
SILINV,2,2,0,299882.80223083496
SILLYMONKS,1,0,0,0.0
SILVERTUC,0,0,0,0.0
SIMBHALS,3,1,2,-91612.11863899231
SIMPLEXINF,3,1,1,-59990.535244750965
SINTERCOM,1,0,0,0.0
SIRCA,1,1,0,99947.10298156738
SIS,1,0,0,0.0
SIYSIL,3,2,0,299968.82469177246
SJS,0,0,0,0.0
SJVN,1,0,0,0.0
SKFINDIA,1,1,0,99871.79614257812
SKIPPER,1,0,1,-79354.66118164062
SKMEGGPROD,2,2,0,300519.3407020569
SMARTLINK,2,2,0,299828.6434555054
SMCGLOBAL,0,0,0,0.0
SMLISUZU,2,1,0,100021.59094238281
SMLT,0,0,0,0.0
SMSLIFE,1,0,0,0.0
SMSPHARMA,2,2,0,300815.4695148468
SNOWMAN,1,0,0,0.0
SOBHA,3,2,0,299345.8054199219
SOFTTECH,1,1,0,99990.0
SOLARA,1,0,0,0.0
SOLARINDS,1,1,0,99053.5
SOMANYCERA,3,1,1,-60002.18112487793
SOMATEX,1,1,0,99998.4039735794
SOMICONVEY,0,0,0,0.0
SONACOMS,0,0,0,0.0
SONAMLTD,1,1,0,99994.5
SONATSOFTW,3,2,0,299910.445274353
SOTL,2,1,0,99986.52047729492
SOUTHBANK,2,1,0,100270.11872673035
SOUTHWEST,2,2,0,299949.48395729065
SPAL,1,1,0,100465.1987915039
SPANDANA,1,0,0,0.0
SPARC,2,1,0,99985.3204498291
SPCENET,3,2,1,-7497.416049075124
SPECIALITY,2,2,0,299918.0
SPENCERS,1,0,0,0.0
SPIC,3,2,0,299940.95370292664
SPLIL,1,1,0,99992.8455581665
SPLPETRO,1,1,0,100376.39671325684
SPMLINFRA,2,1,1,-51962.201082229614
SPYL,3,1,1,-59997.573708713055
SREEL,2,2,0,299678.04512023926
SRF,1,1,0,99830.45928955078
SRHHYPOLTD,2,2,0,299845.9959259033
SRPL,1,1,0,99999.53598070145
SSWL,1,1,0,99985.9761428833
STAR,2,1,0,99577.56759643555
STARCEMENT,0,0,0,0.0
STARHEALTH,0,0,0,0.0
STARPAPER,2,1,0,100943.0970993042
STARTECK,0,0,0,0.0
STCINDIA,2,1,1,-59952.80066986084
STEELCAS,0,0,0,0.0
STEELCITY,1,1,0,102110.406955719
STEELXIND,2,1,0,101263.30741000175
STEL,3,2,0,299983.70271492004
STERTOOLS,2,1,0,99996.0
STLTECH,3,2,0,301726.08960723877
STOVEKRAFT,1,0,0,0.0
STYLAMIND,0,0,0,0.0
STYRENIX,1,1,0,99595.5
SUBEXLTD,4,1,2,-91972.43794631958
SUBROS,2,1,0,100676.79568481445
SUDARSCHEM,2,2,0,305444.1078643799
SUMICHEM,0,0,0,0.0
SUMIT,1,1,0,99996.0
SUMMITSEC,1,0,0,0.0
SUNDARAM,1,0,0,0.0
SUNDARMFIN,3,2,0,301296.7325439453
SUNDARMHLD,1,0,0,0.0
SUNDRMBRAK,3,3,0,699232.3973388672
SUNDRMFAST,2,2,0,299724.5
SUNFLAG,2,1,0,99987.20280456543
SUNPHARMA,1,0,0,0.0
SUNTECK,2,2,0,305763.3621368408
SUNTV,2,1,0,99634.0
SUPERHOUSE,1,0,0,0.0
SUPERSPIN,1,0,0,0.0
SUPRAJIT,2,1,0,99984.45192146301
SUPREMEENG,1,0,0,0.0
SUPREMEIND,1,1,0,99853.75
SUPREMEINF,3,0,2,-95815.96285247803
SUPRIYA,1,0,0,0.0
SURANASOL,1,1,0,99991.35368537903
SURANAT&P,1,1,0,102124.79391288757
SURYALAXMI,2,1,1,-59959.904777526855
SURYAROSNI,2,2,0,301936.94968414307
SURYODAY,1,0,0,0.0
SUTLEJTEX,0,0,0,0.0
SUULD,1,1,0,101970.01132965088
SUVEN,2,2,0,303221.51263427734
SUVENPHAR,1,0,0,0.0
SUVIDHAA,0,0,0,0.0
SUZLON,3,1,1,-59625.967277526855
SVLL,0,0,0,0.0
SVPGLOB,1,0,0,0.0
SWANENERGY,2,2,0,299886.2470779419
SWARAJENG,2,1,0,99965.25
SWELECTES,3,2,1,-17562.754321289045
SWSOLAR,2,1,0,99940.74722290039
SYMPHONY,1,0,0,0.0
SYNGENE,0,0,0,0.0
TAINWALCHM,2,2,0,299970.89743995667
TAJGVK,2,1,0,100600.80459594727
TAKE,2,1,1,-59565.65246276854
TALBROAUTO,2,2,0,299961.2003440857
TANLA,1,1,0,101796.01142120361
TARAPUR,1,0,0,0.0
TARC,0,0,0,0.0
TARMAT,2,2,0,302076.8649930954
TARSONS,0,0,0,0.0
TASTYBITE,1,0,0,0.0
TATACHEM,2,2,0,301940.33784484863
TATACOMM,3,2,0,299417.2230834961
TATACONSUM,1,1,0,99982.75
TATAELXSI,2,2,0,299130.8914794922
TATAINVEST,1,1,0,99520.19714355469
TATAMOTORS,4,2,1,-18957.935449218756
TATAMTRDVR,3,2,1,-19677.182269287092
TATAPOWER,1,1,0,100188.0
TATASTEEL,1,1,0,116166.7922744751
TATVA,0,0,0,0.0
TBZ,3,1,1,-59990.61335525513
TCI,1,1,0,100405.76501464844
TCIEXP,0,0,0,0.0
TCLCONS,3,1,1,-57298.660070085534
TCNSBRANDS,1,1,0,100227.5
TCPLPACK,0,0,0,0.0
TCS,2,1,0,100562.20874023438
TDPOWERSYS,1,1,0,100203.8458442688
TEAMLEASE,1,0,0,0.0
TECHIN,1,1,0,99998.25
TECHM,2,1,0,101012.10754394531
TECHNOE,2,1,0,99962.1033782959
TEGA,0,0,0,0.0
TEJASNET,1,1,0,99995.10307312012
TEMBO,1,0,0,0.0
TERASOFT,1,0,1,-79960.55903625488
TEXINFRA,3,2,0,303353.640625
TEXMOPIPES,3,2,1,-13246.122227001179
TEXRAIL,2,1,1,-57594.013568115246
TFCILTD,3,2,0,308410.6106529236
TFL,1,1,0,99992.19743728638
TGBHOTELS,4,2,2,-83926.49688796999
THANGAMAYL,3,2,0,300081.0405883789
THEINVEST,1,0,0,0.0
THEJO,1,1,0,99910.00314331055
THEMISMED,2,2,0,315396.66853523254
THERMAX,2,2,0,298640.1064453125
THOMASCOOK,2,1,0,100784.17779922485
THOMASCOTT,1,1,0,99998.39846801758
THYROCARE,2,1,0,99673.55181884766
TI,1,0,1,-79994.8811920166
TIDEWATER,2,1,0,111029.8822631836
TIIL,4,3,0,703808.1959838867
TIINDIA,1,1,0,99989.99862670898
TIJARIA,3,3,0,729258.5956802368
TIL,3,1,1,-59699.45203857421
TIMESGTY,2,1,1,-50064.301293182376
TIMETECHNO,2,1,0,101735.20599365234
TIMKEN,2,2,0,299984.8905029297
TIPSINDLTD,1,1,0,99996.68664836884
TIRUMALCHM,2,2,0,301957.65419483185
TIRUPATIFL,1,1,0,99998.98216724396
TITAGARH,3,2,1,-13886.122718429571
TITAN,2,2,0,307958.50158691406
TNPETRO,1,1,0,99993.603515625
TNPL,2,1,0,99975.0
TNTELE,2,1,0,99998.20120716095
TOKYOPLAST,1,1,0,99991.4982175827
TORNTPHARM,2,1,0,100120.55737304688
TORNTPOWER,2,1,0,99818.40121459961
TOTAL,1,1,0,110365.9546585083
TOUCHWOOD,2,2,0,299974.2700099945
TPHQ,3,1,1,-59046.25750362873
TPLPLASTEH,3,1,1,-59995.227977752686
TREEHOUSE,2,1,1,-58051.016595458976
TREJHARA,1,1,0,99999.0
TRENT,2,2,0,304072.43587493896
TRF,3,1,2,-90978.46967773436
TRIDENT,1,1,0,99998.98935508728
TRIGYN,2,2,0,304971.5040206909
TRIL,1,0,1,-79994.92198638916
TRITURBINE,1,1,0,99990.0
TRIVENI,2,2,0,299940.553730011
TTKHLTCARE,2,1,0,99708.00170898438
TTKPRESTIG,2,2,0,301093.0501098633
TTL,1,0,0,0.0
TTML,1,0,1,-79995.5913986206
TV18BRDCST,2,1,0,100542.99876403809
TVSELECT,2,2,0,299985.44468307495
TVSHLTD,0,0,0,0.0
TVSMOTOR,2,2,0,301447.4974517822
TVSSRICHAK,1,0,0,0.0
TVTODAY,2,2,0,299688.3040084839
TVVISION,1,1,0,99999.19829702377
UBL,2,1,0,99281.9970703125
UCOBANK,2,1,1,-59918.451751708984
UFLEX,2,2,0,299884.6010437012
UFO,2,0,1,-78532.34976196289
UGARSUGAR,2,2,0,299965.10149002075
UGROCAP,0,0,0,0.0
UJJIVANSFB,1,0,0,0.0
ULTRACEMCO,3,2,0,298383.7841796875
UMAEXPORTS,0,0,0,0.0
UMANGDAIRY,0,0,0,0.0
UMESLTD,3,1,1,-54112.707242012024
UNICHEMLAB,1,0,0,0.0
UNIDT,0,0,0,0.0
UNIENTER,1,1,0,99943.34787750244
UNIINFO,1,0,0,0.0
UNIONBANK,2,1,1,-59403.67989959718
UNITECH,5,2,2,-83654.8020917654
UNITEDPOLY,2,2,0,299978.4995918274
UNITEDTEA,1,1,0,99765.79748535156
UNIVAFOODS,1,0,1,-79996.07808074952
UNIVASTU,1,1,0,99998.8466720581
UNIVCABLES,2,2,0,300351.047416687
UNIVPHOTO,0,0,0,0.0
UNOMINDA,1,1,0,102898.60773468018
UPL,2,1,0,99932.23129272461
URAVI,1,1,0,99984.00146484375
URJA,2,2,0,309753.8373720646
USHAMART,1,1,0,99979.55242538452
UTIAMC,1,0,0,0.0
UTTAMSUGAR,2,2,0,299980.99298095703
V2RETAIL,2,1,1,-59704.93794250488
VADILALIND,1,1,0,99484.0
VAIBHAVGBL,3,2,0,299920.5841202736
VAISHALI,2,2,0,299992.75871276855
VAKRANGEE,1,1,0,99974.47099685669
VALIANTORG,1,0,0,0.0
VARDHACRLC,2,2,0,301150.2409591675
VARDMNPOLY,3,1,2,-90917.17595331669
VARROC,1,1,0,100165.05670166016
VASCONEQ,2,1,1,-58981.74120368957
VASWANI,3,2,1,-18092.695900917053
VBL,0,0,0,0.0
VCL,0,0,0,0.0
VEDL,4,2,1,-19497.259796142578
VENKEYS,2,1,0,99766.66369628906
VENUSPIPES,0,0,0,0.0
VENUSREM,1,0,1,-79891.2
VERANDA,0,0,0,0.0
VERTOZ,1,1,0,99955.04690551758
VESUVIUS,0,0,0,0.0
VETO,2,1,0,99971.55409240723
VGUARD,2,1,0,100358.04542541504
VHL,2,2,0,299550.0
VIDHIING,0,0,0,0.0
VIJAYA,0,0,0,0.0
VIJIFIN,2,1,1,-59998.50725841522
VIKASECO,4,3,1,90219.62072315218
VIKASLIFE,1,0,0,0.0
VIMTALABS,3,3,0,700059.3520393372
VINATIORGA,2,2,0,301504.10080718994
VINDHYATEL,3,2,0,302129.9078063965
VINEETLAB,0,0,0,0.0
VINNY,1,1,0,99999.95708465576
VINYLINDIA,2,2,0,299961.2910232544
VIPCLOTHNG,3,2,1,-19417.62564086914
VIPIND,2,1,0,99938.4467010498
VIPULLTD,2,1,0,103111.50742149353
VISAKAIND,3,2,0,301432.98041152954
VISESHINFO,2,1,1,-54999.92317891121
VISHNU,1,1,0,104077.87815856934
VISHWARAJ,0,0,0,0.0
VIVIDHA,5,3,2,-55688.5338682592
VLSFINANCE,3,3,0,709469.3751411438
VMART,4,3,0,712576.0487670898
VOLTAMP,2,2,0,299013.4030761719
VOLTAS,3,3,0,702499.0274124146
VRLLOG,1,0,0,0.0
VSSL,2,2,0,306164.14523792267
VSTIND,2,1,0,99521.5
VSTTILLERS,2,1,0,100325.50415039062
VTL,3,2,0,299843.6268348694
WABAG,2,1,1,-59364.00670166014
WALCHANNAG,3,1,1,-59552.845782470715
WANBURY,2,2,0,301788.4666557312
WEALTH,1,1,0,99997.18016052246
WEBELSOLAR,3,2,1,-11135.446311950684
WEIZMANIND,2,2,0,299997.4918422699
WEL,1,1,0,99956.4375
WELCORP,3,2,1,-19511.020474243167
WELENT,2,1,0,101719.80821228027
WELINV,2,2,0,303725.4965209961
WELSPUNLIV,3,2,0,299964.243721962
WENDT,2,2,0,297361.9104003906
WESTLIFE,0,0,0,0.0
WEWIN,1,1,0,99997.32899856567
WHEELS,1,0,0,0.0
WHIRLPOOL,2,1,0,99865.60229492188
WILLAMAGOR,3,1,1,-59950.85878143311
WINDLAS,1,0,0,0.0
WINDMACHIN,3,2,1,-18320.34117355346
WINSOME,4,1,2,-89469.28260104657
WIPL,1,1,0,99944.0
WIPRO,3,2,0,299763.55448913574
WOCKPHARMA,3,1,1,-58754.00833129883
WONDERLA,1,0,0,0.0
WORTH,1,0,0,0.0
WSI,1,1,0,105555.44205272198
WSTCSTPAPR,2,2,0,300549.0928955078
XCHANGING,4,2,1,-11090.459815216062
XELPMOC,0,0,0,0.0
XPROINDIA,1,1,0,99997.29774284363
YAARI,2,0,2,-95506.16089782714
YESBANK,3,1,1,-59977.74614105222
YUKEN,1,0,0,0.0
ZEEL,2,1,0,100194.64876556396
ZEELEARN,2,1,0,101179.19819641113
ZEEMEDIA,3,2,1,-19995.686309909826
ZENITHEXPO,2,2,0,311414.3369293213
ZENITHSTL,1,0,1,-79999.04173393249
ZENSARTECH,2,2,0,299871.89753723145
ZENTEC,2,1,0,99979.19760131836
ZFCVINDIA,2,1,0,99768.0
ZODIAC,1,1,0,99996.0
ZODIACLOTH,2,1,0,99879.0
ZOMATO,0,0,0,0.0
ZOTA,0,0,0,0.0
ZUARI,2,2,0,299903.3044281006
ZUARIIND,1,0,1,-79535.40283203125
ZYDUSLIFE,2,1,0,99883.80194091797
ZYDUSWELL,1,0,0,0.0
