Ticker,Total Trades,Profitable Trades,Losing Trades,Total Profit/Loss,Profit Percentage,Buy Prices,Sell Prices
360ONE,0,0,0,0,0.0,,
3MINDIA,2,2,0,21549,21.55,"3315.10009765625, 6297.14990234375","3544.050048828125, 11123.099609375"
AARTIDRUGS,3,1,2,94264,94.26,"14.706250190734863, 26.056249618530273, 173.2375030517578","14.118749618530273, 115.4625015258789, 125.57499694824219"
AARTIIND,0,0,0,0,0.0,,
AAVAS,0,0,0,0,0.0,,
ABB,1,0,1,-2623,-2.62,1061.059814453125,962.103271484375
ABCAPITAL,0,0,0,0,0.0,,
ABFRL,1,0,1,-1160,-1.16,268.3999938964844,256.6499938964844
ACC,2,0,2,-10849,-10.85,"1673.449951171875, 2394.10009765625","1334.8499755859375, 1968.300048828125"
ACCELYA,1,0,1,-4699,-4.7,112.30000305175781,95.9000015258789
ACE,1,0,1,-1742,-1.74,37.849998474121094,35.349998474121094
ADANIENT,3,1,2,-1970,-1.97,"82.57693481445312, 72.14656829833984, 110.91464233398438","81.15148162841797, 49.504276275634766, 137.60000610351562"
ADANIGREEN,0,0,0,0,0.0,,
ADANIPORTS,3,2,1,13916,13.92,"188.1999969482422, 398.0, 509.70001220703125","268.0, 328.8999938964844, 612.6500244140625"
ADANIPOWER,0,0,0,0,0.0,,
ADFFOODS,0,0,0,0,0.0,,
ADVENZYMES,1,0,1,-61,-0.06,316.6000061035156,315.20001220703125
AEGISCHEM,3,1,2,203557,203.56,"36.494998931884766, 24.1200008392334, 304.20001220703125","22.30500030517578, 198.6999969482422, 227.60000610351562"
AFFLE,0,0,0,0,0.0,,
AGI,4,1,3,-7969,-7.97,"33.8677978515625, 98.49689483642578, 141.6842041015625, 153.14999389648438","34.04728698730469, 72.6507797241211, 94.2168197631836, 203.3000030517578"
AHLUCONT,0,0,0,0,0.0,,
AIAENG,1,1,0,33423,33.42,419.3999938964844,878.0
AJANTPHARM,1,1,0,1895985,1895.98,16.288888931274414,1046.5333251953125
AJMERA,1,0,1,-10488,-10.49,328.95001220703125,230.39999389648438
AKZOINDIA,1,0,1,-2144,-2.14,865.5999755859375,809.3499755859375
ALEMBICLTD,4,2,2,12309,12.31,"33.45622253417969, 17.850000381469727, 65.0999984741211, 81.0","11.399999618530273, 39.45000076293945, 39.54999923706055, 99.0999984741211"
ALICON,2,0,2,-20114,-20.11,"110.0999984741211, 814.2999877929688","60.0, 676.7999877929688"
ALKEM,1,1,0,9409,9.41,2325.85009765625,3149.050048828125
ALKYLAMINE,0,0,0,0,0.0,,
ALLCARGO,1,1,0,4911,4.91,29.806249618530273,34.17499923706055
ALOKINDS,0,0,0,0,0.0,,
AMBER,0,0,0,0,0.0,,
AMBUJACEM,2,1,1,5427,5.43,"140.10000610351562, 309.04998779296875","167.5, 299.25"
AMRUTANJAN,2,0,2,-10701,-10.7,"217.9499969482422, 440.29998779296875","189.10000610351562, 329.95001220703125"
ANANTRAJ,2,1,1,-6325,-6.33,"26.692760467529297, 49.54999923706055","19.60413932800293, 53.650001525878906"
ANDHRAPAP,1,0,1,-2460,-2.46,204.25,180.0500030517578
ANGELONE,0,0,0,0,0.0,,
ANUP,0,0,0,0,0.0,,
ANURAS,0,0,0,0,0.0,,
APARINDS,1,1,0,32212,32.21,340.0,705.5
APCOTEXIND,1,1,0,1786,1.79,392.1499938964844,417.1000061035156
APLAPOLLO,0,0,0,0,0.0,,
APLLTD,0,0,0,0,0.0,,
APOLLO,0,0,0,0,0.0,,
APOLLOHOSP,1,1,0,86269,86.27,341.5,1313.4000244140625
APOLLOPIPE,0,0,0,0,0.0,,
APOLLOTYRE,2,0,2,-11455,-11.45,"64.9000015258789, 253.39999389648438","51.20000076293945, 212.25"
ARMANFIN,0,0,0,0,0.0,,
ARVIND,2,1,1,4188,4.19,"19.924598693847656, 120.75","27.31092071533203, 92.3499984741211"
ARVINDFASN,0,0,0,0,0.0,,
ARVSMART,0,0,0,0,0.0,,
ASAHIINDIA,3,2,1,35207,35.21,"108.15283203125, 126.94999694824219, 357.95001220703125","67.89727783203125, 279.79998779296875, 481.8500061035156"
ASHAPURMIN,1,0,1,-6336,-6.34,117.0,90.9000015258789
ASHIANA,1,0,1,-7339,-7.34,170.4499969482422,129.0500030517578
ASHOKA,1,1,0,1925,1.93,85.5,90.80000305175781
ASHOKLEY,2,1,1,7355,7.35,"31.825000762939453, 52.400001525878906","23.375, 79.5999984741211"
ASIANPAINT,0,0,0,0,0.0,,
ASTEC,2,2,0,227237,227.24,"62.70000076293945, 1142.550048828125","522.7999877929688, 1381.949951171875"
ASTERDM,0,0,0,0,0.0,,
ASTRAL,1,0,1,-6202,-6.2,16.12800407409668,12.519002914428711
ASTRAMICRO,0,0,0,0,0.0,,
ASTRAZEN,2,2,0,46726,46.73,"923.25, 1563.8499755859375","1522.5999755859375, 3009.300048828125"
ATGL,0,0,0,0,0.0,,
ATUL,1,1,0,6925,6.93,108.1500015258789,134.39999389648438
AUBANK,0,0,0,0,0.0,,
AURIONPRO,1,0,1,-10213,-10.21,231.88650512695312,146.9346466064453
AUROPHARMA,3,1,2,111467,111.47,"95.2249984741211, 146.77499389648438, 980.8499755859375","84.94999694824219, 740.7999877929688, 727.2999877929688"
AUTOAXLES,3,1,2,-4192,-4.19,"708.5499877929688, 1438.5999755859375, 1571.0999755859375","585.4500122070312, 1125.25, 2055.60009765625"
AVANTIFEED,0,0,0,0,0.0,,
AXISBANK,2,0,2,-6950,-6.95,"246.47000122070312, 563.9500122070312","214.5500030517578, 510.5"
AXISCADES,2,1,1,-12389,-12.39,"23.100000381469727, 179.6999969482422","13.300000190734863, 188.0"
BAJAJ-AUTO,1,1,0,12894,12.89,1046.675048828125,1511.4000244140625
BAJAJCON,1,0,1,-4247,-4.25,476.54998779296875,405.29998779296875
BAJAJELEC,3,1,2,1861,1.86,"269.8889465332031, 300.8763732910156, 1083.0902099609375","186.5213165283203, 420.69439697265625, 1046.814697265625"
BAJAJFINSV,0,0,0,0,0.0,,
BAJAJHIND,1,0,1,-10750,-10.75,15.899999618530273,9.949999809265137
BAJAJHLDNG,0,0,0,0,0.0,,
BAJFINANCE,1,1,0,34,0.03,59.59679412841797,58.892398834228516
BALAMINES,2,1,1,45315,45.32,"34.90999984741211, 1124.4000244140625","34.29999923706055, 3025.0"
BALKRISIND,2,2,0,15672,15.67,"74.892578125, 1646.300048828125","100.7630386352539, 1822.550048828125"
BALMLAWRIE,1,0,1,-3769,-3.77,59.766666412353516,50.83333206176758
BALRAMCHIN,1,0,1,-8795,-8.79,118.80000305175781,83.3499984741211
BANARISUG,1,1,0,6425,6.42,2196.800048828125,2650.60009765625
BANCOINDIA,1,0,1,-8840,-8.84,143.75,101.25
BANDHANBNK,0,0,0,0,0.0,,
BANKBARODA,1,0,1,-7339,-7.34,193.14999389648438,144.14999389648438
BANKINDIA,0,0,0,0,0.0,,
BARBEQUE,0,0,0,0,0.0,,
BASF,2,2,0,17207,17.21,"346.95001220703125, 2599.300048828125","534.2999877929688, 2661.25"
BATAINDIA,2,2,0,67931,67.93,"143.02499389648438, 734.25","373.7749938964844, 1231.0999755859375"
BAYERCROP,0,0,0,0,0.0,,
BBL,0,0,0,0,0.0,,
BBOX,2,1,1,17660,17.66,"37.849998474121094, 84.43000030517578","23.780000686645508, 168.3800048828125"
BBTC,1,0,1,-9738,-9.74,111.22000122070312,74.56999969482422
BDL,0,0,0,0,0.0,,
BECTORFOOD,0,0,0,0,0.0,,
BEL,1,1,0,14178,14.18,21.046968460083008,31.21060562133789
BEML,2,1,1,5344,5.34,"668.5324096679688, 1096.5767822265625","796.2509155273438, 1056.99365234375"
BEPL,3,0,3,-26698,-26.7,"27.600000381469727, 15.866665840148926, 117.56666564941406","20.16666603088379, 10.666666030883789, 86.0999984741211"
BERGEPAINT,1,1,0,6966,6.97,20.37202262878418,25.699403762817383
BFINVEST,1,1,0,15337,15.34,82.55000305175781,124.0
BFUTILITIE,0,0,0,0,0.0,,
BHARATFORG,4,1,3,-4813,-4.81,"188.5749969482422, 313.0, 731.5, 767.2000122070312","153.875, 429.67498779296875, 601.0999755859375, 651.7999877929688"
BHARATRAS,1,1,0,592,0.59,86.19999694824219,80.19999694824219
BHARTIARTL,2,0,2,-11426,-11.43,"365.189453125, 447.4291687011719","319.3154602050781, 336.709716796875"
BHEL,1,0,1,-2825,-2.82,327.9599914550781,293.8666687011719
BIOCON,2,1,1,775,0.78,"51.59166717529297, 76.40833282470703","55.15833282470703, 73.96666717529297"
BIRLACORPN,3,2,1,-2242,-2.24,"369.70001220703125, 379.54998779296875, 949.8499755859375","321.3999938964844, 391.45001220703125, 974.5"
BLKASHYAP,1,0,1,-9802,-9.8,15.449999809265137,10.649999618530273
BLS,0,0,0,0,0.0,,
BLUEDART,2,2,0,111952,111.95,"1119.6500244140625, 6012.64990234375","5349.25, 6315.5"
BLUESTARCO,1,0,1,-1994,-1.99,173.02499389648438,156.4250030517578
BOMDYEING,1,0,1,-5683,-5.68,194.25,167.75
BOROLTD,0,0,0,0,0.0,,
BORORENEW,0,0,0,0,0.0,,
BOSCHLTD,1,1,0,11450,11.45,5976.10009765625,8251.650390625
BPCL,0,0,0,0,0.0,,
BRIGADE,0,0,0,0,0.0,,
BRITANNIA,0,0,0,0,0.0,,
BSE,1,1,0,10775,10.77,399.4666748046875,544.9000244140625
BSHSL,0,0,0,0,0.0,,
BSOFT,3,1,2,5921,5.92,"51.14476776123047, 131.5373077392578, 245.6999969482422","45.51899719238281, 114.30000305175781, 353.25"
CAMS,0,0,0,0,0.0,,
CANBK,1,1,0,4231,4.23,79.79660034179688,89.27998352050781
CANFINHOME,0,0,0,0,0.0,,
CANTABIL,0,0,0,0,0.0,,
CAPACITE,0,0,0,0,0.0,,
CAPLIPOINT,1,1,0,5905,5.9,597.4500122070312,713.2999877929688
CARBORUNIV,1,1,0,11270,11.27,105.9000015258789,148.8000030517578
CARERATING,0,0,0,0,0.0,,
CARYSIL,0,0,0,0,0.0,,
CCL,2,1,1,-859,-0.86,"33.25, 402.8500061035156","17.985000610351562, 572.7999877929688"
CDSL,1,1,0,38271,38.27,489.70001220703125,1115.300048828125
CEATLTD,0,0,0,0,0.0,,
CENTRALBK,1,0,1,-11009,-11.01,105.9000015258789,67.8499984741211
CENTUM,2,1,1,53173,53.17,"155.89999389648438, 582.3499755859375","484.8999938964844, 422.70001220703125"
CENTURYPLY,2,1,1,5291,5.29,"170.64999389648438, 397.8999938964844","149.5, 514.5"
CENTURYTEX,0,0,0,0,0.0,,
CERA,1,1,0,1538,1.54,3907.300048828125,4132.75
CESC,2,1,1,12175,12.17,"33.43196487426758, 77.97350311279297","49.18736267089844, 73.69126892089844"
CGCL,0,0,0,0,0.0,,
CGPOWER,2,0,2,-9253,-9.25,"95.81119537353516, 69.67141723632812","84.7767105102539, 56.29838562011719"
CHALET,0,0,0,0,0.0,,
CHAMBLFERT,2,1,1,380,0.38,"80.05000305175781, 237.75","75.75, 266.1499938964844"
CHENNPETRO,1,1,0,13963,13.96,222.89999389648438,327.3500061035156
CHOLAFIN,1,0,1,-6819,-6.82,37.869998931884766,29.459999084472656
CHOLAHLDNG,2,1,1,-3081,-3.08,"80.93643188476562, 684.2999877929688","82.994140625, 593.2000122070312"
CIEINDIA,1,1,0,10449,10.45,116.1500015258789,158.0
CIGNITITEC,1,0,1,-7540,-7.54,572.2999877929688,429.75
CIPLA,3,2,1,3000,3.0,"279.8999938964844, 414.25, 825.9000244140625","299.6499938964844, 384.29998779296875, 906.4000244140625"
COALINDIA,0,0,0,0,0.0,,
COCHINSHIP,0,0,0,0,0.0,,
COFORGE,1,0,1,-9017,-9.02,219.39999389648438,179.75
COLPAL,1,1,0,2657,2.66,1064.6500244140625,1152.3499755859375
CONCOR,1,0,1,-1428,-1.43,276.54400634765625,257.17333984375
CONFIPET,0,0,0,0,0.0,,
COROMANDEL,2,1,1,2295,2.3,"419.6000061035156, 644.2999877929688","393.6000061035156, 740.2000122070312"
CRAFTSMAN,0,0,0,0,0.0,,
CREDITACC,0,0,0,0,0.0,,
CRISIL,1,1,0,18776,18.78,552.7949829101562,884.3499755859375
CROMPTON,0,0,0,0,0.0,,
CSBBANK,0,0,0,0,0.0,,
CUB,1,0,1,-206,-0.21,31.254934310913086,31.004608154296875
CUMMINSIND,1,0,1,-2679,-2.68,454.5714416503906,422.8571472167969
CUPID,0,0,0,0,0.0,,
CYIENT,2,0,2,-9628,-9.63,"641.8499755859375, 1062.75","598.5999755859375, 783.4000244140625"
DABUR,1,1,0,12180,12.18,68.82499694824219,95.30000305175781
DALBHARAT,0,0,0,0,0.0,,
DALMIASUG,0,0,0,0,0.0,,
DATAMATICS,3,1,2,837,0.84,"39.70000076293945, 128.5, 314.3999938964844","52.650001525878906, 102.1500015258789, 277.04998779296875"
DBCORP,1,1,0,3505,3.5,294.8999938964844,327.5
DBL,0,0,0,0,0.0,,
DBREALTY,1,1,0,21042,21.04,35.900001525878906,59.599998474121094
DCAL,0,0,0,0,0.0,,
DCBBANK,1,1,0,13566,13.57,60.400001525878906,86.80000305175781
DCMSHRIRAM,2,0,2,-7834,-7.83,"68.44999694824219, 912.0","52.099998474121094, 871.9500122070312"
DEEPAKFERT,2,1,1,6650,6.65,"172.8815460205078, 393.95001220703125","143.64779663085938, 548.7000122070312"
DEEPAKNTR,0,0,0,0,0.0,,
DELTACORP,1,0,1,-10955,-10.96,263.1499938964844,166.4499969482422
DEN,0,0,0,0,0.0,,
DHANI,1,1,0,62415,62.41,110.48796844482422,340.25
DHANUKA,1,0,1,-1285,-1.29,769.0999755859375,739.0
DIACABS,0,0,0,0,0.0,,
DIAMONDYD,0,0,0,0,0.0,,
DISHTV,1,0,1,-12629,-12.63,116.05000305175781,67.75
DIVISLAB,1,1,0,42844,42.84,1482.6500244140625,3591.300048828125
DIXON,0,0,0,0,0.0,,
DLF,2,1,1,-5047,-5.05,"193.35000610351562, 302.5","162.5500030517578, 312.70001220703125"
DMART,0,0,0,0,0.0,,
DOLATALGO,0,0,0,0,0.0,,
DOLLAR,1,0,1,-1236,-1.24,447.04998779296875,428.3999938964844
DOLPHIN,0,0,0,0,0.0,,
DPABHUSHAN,0,0,0,0,0.0,,
DREDGECORP,2,0,2,-6736,-6.74,"446.20001220703125, 579.6500244140625","357.8999938964844, 558.25"
DRREDDY,1,1,0,12178,12.18,1146.5999755859375,1614.949951171875
DYNAMATECH,1,0,1,-2967,-2.97,2119.64990234375,1969.4000244140625
E2E,0,0,0,0,0.0,,
EASEMYTRIP,0,0,0,0,0.0,,
ECLERX,2,1,1,15983,15.98,"542.6001586914062, 1509.300048828125","898.7000122070312, 1319.699951171875"
EDELWEISS,0,0,0,0,0.0,,
EICHERMOT,1,1,0,1439909,1439.91,56.78499984741211,2779.85498046875
EIDPARRY,1,1,0,17042,17.04,317.79998779296875,502.3500061035156
EIHAHOTELS,2,1,1,18938,18.94,"183.8000030517578, 438.0","325.79998779296875, 391.3999938964844"
EIHOTEL,1,0,1,-1847,-1.85,110.63661193847656,105.24209594726562
ELECON,1,0,1,-10909,-10.91,68.30000305175781,42.95000076293945
ELECTCAST,2,0,2,-15467,-15.47,"36.400001525878906, 37.150001525878906","23.799999237060547, 31.100000381469727"
ELGIEQUIP,1,1,0,10619,10.62,26.125,35.42499923706055
EMAMILTD,1,0,1,-7560,-7.56,597.2000122070312,447.1499938964844
ENDURANCE,1,0,1,-6314,-6.31,1662.8499755859375,1318.25
ENGINERSIN,1,0,1,-4867,-4.87,158.10000610351562,131.5
EPL,2,2,0,116771,116.77,"25.450000762939453, 179.9499969482422","119.6500015258789, 214.8000030517578"
EQUITASBNK,0,0,0,0,0.0,,
ERIS,1,0,1,-3565,-3.56,760.5499877929688,667.2000122070312
ESABINDIA,3,0,3,-15321,-15.32,"589.25, 662.0499877929688, 889.0","501.70001220703125, 567.8499755859375, 650.8499755859375"
ESCORTS,3,1,2,-12168,-12.17,"195.6999969482422, 126.44999694824219, 1403.8499755859375","131.4499969482422, 111.3499984741211, 1444.800048828125"
EVEREADY,3,1,2,56731,56.73,"72.55000305175781, 67.5, 366.6000061035156","55.099998474121094, 220.85000610351562, 319.1499938964844"
EXIDEIND,1,0,1,-3321,-3.32,166.0500030517578,148.3000030517578
FACT,1,1,0,4439,4.44,83.5999984741211,96.4000015258789
FCL,0,0,0,0,0.0,,
FDC,3,2,1,31617,31.62,"57.20000076293945, 122.1500015258789, 343.45001220703125","87.55000305175781, 203.89999389648438, 285.1000061035156"
FEDERALBNK,2,1,1,-4035,-4.04,"34.005001068115234, 112.8499984741211","36.81999969482422, 89.19999694824219"
FIEMIND,1,0,1,-7835,-7.84,88.94999694824219,73.125
FILATEX,2,1,1,137279,137.28,"3.8450000286102295, 49.67499923706055","21.799999237060547, 47.599998474121094"
FINCABLES,0,0,0,0,0.0,,
FINEORG,0,0,0,0,0.0,,
FINPIPE,3,2,1,21513,21.51,"23.25, 25.809999465942383, 151.25","14.989999771118164, 51.400001525878906, 157.0"
FLUOROCHEM,0,0,0,0,0.0,,
FMGOETZE,1,0,1,-7647,-7.65,407.75,305.0
FORTIS,1,1,0,10140,10.14,199.14999389648438,267.25
FOSECOIND,1,1,0,1215,1.21,1100.050048828125,1089.0
FSL,2,2,0,15612,15.61,"24.25, 113.9000015258789","34.75, 125.05000305175781"
GABRIEL,2,1,1,31474,31.47,"31.200000762939453, 32.650001525878906","20.299999237060547, 75.80000305175781"
GAEL,1,1,0,9436,9.44,86.80000305175781,114.125
GAIL,1,0,1,-8182,-8.18,99.1500473022461,72.71253967285156
GALAXYSURF,0,0,0,0,0.0,,
GALLANTT,1,0,1,-4557,-4.56,75.19999694824219,63.5
GANECOS,0,0,0,0,0.0,,
GANESHHOUC,2,0,2,-17793,-17.79,"104.16666412353516, 143.6999969482422","69.03333282470703, 103.5"
GENESYS,2,2,0,27124,27.12,"119.69999694824219, 316.6000061035156","195.35000610351562, 392.1000061035156"
GENUSPOWER,1,1,0,29758,29.76,19.25,39.150001525878906
GEOJITFSL,2,0,2,-23023,-23.02,"108.25, 87.25","73.69999694824219, 50.099998474121094"
GEPIL,3,1,2,-6202,-6.2,"756.9500122070312, 530.6500244140625, 850.0","580.6500244140625, 579.7999877929688, 768.8499755859375"
GESHIP,0,0,0,0,0.0,,
GHCL,2,2,0,85290,85.29,"58.95000076293945, 394.5","210.5, 503.54998779296875"
GICRE,0,0,0,0,0.0,,
GILLETTE,2,2,0,23725,23.72,"1412.75, 3417.25","2105.10009765625, 4469.39990234375"
GIPCL,1,0,1,-8578,-8.58,105.19999694824219,75.80000305175781
GLAND,0,0,0,0,0.0,,
GLAXO,2,2,0,19936,19.94,"776.0250244140625, 1215.675048828125","1045.5, 1657.4749755859375"
GLENMARK,0,0,0,0,0.0,,
GLOBUSSPR,1,1,0,54312,54.31,310.95001220703125,878.5999755859375
GMDCLTD,1,0,1,-9166,-9.17,175.0500030517578,123.05000305175781
GMMPFAUDLR,0,0,0,0,0.0,,
GMRINFRA,0,0,0,0,0.0,,
GNFC,2,2,0,51384,51.38,"138.85000610351562, 460.6000061035156","349.45001220703125, 550.4000244140625"
GOCLCORP,0,0,0,0,0.0,,
GODFRYPHLP,2,1,1,16760,16.76,"380.0, 939.75","603.1599731445312, 928.9500122070312"
GODREJAGRO,1,0,1,-7875,-7.88,697.2000122070312,517.75
GODREJCP,2,1,1,8037,8.04,"81.23332977294922, 1099.300048828125","128.53334045410156, 767.9500122070312"
GODREJIND,1,0,1,-7612,-7.61,628.2999877929688,464.0
GODREJPROP,1,0,1,-6033,-6.03,329.1000061035156,267.3500061035156
GOKEX,0,0,0,0,0.0,,
GOKULAGRO,0,0,0,0,0.0,,
GOODLUCK,0,0,0,0,0.0,,
GPIL,2,2,0,22569,22.57,"41.974998474121094, 240.78750610351562","72.51249694824219, 249.6999969482422"
GPPL,1,1,0,11213,11.21,117.05000305175781,161.35000610351562
GRANULES,2,1,1,1332,1.33,"18.450000762939453, 202.60000610351562","10.425000190734863, 300.6000061035156"
GRAPHITE,3,1,2,70833,70.83,"95.19999694824219, 109.8499984741211, 164.14999389648438","88.0, 77.69999694824219, 565.5499877929688"
GRASIM,1,0,1,-3650,-3.65,1492.814208984375,1315.5191650390625
GRAVITA,1,0,1,-10009,-10.01,131.10000610351562,89.19999694824219
GREAVESCOT,3,0,3,-9965,-9.96,"86.38999938964844, 132.9499969482422, 190.9499969482422","79.5, 128.9499969482422, 149.64999389648438"
GREENLAM,1,1,0,4833,4.83,271.67999267578125,312.70001220703125
GREENPANEL,0,0,0,0,0.0,,
GREENPLY,1,0,1,-4336,-4.34,206.0500030517578,171.10000610351562
GREENPOWER,1,0,1,-18088,-18.09,17.863035202026367,7.9647040367126465
GRINDWELL,1,1,0,348,0.35,103.0999984741211,108.75
GRSE,0,0,0,0,0.0,,
GSFC,2,1,1,303,0.3,"58.599998474121094, 131.14999389648438","66.55000305175781, 114.0999984741211"
GSPL,2,1,1,12630,12.63,"102.30000305175781, 118.80000305175781","89.9000015258789, 178.4499969482422"
GTLINFRA,0,0,0,0,0.0,,
GUFICBIO,2,2,0,115066,115.07,"20.200000762939453, 182.0500030517578","95.25, 212.0500030517578"
GUJALKALI,2,2,0,27973,27.97,"274.6000061035156, 689.8499755859375","531.6500244140625, 686.9000244140625"
GUJGASLTD,0,0,0,0,0.0,,
GULFOILLUB,0,0,0,0,0.0,,
HAL,0,0,0,0,0.0,,
HAPPSTMNDS,0,0,0,0,0.0,,
HATHWAY,0,0,0,0,0.0,,
HATSUN,1,1,0,9529,9.53,683.1423950195312,908.1896362304688
HAVELLS,1,0,1,-5083,-5.08,80.15499877929688,67.01000213623047
HBLPOWER,2,0,2,-16309,-16.31,"34.900001525878906, 71.94999694824219","29.600000381469727, 44.150001525878906"
HCC,1,0,1,-3247,-3.25,15.699999809265137,14.0
HCG,1,1,0,4363,4.36,225.60000610351562,262.45001220703125
HCLTECH,2,1,1,-3597,-3.6,"95.63749694824219, 526.375","102.2874984741211, 436.3999938964844"
HDFCAMC,0,0,0,0,0.0,,
HDFCBANK,1,1,0,4615,4.62,200.0449981689453,221.25
HDFCLIFE,0,0,0,0,0.0,,
HEG,2,1,1,74786,74.79,"302.6000061035156, 689.0999755859375","215.75, 2393.050048828125"
HEIDELBERG,0,0,0,0,0.0,,
HEMIPROP,0,0,0,0,0.0,,
HERITGFOOD,1,1,0,120454,120.45,61.8043212890625,309.5413818359375
HEROMOTOCO,2,1,1,20720,20.72,"929.7000122070312, 2597.14990234375","1633.0999755859375, 2328.89990234375"
HFCL,3,1,2,-21248,-21.25,"19.649999618530273, 18.149999618530273, 67.5","12.100000381469727, 12.0, 69.30000305175781"
HGINFRA,0,0,0,0,0.0,,
HGS,3,1,2,1831,1.83,"276.25, 348.8500061035156, 863.0999755859375","262.5, 333.625, 960.2000122070312"
HIKAL,1,0,1,-9385,-9.38,490.8500061035156,330.45001220703125
HIL,3,1,2,-5987,-5.99,"411.70001220703125, 641.7000122070312, 4615.10009765625","442.0, 564.5499877929688, 3780.300048828125"
HINDALCO,3,0,3,-9872,-9.87,"210.5, 219.64999389648438, 394.25","180.5500030517578, 213.39999389648438, 338.6499938964844"
HINDCOPPER,2,0,2,-19365,-19.37,"94.9000015258789, 154.8000030517578","62.900001525878906, 105.0999984741211"
HINDOILEXP,2,1,1,1253,1.25,"82.19999694824219, 182.4499969482422","109.4000015258789, 133.0500030517578"
HINDPETRO,1,1,0,57997,58.0,117.86666870117188,344.8500061035156
HINDUNILVR,0,0,0,0,0.0,,
HINDWAREAP,0,0,0,0,0.0,,
HITECH,0,0,0,0,0.0,,
HLEGLAS,0,0,0,0,0.0,,
HMT,1,0,1,-5539,-5.54,31.399999618530273,25.600000381469727
HOMEFIRST,0,0,0,0,0.0,,
HONAUT,1,0,1,-6931,-6.93,2799.39990234375,2108.050048828125
HONDAPOWER,1,0,1,-5097,-5.1,439.0,353.1499938964844
HPL,0,0,0,0,0.0,,
HSCL,2,1,1,45001,45.0,"49.654998779296875, 42.04999923706055","38.25, 114.55000305175781"
HUDCO,0,0,0,0,0.0,,
HUHTAMAKI,1,1,0,22807,22.81,114.30000305175781,202.75
IBREALEST,3,1,2,-4842,-4.84,"99.9000015258789, 102.05000305175781, 151.8000030517578","65.4000015258789, 156.39999389648438, 101.4000015258789"
IBULHSGFIN,0,0,0,0,0.0,,
ICICIBANK,2,0,2,-11824,-11.82,"211.4545440673828, 314.0","158.77272033691406, 275.3999938964844"
ICICIGI,0,0,0,0,0.0,,
ICICIPRULI,0,0,0,0,0.0,,
ICIL,3,2,1,690152,690.15,"3.930000066757202, 6.019999980926514, 129.10000610351562","2.240000009536743, 145.22999572753906, 158.9499969482422"
ICRA,1,0,1,-5616,-5.62,1219.6500244140625,995.0
IDBI,1,0,1,-4635,-4.64,152.39999389648438,128.75
IDEA,1,0,1,-5243,-5.24,56.8901252746582,47.33306884765625
IDFC,1,0,1,-8197,-8.2,99.00743865966797,71.90552520751953
IDFCFIRSTB,0,0,0,0,0.0,,
IEX,1,1,0,35036,35.04,72.56666564941406,158.75
IFBIND,3,1,2,23024,23.02,"191.60000610351562, 961.5499877929688, 1189.6500244140625","411.04998779296875, 884.9500122070312, 890.0999755859375"
IFCI,2,0,2,-18921,-18.92,"69.1500015258789, 16.25","53.099998474121094, 10.0"
IFGLEXPOR,1,0,1,-228,-0.23,229.64999389648438,227.6999969482422
IGL,1,1,0,62363,62.36,79.83000183105469,242.9499969482422
IIFL,2,2,0,18982,18.98,"58.71057891845703, 309.5","89.12006378173828, 340.1000061035156"
IIFLSEC,0,0,0,0,0.0,,
IMAGICAA,0,0,0,0,0.0,,
IMFA,2,1,1,-6671,-6.67,"384.29998779296875, 213.6999969482422","214.625, 260.3999938964844"
INDHOTEL,1,0,1,-3398,-3.4,87.61835479736328,78.9518051147461
INDIACEM,1,1,0,1021,1.02,162.5,169.10000610351562
INDIAGLYCO,2,2,0,30557,30.56,"159.85000610351562, 642.5999755859375","299.95001220703125, 747.25"
INDIAMART,0,0,0,0,0.0,,
INDIANB,2,0,2,-7431,-7.43,"225.9499969482422, 278.25","212.85000610351562, 227.39999389648438"
INDIANHUME,2,1,1,4136,4.14,"86.4000015258789, 96.7249984741211","63.349998474121094, 135.9250030517578"
INDIGO,0,0,0,0,0.0,,
INDIGOPNTS,0,0,0,0,0.0,,
INDOCO,2,1,1,2173,2.17,"55.2066650390625, 304.04998779296875","50.62666702270508, 353.1499938964844"
INDOSTAR,0,0,0,0,0.0,,
INDRAMEDCO,2,1,1,-2876,-2.88,"46.79999923706055, 45.5","40.0, 47.599998474121094"
INDUSINDBK,2,1,1,1809,1.81,"94.69999694824219, 148.89999389648438","54.04999923706055, 225.85000610351562"
INDUSTOWER,0,0,0,0,0.0,,
INFIBEAM,1,0,1,-7416,-7.42,24.975000381469727,19.524999618530273
INFY,3,3,0,5405,5.4,"326.9937438964844, 478.10626220703125, 686.4000244140625","346.98748779296875, 536.9249877929688, 685.5999755859375"
INGERRAND,2,1,1,-2178,-2.18,"421.54998779296875, 899.25","412.5, 770.2999877929688"
INOXWIND,1,0,1,-7487,-7.49,29.700000762939453,22.149999618530273
INTELLECT,1,0,1,-2022,-2.02,681.2999877929688,630.4000244140625
IOB,1,0,1,-7752,-7.75,146.60000610351562,110.0
IOC,1,1,0,1000,1.0,59.900001525878906,61.275001525878906
IOLCP,2,1,1,40402,40.4,"60.29999923706055, 190.6999969482422","28.600000381469727, 551.4500122070312"
IPCALAB,1,0,1,-1265,-1.27,134.60000610351562,128.60000610351562
IRB,1,0,1,-2775,-2.77,27.2450008392334,24.30500030517578
IRCON,0,0,0,0,0.0,,
IRCTC,0,0,0,0,0.0,,
IRFC,0,0,0,0,0.0,,
ISEC,0,0,0,0,0.0,,
ISGEC,0,0,0,0,0.0,,
ISMTLTD,0,0,0,0,0.0,,
ITC,1,0,1,-2766,-2.77,280.29998779296875,256.04998779296875
ITDC,0,0,0,0,0.0,,
ITDCEM,0,0,0,0,0.0,,
ITI,1,0,1,-8738,-8.74,31.399999618530273,20.149999618530273
IWEL,0,0,0,0,0.0,,
J&KBANK,1,0,1,-5560,-5.56,91.04499816894531,75.16500091552734
JAGRAN,2,1,1,8365,8.36,"125.5999984741211, 124.69999694824219","111.5, 177.64999389648438"
JAIBALAJI,0,0,0,0,0.0,,
JAICORPLTD,0,0,0,0,0.0,,
JAMNAAUTO,2,2,0,54987,54.99,"24.204999923706055, 89.3499984741211","64.9000015258789, 101.0"
JASH,0,0,0,0,0.0,,
JAYNECOIND,1,1,0,6510,6.51,18.200000762939453,22.399999618530273
JBCHEPHARM,2,1,1,32796,32.8,"49.150001525878906, 64.05000305175781","47.125, 137.6999969482422"
JBMA,0,0,0,0,0.0,,
JCHAC,3,1,2,76951,76.95,"304.8500061035156, 236.85000610351562, 2661.199951171875","178.9499969482422, 988.7000122070312, 2254.0"
JINDALPOLY,2,1,1,17935,17.94,"282.0187683105469, 455.95001220703125","176.41990661621094, 898.7999877929688"
JINDALSAW,2,0,2,-17103,-17.1,"201.9499969482422, 125.80000305175781","159.3000030517578, 79.44999694824219"
JINDALSTEL,2,0,2,-12309,-12.31,"205.0500030517578, 441.5","171.35000610351562, 329.25"
JINDWORLD,1,1,0,9344,9.34,233.0,303.3999938964844
JISLDVREQS,1,0,1,-931,-0.93,66.05000305175781,63.5
JISLJALEQS,0,0,0,0,0.0,,
JITFINFRA,1,0,1,-15606,-15.61,197.39999389648438,101.94999694824219
JKCEMENT,1,0,1,-14297,-14.3,360.3500061035156,181.4499969482422
JKIL,0,0,0,0,0.0,,
JKLAKSHMI,2,0,2,-23448,-23.45,"138.3000030517578, 577.4500122070312","60.70000076293945, 448.79998779296875"
JKPAPER,2,1,1,4849,4.85,"57.53233337402344, 229.3000030517578","43.50822830200195, 320.25"
JKTYRE,2,0,2,-14499,-14.5,"33.4900016784668, 145.25","26.889999389648438, 105.55000305175781"
JMFINANCIL,0,0,0,0,0.0,,
JPASSOCIAT,0,0,0,0,0.0,,
JPPOWER,1,0,1,-531,-0.53,5.650000095367432,5.550000190734863
JSL,2,1,1,1235,1.24,"88.4000015258789, 89.25","67.55000305175781, 112.0"
JSWENERGY,1,1,0,6390,6.39,167.75,207.9499969482422
JSWHL,1,1,0,38435,38.44,957.4000244140625,2189.14990234375
JSWSTEEL,2,0,2,-16635,-16.64,"133.34500122070312, 710.9000244140625","90.55000305175781, 551.25"
JTEKTINDIA,1,1,0,7825,7.82,30.850000381469727,38.099998474121094
JUBLFOOD,2,0,2,-8083,-8.08,"165.80999755859375, 250.86000061035156","127.21499633789062, 240.25"
JUBLINDS,2,1,1,7993,7.99,"276.6499938964844, 215.3000030517578","138.25, 373.79998779296875"
JUBLINGREA,0,0,0,0,0.0,,
JUBLPHARMA,2,1,1,40102,40.1,"198.07827758789062, 873.5499877929688","524.669189453125, 583.8499755859375"
JUSTDIAL,1,0,1,-9455,-9.46,964.1500244140625,653.5999755859375
JWL,0,0,0,0,0.0,,
JYOTHYLAB,1,1,0,1525,1.53,83.0,85.80000305175781
JYOTISTRUC,0,0,0,0,0.0,,
KAJARIACER,2,2,0,623126,623.13,"21.875, 703.5999755859375","465.6000061035156, 947.7000122070312"
KALYANKJIL,0,0,0,0,0.0,,
KANSAINER,2,1,1,8454,8.45,"46.51499938964844, 405.1666564941406","70.13333129882812, 303.1000061035156"
KARURVYSYA,2,1,1,-6480,-6.48,"57.91111755371094, 120.52291870117188","58.71151351928711, 91.31818389892578"
KCP,2,0,2,-17353,-17.35,"45.150001525878906, 130.6999969482422","30.25, 106.3499984741211"
KDDL,0,0,0,0,0.0,,
KEC,2,0,2,-5991,-5.99,"119.80000305175781, 401.3999938964844","100.80000305175781, 378.95001220703125"
KEI,1,1,0,247078,247.08,34.849998474121094,308.25
KESORAMIND,0,0,0,0,0.0,,
KICL,2,1,1,6059,6.06,"1001.8499755859375, 2610.550048828125","1515.1500244140625, 1967.3499755859375"
KIMS,0,0,0,0,0.0,,
KINGFA,0,0,0,0,0.0,,
KIOCL,1,0,1,-6120,-6.12,250.0,197.9499969482422
KIRLOSBROS,2,0,2,-13046,-13.05,"252.3000030517578, 429.75","228.0500030517578, 265.0"
KIRLOSENG,1,0,1,-15763,-15.76,332.5,155.4499969482422
KIRLOSIND,2,0,2,-13576,-13.58,"360.3999938964844, 1683.949951171875","276.45001220703125, 1306.25"
KKCL,1,0,1,-2081,-2.08,117.5199966430664,116.68000030517578
KNRCON,2,2,0,97976,97.98,"28.354999542236328, 162.1999969482422","108.19999694824219, 233.0500030517578"
KOLTEPATIL,3,0,3,-31131,-31.13,"88.94999694824219, 365.45001220703125, 316.6499938964844","61.75, 216.60000610351562, 217.4499969482422"
KOTAKBANK,1,0,1,-5505,-5.51,232.125,192.625
KPITTECH,0,0,0,0,0.0,,
KPRMILL,2,0,2,-19562,-19.56,"22.7450008392334, 15.704999923706055","14.324999809265137, 11.65999984741211"
KRBL,3,1,2,253361,253.36,"25.350000381469727, 34.04999923706055, 367.54998779296875","21.350000381469727, 337.25, 321.25"
KSB,1,0,1,-6510,-6.51,284.9750061035156,230.8000030517578
KSCL,2,1,1,177328,177.33,"67.4800033569336, 730.0999755859375","490.95001220703125, 520.9500122070312"
KSL,2,1,1,3052,3.05,"103.0999984741211, 372.5","133.3000030517578, 291.29998779296875"
KTKBANK,0,0,0,0,0.0,,
L&TFH,1,1,0,6103,6.1,99.47569274902344,120.54277801513672
LALPATHLAB,1,1,0,30528,30.53,1244.25,2516.25
LAOPALA,2,1,1,1118972,1118.97,"5.994999885559082, 279.04998779296875","223.64999389648438, 265.95001220703125"
LAURUSLABS,1,1,0,17888,17.89,287.1499938964844,464.70001220703125
LAXMIMACH,4,3,1,8980,8.98,"2675.949951171875, 2768.0, 5055.5498046875, 8171.7998046875","1969.25, 3525.39990234375, 5761.0498046875, 9982.2998046875"
LEMONTREE,0,0,0,0,0.0,,
LGBBROSLTD,2,2,0,3015,3.02,"212.25, 376.9750061035156","219.6750030517578, 396.5"
LICHSGFIN,2,0,2,-10752,-10.75,"62.130001068115234, 436.0","39.029998779296875, 421.8500061035156"
LINDEINDIA,1,0,1,-5355,-5.36,518.7999877929688,425.0
LODHA,0,0,0,0,0.0,,
LT,2,1,1,-3155,-3.15,"912.5111083984375, 1216.550048828125","729.3777465820312, 1328.25"
LTIM,0,0,0,0,0.0,,
LTTS,0,0,0,0,0.0,,
LUMAXIND,1,1,0,5253,5.25,289.8999938964844,345.54998779296875
LUMAXTECH,2,0,2,-8122,-8.12,"28.989999771118164, 74.66999816894531","28.729999542236328, 56.2400016784668"
LUPIN,0,0,0,0,0.0,,
LUXIND,1,0,1,-8399,-8.4,3105.85009765625,2190.949951171875
LXCHEM,0,0,0,0,0.0,,
M&M,1,1,0,9280,9.28,263.07501220703125,340.8999938964844
M&MFIN,1,1,0,13193,13.19,50.95850372314453,74.41355895996094
MAHABANK,2,0,2,-16027,-16.03,"77.6500015258789, 24.299999237060547","57.599998474121094, 17.799999237060547"
MAHLIFE,1,0,1,-6066,-6.07,181.6999969482422,145.6666717529297
MAHLOG,1,0,1,-10058,-10.06,648.1500244140625,403.3500061035156
MAHSCOOTER,1,0,1,-6196,-6.2,411.20001220703125,333.8500061035156
MAHSEAMLES,2,1,1,1129,1.13,"209.0500030517578, 193.77499389648438","172.39999389648438, 225.5749969482422"
MAITHANALL,2,1,1,154945,154.94,"91.0, 1011.4000244140625","578.2999877929688, 795.7999877929688"
MANAPPURAM,0,0,0,0,0.0,,
MANGLMCEM,1,0,1,-7864,-7.86,437.45001220703125,325.8999938964844
MANINDS,2,0,2,-24975,-24.98,"133.1999969482422, 133.1999969482422","75.05000305175781, 80.0"
MANINFRA,1,1,0,19996,20.0,44.666664123535156,74.19999694824219
MARATHON,0,0,0,0,0.0,,
MARICO,0,0,0,0,0.0,,
MARKSANS,2,2,0,283048,283.05,"6.25, 55.400001525878906","64.25, 56.099998474121094"
MARUTI,1,0,1,-5681,-5.68,1557.3499755859375,1252.8499755859375
MASFIN,0,0,0,0,0.0,,
MASTEK,2,1,1,21354,21.35,"479.6499938964844, 1132.449951171875","411.45001220703125, 2145.0"
MAXHEALTH,0,0,0,0,0.0,,
MAYURUNIQ,1,0,1,-6838,-6.84,463.1499938964844,357.95001220703125
MAZDOCK,0,0,0,0,0.0,,
MBAPL,1,0,1,-7239,-7.24,19.725000381469727,14.962499618530273
MCDOWELL-N,2,1,1,5196,5.2,"433.55999755859375, 947.3499755859375","598.2899780273438, 768.6500244140625"
MCX,0,0,0,0,0.0,,
METROPOLIS,0,0,0,0,0.0,,
MFSL,1,0,1,-5172,-5.17,242.10000610351562,200.0
MGL,0,0,0,0,0.0,,
MHRIL,0,0,0,0,0.0,,
MIDHANI,0,0,0,0,0.0,,
MINDACORP,0,0,0,0,0.0,,
MMFL,4,2,2,24433,24.43,"71.9000015258789, 112.375, 587.0499877929688, 725.3499755859375","50.150001525878906, 235.0500030517578, 501.3500061035156, 869.9500122070312"
MMTC,1,0,1,-6475,-6.47,50.45000076293945,39.20000076293945
MOIL,0,0,0,0,0.0,,
MOLDTKPAC,1,1,0,28629,28.63,445.54998779296875,869.9500122070312
MOREPENLAB,2,1,1,40964,40.96,"7.349999904632568, 65.4000015258789","20.350000381469727, 40.349998474121094"
MOTHERSON,2,1,1,1531,1.53,"7.577210903167725, 96.04252624511719","9.536276817321777, 78.76666259765625"
MOTILALOFS,3,1,2,-18030,-18.03,"205.0500030517578, 943.0999755859375, 1788.4000244140625","267.1499938964844, 766.5, 554.9249877929688"
MPHASIS,2,1,1,3976,3.98,"675.5999755859375, 1531.3499755859375","431.5, 2294.050048828125"
MPSLTD,1,1,0,142378,142.38,116.30000305175781,656.2000122070312
MRF,1,0,1,-4853,-4.85,7329.5498046875,6059.2001953125
MRPL,2,0,2,-18420,-18.42,"70.5, 81.1500015258789","55.400001525878906, 49.849998474121094"
MSTCLTD,0,0,0,0,0.0,,
MTARTECH,0,0,0,0,0.0,,
MTNL,1,0,1,-3679,-3.68,21.200000762939453,18.850000381469727
MUKANDLTD,2,0,2,-16661,-16.66,"49.29999923706055, 143.0","35.20000076293945, 105.9000015258789"
MUTHOOTFIN,0,0,0,0,0.0,,
NAM-INDIA,0,0,0,0,0.0,,
NATCOPHARM,1,1,0,4763,4.76,39.06999969482422,46.45000076293945
NATIONALUM,2,0,2,-9514,-9.51,"67.55000305175781, 96.9000015258789","66.44999694824219, 68.80000305175781"
NAUKRI,1,0,1,-1365,-1.37,318.1000061035156,283.67498779296875
NAVA,1,1,0,1040,1.04,125.25,129.85000610351562
NAVINFLUOR,1,1,0,123823,123.82,122.05999755859375,630.1500244140625
NAVNETEDUL,2,2,0,7412,7.41,"50.400001525878906, 75.5","54.04999923706055, 89.4000015258789"
NAZARA,0,0,0,0,0.0,,
NBCC,0,0,0,0,0.0,,
NCC,1,0,1,-691,-0.69,67.1500015258789,64.4000015258789
NEOGEN,0,0,0,0,0.0,,
NESCO,0,0,0,0,0.0,,
NEULANDLAB,2,1,1,95454,95.45,"224.7710723876953, 1289.25","981.7999877929688, 1062.75"
NEWGEN,1,0,1,-9712,-9.71,284.875,194.27499389648438
NFL,2,0,2,-17828,-17.83,"77.5999984741211, 65.9000015258789","54.349998474121094, 45.25"
NH,0,0,0,0,0.0,,
NHPC,1,0,1,-8066,-8.07,26.399999618530273,19.450000762939453
NIACL,0,0,0,0,0.0,,
NILKAMAL,3,1,2,85996,86.0,"375.5, 354.54998779296875, 2224.300048828125","251.14999389648438, 1519.8499755859375, 1952.199951171875"
NLCINDIA,1,0,1,-5400,-5.4,100.0,83.75
NMDC,1,0,1,-9187,-9.19,140.0082244873047,96.92581176757812
NOCIL,2,1,1,477,0.48,"33.79999923706055, 276.70001220703125","38.849998474121094, 236.35000610351562"
NRBBEARING,3,2,1,1304,1.3,"57.75, 96.75, 158.8000030517578","45.04999923706055, 118.5, 169.0"
NTPC,0,0,0,0,0.0,,
NUCLEUS,1,1,0,6056,6.06,139.8000030517578,169.10000610351562
OBEROIRLTY,1,0,1,-4219,-4.22,964.2000122070312,820.9500122070312
OFSS,2,0,2,-7284,-7.28,"2261.39990234375, 4235.2001953125","2048.050048828125, 3389.550048828125"
OIL,1,0,1,-5514,-5.51,222.9499969482422,174.4499969482422
OLECTRA,1,0,1,-11171,-11.17,824.0499877929688,499.8999938964844
ONGC,1,0,1,-4920,-4.92,160.4499969482422,126.80000305175781
OPTIEMUS,1,0,1,-8691,-8.69,306.20001220703125,230.14999389648438
ORCHPHARMA,2,1,1,60997,61.0,"303.8500061035156, 123.25","206.4499969482422, 424.70001220703125"
ORIENTCEM,1,0,1,-8281,-8.28,158.9499969482422,116.1500015258789
ORIENTELEC,0,0,0,0,0.0,,
ORIENTHOT,1,0,1,-6717,-6.72,39.525001525878906,29.049999237060547
ORISSAMINE,1,1,0,2877,2.88,2124.75,2295.39990234375
PAGEIND,0,0,0,0,0.0,,
PAISALO,1,0,1,-4754,-4.75,15.109999656677246,13.082500457763672
PANAMAPET,2,1,1,-1070,-1.07,"26.488887786865234, 267.95001220703125","25.55555534362793, 278.8999938964844"
PARACABLES,0,0,0,0,0.0,,
PARAGMILK,0,0,0,0,0.0,,
PATANJALI,1,0,1,-5820,-5.82,13210.0,10325.0
PATELENG,1,0,1,-11423,-11.42,29.03362274169922,18.157390594482422
PCBL,2,0,2,-11724,-11.72,"13.15999984741211, 133.60000610351562","10.694999694824219, 104.75"
PCJEWELLER,0,0,0,0,0.0,,
PDSL,1,0,1,-6270,-6.27,65.0,49.400001525878906
PEL,1,0,1,-2176,-2.18,316.34033203125,292.99749755859375
PENIND,1,0,1,-5069,-5.07,60.29999923706055,49.95000076293945
PENINLAND,0,0,0,0,0.0,,
PERSISTENT,2,2,0,73287,73.29,"129.9875030517578, 758.5750122070312","300.1499938964844, 1620.5999755859375"
PETRONET,1,1,0,8787,8.79,52.974998474121094,69.2750015258789
PFC,2,0,2,-9037,-9.04,"103.33999633789062, 116.77999877929688","98.08000183105469, 89.66000366210938"
PFIZER,3,3,0,17189,17.19,"951.5499877929688, 1663.050048828125, 3621.300048828125","1171.199951171875, 1840.3499755859375, 4529.75"
PFOCUS,0,0,0,0,0.0,,
PFS,1,1,0,7828,7.83,32.54999923706055,40.54999923706055
PGEL,0,0,0,0,0.0,,
PGHH,1,1,0,4300,4.3,1435.550048828125,1669.699951171875
PGHL,2,1,1,-238,-0.24,"614.5499877929688, 740.4500122070312","582.7000122070312, 772.75"
PGIL,1,1,0,21081,21.08,56.525001525878906,97.375
PHOENIXLTD,2,1,1,-3646,-3.65,"271.45001220703125, 487.3999938964844","189.5500030517578, 570.2999877929688"
PIDILITIND,1,1,0,1397,1.4,136.0,144.25
PIIND,0,0,0,0,0.0,,
PILANIINVS,0,0,0,0,0.0,,
PITTIENG,2,0,2,-20329,-20.33,"65.75, 106.44999694824219","44.0, 64.5999984741211"
PNB,0,0,0,0,0.0,,
PNBHOUSING,0,0,0,0,0.0,,
PNCINFRA,0,0,0,0,0.0,,
POKARNA,1,1,0,6756,6.76,342.04998779296875,414.3999938964844
POLYCAB,0,0,0,0,0.0,,
POLYMED,2,1,1,22109,22.11,"269.1499938964844, 400.8500061035156","231.8000030517578, 749.7999877929688"
POLYPLEX,2,1,1,26173,26.17,"256.0, 778.1500244140625","186.39999389648438, 1677.8499755859375"
POONAWALLA,1,0,1,-9053,-9.05,162.3000030517578,115.05000305175781
POWERGRID,1,0,1,-3644,-3.64,82.01251983642578,72.42189025878906
POWERINDIA,0,0,0,0,0.0,,
POWERMECH,0,0,0,0,0.0,,
PRAJIND,2,1,1,-215,-0.22,"110.44999694824219, 337.8500061035156","105.55000305175781, 356.1499938964844"
PRAKASH,1,1,0,4646,4.65,85.30658721923828,98.7601089477539
PRECWIRE,1,1,0,3464,3.46,7.706665992736816,8.779999732971191
PREMEXPLN,0,0,0,0,0.0,,
PRESTIGE,1,0,1,-6458,-6.46,318.1499938964844,248.0
PRICOLLTD,0,0,0,0,0.0,,
PRINCEPIPE,0,0,0,0,0.0,,
PRIVISCL,1,0,1,-10994,-10.99,496.6019592285156,318.2162170410156
PRSMJOHNSN,3,0,3,-16527,-16.53,"59.900001525878906, 103.3499984741211, 124.8499984741211","47.54999923706055, 82.9000015258789, 107.94999694824219"
PSB,0,0,0,0,0.0,,
PSPPROJECT,0,0,0,0,0.0,,
PTC,3,0,3,-23417,-23.42,"85.69999694824219, 119.5999984741211, 126.25","72.3499984741211, 87.4000015258789, 82.25"
PURVA,2,0,2,-23402,-23.4,"167.14999389648438, 126.05000305175781","94.30000305175781, 82.80000305175781"
QUESS,1,0,1,-7907,-7.91,856.3499755859375,633.7999877929688
QUICKHEAL,0,0,0,0,0.0,,
RADICO,1,0,1,-7835,-7.83,173.4499969482422,126.5999984741211
RAILTEL,0,0,0,0,0.0,,
RAJESHEXPO,2,1,1,18364,18.36,"118.1500015258789, 232.89999389648438","85.8499984741211, 439.45001220703125"
RALLIS,1,0,1,-1431,-1.43,281.95001220703125,265.3500061035156
RAMCOCEM,1,0,1,-683,-0.68,159.8000030517578,159.60000610351562
RAMCOIND,2,0,2,-19644,-19.64,"69.9000015258789, 334.8999938964844","48.25, 220.5"
RAMKY,0,0,0,0,0.0,,
RATNAMANI,0,0,0,0,0.0,,
RAYMOND,1,0,1,-2784,-2.78,342.95001220703125,309.8999938964844
RBA,0,0,0,0,0.0,,
RBLBANK,0,0,0,0,0.0,,
RCF,1,0,1,-7653,-7.65,95.6500015258789,71.55000305175781
RECLTD,0,0,0,0,0.0,,
REDINGTON,4,2,2,9178,9.18,"40.0, 68.6500015258789, 78.8499984741211, 67.5","38.95000076293945, 48.275001525878906, 59.54999923706055, 124.6500015258789"
RELAXO,0,0,0,0,0.0,,
RELIANCE,0,0,0,0,0.0,,
RELIGARE,0,0,0,0,0.0,,
RELINFRA,0,0,0,0,0.0,,
RENUKA,1,1,0,1410,1.41,39.349998474121094,41.95000076293945
REPCOHOME,0,0,0,0,0.0,,
RESPONIND,1,0,1,-6528,-6.53,116.4000015258789,92.3499984741211
RHIM,1,1,0,18700,18.7,351.1499938964844,570.5499877929688
RIIL,0,0,0,0,0.0,,
RITES,0,0,0,0,0.0,,
RKFORGE,2,1,1,18519,18.52,"47.2400016784668, 150.39999389648438","84.98999786376953, 120.1500015258789"
ROSSARI,0,0,0,0,0.0,,
ROUTE,0,0,0,0,0.0,,
RPGLIFE,2,1,1,48916,48.92,"98.44999694824219, 121.94999694824219","80.9000015258789, 344.8500061035156"
RPOWER,0,0,0,0,0.0,,
RPSGVENT,0,0,0,0,0.0,,
RSYSTEMS,0,0,0,0,0.0,,
RTNINDIA,0,0,0,0,0.0,,
RTNPOWER,1,0,1,-12460,-12.46,6.5,4.0
RUPA,1,0,1,-4412,-4.41,450.8999938964844,378.54998779296875
RVNL,0,0,0,0,0.0,,
SAFARI,0,0,0,0,0.0,,
SAGCEM,2,0,2,-15918,-15.92,"43.0, 279.95001220703125","37.220001220703125, 172.0500030517578"
SAIL,2,0,2,-20713,-20.71,"92.1500015258789, 130.60000610351562","68.25, 75.94999694824219"
SAKSOFT,1,1,0,28929,28.93,9.8100004196167,19.309999465942383
SALASAR,0,0,0,0,0.0,,
SANDHAR,0,0,0,0,0.0,,
SANGAMIND,3,2,1,97975,97.97,"47.70000076293945, 77.94999694824219, 105.5","37.900001525878906, 270.1000061035156, 213.39999389648438"
SANGHIIND,0,0,0,0,0.0,,
SANGHVIMOV,1,1,0,8876,8.88,220.85000610351562,280.95001220703125
SANOFI,1,1,0,8010,8.01,1615.0,2081.75
SARDAEN,2,1,1,-6507,-6.51,"28.219999313354492, 24.989999771118164","12.399999618530273, 33.69499969482422"
SAREGAMA,2,2,0,40772,40.77,"14.15729808807373, 178.6307830810547","20.849573135375977, 329.5107421875"
SASKEN,2,1,1,-2048,-2.05,"187.75, 1308.4000244140625","239.64999389648438, 894.1500244140625"
SATIN,0,0,0,0,0.0,,
SBCL,0,0,0,0,0.0,,
SBICARD,0,0,0,0,0.0,,
SBILIFE,0,0,0,0,0.0,,
SBIN,3,1,2,-10862,-10.86,"226.8800048828125, 311.8500061035156, 320.3500061035156","229.7949981689453, 247.35000610351562, 268.0"
SCHAEFFLER,2,2,0,44730,44.73,"167.74000549316406, 1558.760009765625","272.20001220703125, 2892.800048828125"
SCHNEIDER,0,0,0,0,0.0,,
SCI,2,0,2,-8953,-8.95,"173.10000610351562, 100.0","130.6999969482422, 97.6500015258789"
SDBL,0,0,0,0,0.0,,
SEAMECLTD,1,1,0,21620,21.62,165.0,270.04998779296875
SEPC,0,0,0,0,0.0,,
SEQUENT,1,1,0,7235,7.23,122.80000305175781,151.64999389648438
SESHAPAPER,1,0,1,-5684,-5.68,51.400001525878906,40.25
SFL,1,1,0,9337,9.34,988.5250244140625,1290.199951171875
SHAKTIPUMP,2,0,2,-16975,-16.98,"534.7000122070312, 717.9500122070312","424.8999938964844, 459.1499938964844"
SHALBY,0,0,0,0,0.0,,
SHANTIGEAR,2,0,2,-12129,-12.13,"75.05000305175781, 137.35000610351562","50.45000076293945, 129.3000030517578"
SHARDACROP,0,0,0,0,0.0,,
SHARDAMOTR,1,0,1,-1180,-1.18,628.9500122070312,605.75
SHAREINDIA,0,0,0,0,0.0,,
SHILPAMED,0,0,0,0,0.0,,
SHK,0,0,0,0,0.0,,
SHOPERSTOP,2,0,2,-10790,-10.79,"328.5207214355469, 510.34320068359375","248.94674682617188, 453.68048095703125"
SHREECEM,1,0,1,-7144,-7.14,2170.300048828125,1665.5
SHRIPISTON,0,0,0,0,0.0,,
SHRIRAMFIN,0,0,0,0,0.0,,
SHYAMMETL,0,0,0,0,0.0,,
SIEMENS,2,1,1,-487,-0.49,"817.5499877929688, 907.1500244140625","688.9500122070312, 1020.7999877929688"
SIS,0,0,0,0,0.0,,
SJVN,1,1,0,7102,7.1,24.700000762939453,30.850000381469727
SKFINDIA,3,3,0,15607,15.61,"561.3499755859375, 1076.199951171875, 3078.75","609.9000244140625, 1226.699951171875, 4158.64990234375"
SKIPPER,0,0,0,0,0.0,,
SMLISUZU,2,1,1,1001,1.0,"403.79998779296875, 879.8499755859375","382.04998779296875, 944.0499877929688"
SOBHA,2,0,2,-21652,-21.65,"619.0, 895.4500122070312","398.45001220703125, 549.5999755859375"
SOLARINDS,1,1,0,11557,11.56,128.60000610351562,165.61000061035156
SOMANYCERA,2,1,1,17610,17.61,"22.649999618530273, 755.2000122070312","40.099998474121094, 561.75"
SONACOMS,0,0,0,0,0.0,,
SONATSOFTW,2,2,0,58972,58.97,"16.462499618530273, 252.2062530517578","47.868751525878906, 257.79998779296875"
SOTL,3,1,2,-5808,-5.81,"108.83000183105469, 136.72999572753906, 186.63999938964844","88.0, 107.56999969482422, 219.55999755859375"
SOUTHBANK,3,1,2,-9575,-9.58,"17.3574161529541, 25.75324821472168, 30.549999237060547","18.194738388061523, 21.95136260986328, 22.799999237060547"
SPANDANA,1,0,1,-6366,-6.37,1032.1500244140625,756.3499755859375
SPLPETRO,2,2,0,6061,6.06,"22.75, 363.8999938964844","25.899999618530273, 371.6000061035156"
SRF,2,2,0,46501,46.5,"44.81999969482422, 136.42999267578125","47.79999923706055, 339.32000732421875"
SSWL,3,0,3,-24694,-24.69,"41.66999816894531, 34.5, 172.19000244140625","21.68000030517578, 29.149999618530273, 142.0"
STAR,3,0,3,-22610,-22.61,"395.81231689453125, 1206.2252197265625, 814.1500244140625","314.2721862792969, 820.1100463867188, 613.4000244140625"
STARCEMENT,0,0,0,0,0.0,,
STLTECH,3,1,2,-20247,-20.25,"101.6500015258789, 71.44999694824219, 276.3500061035156","53.849998474121094, 73.44999694824219, 203.8000030517578"
STYRENIX,4,2,2,6124,6.12,"376.54998779296875, 743.25, 986.3499755859375, 930.75","616.7000122070312, 494.8500061035156, 818.0499877929688, 975.3499755859375"
SUBROS,2,1,1,136637,136.64,"49.5, 48.04999923706055","38.5, 274.6499938964844"
SUDARSCHEM,3,3,0,53586,53.59,"20.079999923706055, 91.5999984741211, 506.45001220703125","52.0, 95.8499984741211, 537.9000244140625"
SUMICHEM,0,0,0,0,0.0,,
SUNDARMFIN,3,0,3,-11222,-11.22,"214.02044677734375, 1494.8128662109375, 2647.050048828125","207.5436553955078, 1461.1500244140625, 1897.9000244140625"
SUNDARMHLD,0,0,0,0,0.0,,
SUNDRMFAST,3,1,2,-1538,-1.54,"55.04999923706055, 133.60000610351562, 763.6500244140625","47.650001525878906, 155.6999969482422, 724.9000244140625"
SUNFLAG,4,1,3,-6135,-6.14,"31.100000381469727, 27.200000762939453, 36.79999923706055, 91.9000015258789","25.399999618530273, 21.200000762939453, 56.79999923706055, 62.95000076293945"
SUNPHARMA,0,0,0,0,0.0,,
SUNTECK,1,1,0,11623,11.62,231.3000030517578,324.1499938964844
SUNTV,1,0,1,-5884,-5.88,477.70001220703125,390.04998779296875
SUPRAJIT,2,2,0,1073,1.07,"18.25, 323.6499938964844","18.100000381469727, 325.1000061035156"
SUPREMEIND,1,1,0,267840,267.84,99.83999633789062,1006.2999877929688
SURYAROSNI,2,0,2,-11407,-11.41,"50.275001525878906, 270.0","41.95000076293945, 206.72500610351562"
SURYODAY,0,0,0,0,0.0,,
SUVEN,1,1,0,97614,97.61,1.683974027633667,7.10985803604126
SUVENPHAR,0,0,0,0,0.0,,
SUZLON,0,0,0,0,0.0,,
SWANENERGY,0,0,0,0,0.0,,
SWARAJENG,0,0,0,0,0.0,,
SWSOLAR,0,0,0,0,0.0,,
SYMPHONY,0,0,0,0,0.0,,
SYNGENE,0,0,0,0,0.0,,
TAJGVK,1,0,1,-10035,-10.04,117.05000305175781,75.5999984741211
TANLA,2,1,1,33818,33.82,"15.550000190734863, 69.05000305175781","36.150001525878906, 48.45000076293945"
TARC,0,0,0,0,0.0,,
TASTYBITE,0,0,0,0,0.0,,
TATACHEM,3,1,2,20796,20.8,"172.14834594726562, 202.48207092285156, 475.29998779296875","147.59036254882812, 168.31253051757812, 959.2000122070312"
TATACOMM,1,1,0,11546,11.55,759.75,1094.5
TATACONSUM,3,0,3,-8448,-8.45,"121.55000305175781, 150.14999389648438, 226.9499969482422","99.44999694824219, 141.0, 217.85000610351562"
TATAELXSI,3,2,1,102929,102.93,"207.52499389648438, 1428.199951171875, 2657.85009765625","696.125, 1020.4000244140625, 6285.89990234375"
TATAINVEST,3,0,3,-5345,-5.34,"552.7999877929688, 573.4500122070312, 740.1500244140625","491.6000061035156, 539.8499755859375, 725.4500122070312"
TATAMOTORS,2,1,1,2707,2.71,"199.92559814453125, 339.6000061035156","187.6077117919922, 387.95001220703125"
TATAMTRDVR,1,1,0,16217,16.22,136.5500030517578,208.75
TATAPOWER,1,1,0,18420,18.42,125.0,202.5500030517578
TATASTEEL,2,1,1,-7114,-7.11,"54.029693603515625, 116.66000366210938","55.3849983215332, 86.70500183105469"
TCI,3,1,2,1114,1.11,"62.13820266723633, 82.86754608154297, 686.6500244140625","47.78711700439453, 112.59123229980469, 626.8499755859375"
TCIEXP,0,0,0,0,0.0,,
TCNSBRANDS,0,0,0,0,0.0,,
TCPLPACK,0,0,0,0,0.0,,
TCS,2,2,0,73781,73.78,"371.5249938964844, 1556.175048828125","1186.7750244140625, 2000.1500244140625"
TDPOWERSYS,1,0,1,-3659,-3.66,69.56999969482422,61.650001525878906
TEAMLEASE,1,0,1,-7660,-7.66,4478.75,3301.75
TECHM,2,1,1,26064,26.06,"249.7375030517578, 655.4500122070312","477.79998779296875, 636.25"
TECHNOE,2,1,1,11598,11.6,"274.8500061035156, 199.75","189.89999389648438, 340.45001220703125"
TEJASNET,1,1,0,15801,15.8,430.6499938964844,656.4000244140625
TEXRAIL,2,0,2,-12961,-12.96,"161.8000030517578, 111.81985473632812","50.599998474121094, 89.84632110595703"
THANGAMAYL,1,1,0,19281,19.28,292.57501220703125,487.7749938964844
THEJO,0,0,0,0,0.0,,
THERMAX,3,1,2,-9351,-9.35,"800.5499877929688, 710.9500122070312, 1238.5","556.1500244140625, 851.7999877929688, 946.7000122070312"
THOMASCOOK,1,0,1,-4991,-4.99,76.25,62.5
THYROCARE,1,1,0,2158,2.16,913.0,971.3499755859375
TI,0,0,0,0,0.0,,
TIDEWATER,1,0,1,-15227,-15.23,3111.550048828125,1264.0999755859375
TIIL,1,1,0,44006,44.01,78.0,186.10000610351562
TIINDIA,0,0,0,0,0.0,,
TIMETECHNO,0,0,0,0,0.0,,
TIPSINDLTD,2,1,1,113325,113.33,"7.605711936950684, 29.18427276611328","4.841282844543457, 150.39500427246094"
TIRUMALCHM,2,0,2,-12321,-12.32,"19.950000762939453, 208.89999389648438","13.21500015258789, 187.5"
TITAGARH,1,0,1,-2410,-2.41,96.9000015258789,88.3499984741211
TITAN,2,2,0,42147,42.15,"118.51249694824219, 474.8999938964844","171.0, 933.7000122070312"
TORNTPHARM,2,1,1,8789,8.79,"98.5250015258789, 886.9000244140625","134.7624969482422, 773.6500244140625"
TORNTPOWER,0,0,0,0,0.0,,
TRENT,1,1,0,3039,3.04,76.56769561767578,85.05999755859375
TRIDENT,2,2,0,140521,140.52,"1.6749999523162842, 14.5","7.144999980926514, 35.349998474121094"
TRIL,1,0,1,-3587,-3.59,20.604999542236328,17.854999542236328
TRITURBINE,0,0,0,0,0.0,,
TRIVENI,0,0,0,0,0.0,,
TTKHLTCARE,0,0,0,0,0.0,,
TTKPRESTIG,1,0,1,-1360,-1.36,937.3900146484375,884.25
TTML,1,1,0,130913,130.91,17.149999618530273,92.75
TV18BRDCST,0,0,0,0,0.0,,
TVSHLTD,2,1,1,378979,378.98,"263.2994384765625, 3266.86181640625","3610.1552734375, 3206.90869140625"
TVSMOTOR,2,2,0,148053,148.05,"52.04999923706055, 95.4000015258789","53.70000076293945, 552.8499755859375"
TVSSRICHAK,2,2,0,65926,65.93,"269.54998779296875, 995.9500122070312","305.6499938964844, 3068.550048828125"
UBL,0,0,0,0,0.0,,
UCOBANK,2,0,2,-22951,-22.95,"58.099998474121094, 104.94999694824219","32.150001525878906, 75.30000305175781"
UFLEX,3,1,2,-4065,-4.06,"235.3000030517578, 151.8000030517578, 405.25","140.89999389648438, 133.60000610351562, 562.25"
UJJIVANSFB,0,0,0,0,0.0,,
ULTRACEMCO,0,0,0,0,0.0,,
UNICHEMLAB,2,1,1,-463,-0.46,"133.0, 322.75","162.0500030517578, 239.85000610351562"
UNIONBANK,0,0,0,0,0.0,,
UNITECH,0,0,0,0,0.0,,
UNIVCABLES,1,0,1,-9099,-9.1,108.0,76.0
UNOMINDA,2,1,1,13114,13.11,"12.011238098144531, 271.04998779296875","8.10920238494873, 481.0"
UPL,1,1,0,31898,31.9,122.96666717529297,254.43333435058594
USHAMART,0,0,0,0,0.0,,
UTIAMC,0,0,0,0,0.0,,
V2RETAIL,1,1,0,10823,10.82,32.150001525878906,42.29999923706055
VADILALIND,0,0,0,0,0.0,,
VAIBHAVGBL,1,0,1,-3398,-3.4,137.82000732421875,121.87999725341797
VAKRANGEE,1,1,0,184040,184.04,6.7310380935668945,47.870853424072266
VARROC,0,0,0,0,0.0,,
VBL,0,0,0,0,0.0,,
VEDL,3,0,3,-21323,-21.32,"277.1499938964844, 308.8999938964844, 287.6499938964844","201.9499969482422, 248.3000030517578, 223.0"
VENKEYS,2,2,0,94119,94.12,"268.76666259765625, 512.75","273.1000061035156, 2185.10009765625"
VESUVIUS,2,2,0,14915,14.92,"295.3500061035156, 512.0999755859375","311.0, 699.1500244140625"
VGUARD,0,0,0,0,0.0,,
VIDHIING,1,1,0,44355,44.35,137.64999389648438,343.54998779296875
VINATIORGA,0,0,0,0,0.0,,
VINDHYATEL,1,0,1,-4388,-4.39,254.89999389648438,221.75
VIPIND,2,1,1,12513,12.51,"51.75, 639.4500122070312","77.19999694824219, 572.7000122070312"
VISHNU,1,1,0,101407,101.41,71.62999725341797,312.0
VMART,1,0,1,-8555,-8.56,3549.300048828125,2485.199951171875
VOLTAMP,1,0,1,-802,-0.8,709.9000244140625,685.8499755859375
VOLTAS,2,1,1,-9250,-9.25,"245.1999969482422, 218.0500030517578","164.60000610351562, 223.39999389648438"
VRLLOG,1,1,0,8951,8.95,444.0,583.0999755859375
VSSL,0,0,0,0,0.0,,
VSTIND,1,1,0,54600,54.6,528.6500244140625,1515.949951171875
VSTTILLERS,1,1,0,2677,2.68,2028.800048828125,2246.699951171875
VTL,3,1,2,69429,69.43,"51.560001373291016, 66.77999877929688, 368.4200134277344","48.68000030517578, 244.44000244140625, 286.79998779296875"
WABAG,0,0,0,0,0.0,,
WEBELSOLAR,2,1,1,-11151,-11.15,"39.5, 64.5999984741211","17.049999237060547, 78.19999694824219"
WELCORP,1,0,1,-9070,-9.07,114.75,79.5999984741211
WELENT,2,1,1,59944,59.94,"167.0, 37.400001525878906","109.1500015258789, 125.19999694824219"
WELSPUNLIV,1,0,1,-1866,-1.87,96.4000015258789,90.8499984741211
WENDT,1,1,0,20382,20.38,937.4500122070312,1568.0999755859375
WESTLIFE,0,0,0,0,0.0,,
WHEELS,1,0,1,-6727,-6.73,81.0862045288086,64.66947174072266
WIPRO,2,1,1,1822,1.82,"144.18753051757812, 215.643798828125","156.60003662109375, 201.9750518798828"
WOCKPHARMA,2,0,2,-22706,-22.71,"342.4149169921875, 1529.9664306640625","254.8407745361328, 700.7314453125"
WONDERLA,0,0,0,0,0.0,,
WSTCSTPAPR,2,1,1,16790,16.79,"97.6500015258789, 334.25","75.44999694824219, 595.4000244140625"
XPROINDIA,3,1,2,111984,111.98,"47.900001525878906, 39.36666488647461, 99.16666412353516","32.666664123535156, 25.66666603088379, 545.9500122070312"
YESBANK,1,0,1,-3194,-3.19,59.130001068115234,51.20000076293945
ZEEL,1,0,1,-5566,-5.57,138.10000610351562,115.1500015258789
ZENSARTECH,3,0,3,-23353,-23.35,"29.645000457763672, 334.5899963378906, 477.79998779296875","29.1299991607666, 201.6999969482422, 323.1000061035156"
ZENTEC,0,0,0,0,0.0,,
ZFCVINDIA,2,1,1,4651,4.65,"1068.3499755859375, 7423.0","1391.199951171875, 6301.7001953125"
ZYDUSLIFE,2,1,1,19663,19.66,"75.67333221435547, 571.1500244140625","141.1300048828125, 406.5"
ZYDUSWELL,1,1,0,7812,7.81,1043.199951171875,1299.3499755859375
