Ticker,MA1,MA2,RSI,Total Trades,Profitable Trades,Losing Trades,Total Profit/Loss,Profit Percentage,Buy Prices,Sell Prices
20MICRONS,14,30,14,0,0,0,0,0.0,,
360ONE,14,30,14,0,0,0,0,0.0,,
3IINFOLTD,14,30,14,1,0,1,-10519,-10.52,61.5,39.45000076293945
3MINDIA,14,30,14,2,2,0,90405,90.4,"2312.800048828125, 5909.9501953125","3521.25, 20575.25"
5PAISA,14,30,14,0,0,0,0,0.0,,
63MOONS,14,30,14,0,0,0,0,0.0,,
A2ZINFRA,14,30,14,0,0,0,0,0.0,,
AARON,14,30,14,0,0,0,0,0.0,,
AARTIDRUGS,14,30,14,3,3,0,148325,148.32,"12.287500381469727, 28.3125, 243.0625","13.050000190734863, 142.03750610351562, 455.70001220703125"
AARTIIND,14,30,14,1,0,1,-2194,-2.19,17.43483543395996,16.402109146118164
AARTISURF,14,30,14,0,0,0,0,0.0,,
AARVI,14,30,14,0,0,0,0,0.0,,
AAVAS,14,30,14,0,0,0,0,0.0,,
ABAN,14,30,14,1,0,1,-13016,-13.02,760.5999755859375,426.3999938964844
ABB,14,30,14,2,0,2,-5618,-5.62,"944.3092041015625, 1290.0672607421875","881.62158203125, 1118.345703125"
ABCAPITAL,14,30,14,0,0,0,0,0.0,,
ABFRL,14,30,14,1,0,1,-3853,-3.85,263.0,229.6999969482422
ABSLAMC,14,30,14,0,0,0,0,0.0,,
ACC,14,30,14,2,2,0,8043,8.04,"923.0999755859375, 1986.050048828125","1159.199951171875, 1968.300048828125"
ACCELYA,14,30,14,2,1,1,192621,192.62,"81.1500015258789, 157.14999389648438","80.0, 1166.199951171875"
ACE,14,30,14,2,1,1,37841,37.84,"65.25, 34.650001525878906","40.849998474121094, 92.0999984741211"
ACLGATI,14,30,14,2,1,1,8376,8.38,"85.5999984741211, 122.4000015258789","114.44999694824219, 112.30000305175781"
ADANIENT,14,30,14,2,0,2,-10932,-10.93,"74.5836410522461, 73.40342712402344","73.25015258789062, 49.504276275634766"
ADANIGREEN,14,30,14,0,0,0,0,0.0,,
ADANIPORTS,14,30,14,2,0,2,-7743,-7.74,"395.8999938964844, 675.9000244140625","328.8999938964844, 612.6500244140625"
ADANIPOWER,14,30,14,2,1,1,-5003,-5.0,"55.5, 113.44999694824219","27.75, 146.3000030517578"
ADFFOODS,14,30,14,2,1,1,44321,44.32,"14.0600004196167, 60.06999969482422","40.560001373291016, 34.0"
ADORWELD,14,30,14,1,1,0,16478,16.48,198.8000030517578,304.3500061035156
ADSL,14,30,14,0,0,0,0,0.0,,
ADVANIHOTR,14,30,14,1,1,0,8070,8.07,17.75,22.524999618530273
ADVENZYMES,14,30,14,1,0,1,-2955,-2.95,312.79998779296875,282.1000061035156
AEGISCHEM,14,30,14,2,1,1,-2027,-2.03,"16.730966567993164, 378.95001220703125","18.709999084472656, 292.3999938964844"
AFFLE,14,30,14,0,0,0,0,0.0,,
AGARIND,14,30,14,0,0,0,0,0.0,,
AGI,14,30,14,3,2,1,19354,19.35,"20.820480346679688, 67.32139587402344, 104.50279998779297","35.786930084228516, 66.4377670288086, 94.2168197631836"
AHLEAST,14,30,14,0,0,0,0,0.0,,
AHLUCONT,14,30,14,1,0,1,-2343,-2.34,326.5,299.20001220703125
AIAENG,14,30,14,2,1,1,22630,22.63,"400.95001220703125, 419.3999938964844","324.8999938964844, 821.9000244140625"
AIRAN,14,30,14,0,0,0,0,0.0,,
AIROLAM,14,30,14,0,0,0,0,0.0,,
AJANTPHARM,14,30,14,1,1,0,2397655,2397.66,12.711111068725586,1029.933349609375
AJMERA,14,30,14,0,0,0,0,0.0,,
AKSHARCHEM,14,30,14,1,0,1,-10258,-10.26,444.29998779296875,294.0
AKZOINDIA,14,30,14,2,2,0,16280,16.28,"622.75, 1299.300048828125","744.0499877929688, 1716.25"
ALANKIT,14,30,14,0,0,0,0,0.0,,
ALBERTDAVD,14,30,14,0,0,0,0,0.0,,
ALEMBICLTD,14,30,14,2,0,2,-12628,-12.63,"57.75, 81.0","39.54999923706055, 72.44999694824219"
ALICON,14,30,14,3,1,2,115941,115.94,"120.0, 99.0999984741211, 795.4000244140625","60.0, 556.5, 676.7999877929688"
ALKEM,14,30,14,1,1,0,4352,4.35,2599.39990234375,2998.550048828125
ALKYLAMINE,14,30,14,1,1,0,410883,410.88,180.9600067138672,2661.800048828125
ALLCARGO,14,30,14,1,1,0,12598,12.6,30.274999618530273,41.88750076293945
ALLSEC,14,30,14,2,1,1,69900,69.9,"71.9000015258789, 72.9000015258789","23.75, 291.8999938964844"
ALMONDZ,14,30,14,2,1,1,24128,24.13,"17.299999237060547, 27.600000381469727","9.899999618530273, 63.900001525878906"
ALOKINDS,14,30,14,1,1,0,24960,24.96,12.5,22.0
ALPHAGEO,14,30,14,2,1,1,92198,92.2,"167.8000030517578, 435.1499938964844","750.5999755859375, 265.8500061035156"
AMBER,14,30,14,0,0,0,0,0.0,,
AMBIKCO,14,30,14,1,0,1,-3522,-3.52,1571.050048828125,1443.699951171875
AMBUJACEM,14,30,14,2,2,0,17585,17.59,"121.05000305175781, 273.5","159.14999389648438, 342.1000061035156"
AMIORG,14,30,14,0,0,0,0,0.0,,
AMRUTANJAN,14,30,14,2,2,0,37643,37.64,"145.9250030517578, 428.6000061035156","272.0, 609.1500244140625"
ANANTRAJ,14,30,14,0,0,0,0,0.0,,
ANDHRAPAP,14,30,14,0,0,0,0,0.0,,
ANDHRSUGAR,14,30,14,2,2,0,32254,32.25,"37.68000030517578, 82.55999755859375","66.52999877929688, 108.5"
ANGELONE,14,30,14,0,0,0,0,0.0,,
ANMOL,14,30,14,0,0,0,0,0.0,,
ANUP,14,30,14,0,0,0,0,0.0,,
ANURAS,14,30,14,0,0,0,0,0.0,,
APARINDS,14,30,14,2,1,1,16372,16.37,"227.10000610351562, 340.0","166.89999389648438, 620.5"
APCL,14,30,14,1,1,0,2569,2.57,193.7679901123047,210.91766357421875
APCOTEXIND,14,30,14,2,2,0,782555,782.56,"7.139999866485596, 321.75","190.60000610351562, 463.1499938964844"
APEX,14,30,14,0,0,0,0,0.0,,
APLAPOLLO,14,30,14,0,0,0,0,0.0,,
APLLTD,14,30,14,1,1,0,440,0.44,743.5,751.3499755859375
APOLLO,14,30,14,0,0,0,0,0.0,,
APOLLOHOSP,14,30,14,1,1,0,78942,78.94,328.3999938964844,1195.300048828125
APOLLOPIPE,14,30,14,0,0,0,0,0.0,,
APOLLOTYRE,14,30,14,2,0,2,-11302,-11.3,"70.9000015258789, 244.0","55.25, 212.25"
APOLSINHOT,14,30,14,0,0,0,0,0.0,,
APTECHT,14,30,14,3,0,3,-21454,-21.45,"72.53571319580078, 156.0357208251953, 171.67857360839844","49.32142639160156, 118.10713958740234, 153.4642791748047"
APTUS,14,30,14,0,0,0,0,0.0,,
ARCHIDPLY,14,30,14,1,1,0,95181,95.18,13.667811393737793,57.937007904052734
ARIES,14,30,14,2,0,2,-8637,-8.64,"88.9000015258789, 159.8000030517578","82.1500015258789, 127.44999694824219"
ARIHANTCAP,14,30,14,0,0,0,0,0.0,,
ARIHANTSUP,14,30,14,0,0,0,0,0.0,,
ARMANFIN,14,30,14,0,0,0,0,0.0,,
ARROWGREEN,14,30,14,1,0,1,-16229,-16.23,162.64999389648438,71.25
ARVEE,14,30,14,0,0,0,0,0.0,,
ARVIND,14,30,14,2,1,1,55038,55.04,"39.20289611816406, 104.0","120.43560791015625, 84.5999984741211"
ARVINDFASN,14,30,14,0,0,0,0,0.0,,
ARVSMART,14,30,14,0,0,0,0,0.0,,
ASAHIINDIA,14,30,14,1,1,0,41985,41.98,111.05000305175781,263.6000061035156
ASAHISONG,14,30,14,2,0,2,-12590,-12.59,"175.1999969482422, 278.8500061035156","111.44999694824219, 265.5"
ASAL,14,30,14,1,0,1,-4984,-4.98,53.54999923706055,38.75
ASALCBR,14,30,14,0,0,0,0,0.0,,
ASHAPURMIN,14,30,14,1,1,0,4275,4.27,79.8499984741211,90.0
ASHIANA,14,30,14,0,0,0,0,0.0,,
ASHIMASYN,14,30,14,2,1,1,34859,34.86,"7.755425930023193, 19.75","20.049999237060547, 11.850000381469727"
ASHOKA,14,30,14,1,0,1,-2858,-2.86,98.56666564941406,90.80000305175781
ASHOKLEY,14,30,14,2,1,1,44575,44.58,"24.825000762939453, 41.150001525878906","24.299999237060547, 102.5"
ASIANHOTNR,14,30,14,0,0,0,0,0.0,,
ASIANPAINT,14,30,14,0,0,0,0,0.0,,
ASIANTILES,14,30,14,1,1,0,57319,57.32,65.26764678955078,191.4412384033203
ASMS,14,30,14,0,0,0,0,0.0,,
ASPINWALL,14,30,14,0,0,0,0,0.0,,
ASTEC,14,30,14,2,2,0,321999,322.0,"45.54999923706055, 1084.6500244140625","522.7999877929688, 1381.949951171875"
ASTERDM,14,30,14,0,0,0,0,0.0,,
ASTRAL,14,30,14,1,1,0,4964,4.96,9.868501663208008,11.686502456665039
ASTRAMICRO,14,30,14,0,0,0,0,0.0,,
ASTRAZEN,14,30,14,2,2,0,48883,48.88,"893.0499877929688, 1419.449951171875","1314.050048828125, 3089.60009765625"
ATFL,14,30,14,3,1,2,16822,16.82,"163.10000610351562, 282.8999938964844, 711.6500244140625","121.94999694824219, 561.0499877929688, 523.9500122070312"
ATGL,14,30,14,0,0,0,0,0.0,,
ATLANTAA,14,30,14,3,0,3,-21507,-21.51,"62.970001220703125, 66.9000015258789, 80.44999694824219","56.70000076293945, 50.45000076293945, 51.25"
ATUL,14,30,14,0,0,0,0,0.0,,
ATULAUTO,14,30,14,0,0,0,0,0.0,,
AUBANK,14,30,14,0,0,0,0,0.0,,
AURIONPRO,14,30,14,2,0,2,-14522,-14.52,"154.661376953125, 183.24607849121094","127.51224517822266, 128.60000610351562"
AUROPHARMA,14,30,14,2,0,2,-15361,-15.36,"91.18499755859375, 905.25","62.849998474121094, 727.2999877929688"
AURUM,14,30,14,1,0,1,-29280,-29.28,693.0821533203125,11.242118835449219
AUTOAXLES,14,30,14,2,1,1,4791,4.79,"661.2000122070312, 1448.050048828125","553.1500244140625, 1928.550048828125"
AUTOIND,14,30,14,0,0,0,0,0.0,,
AVADHSUGAR,14,30,14,1,0,1,-4980,-4.98,495.8500061035156,416.3999938964844
AVANTIFEED,14,30,14,0,0,0,0,0.0,,
AVG,14,30,14,0,0,0,0,0.0,,
AVTNPL,14,30,14,3,1,2,13730,13.73,"29.850000381469727, 49.599998474121094, 43.5","26.450000762939453, 36.650001525878906, 79.4000015258789"
AWHCL,14,30,14,0,0,0,0,0.0,,
AXISBANK,14,30,14,2,0,2,-10351,-10.35,"224.89999389648438, 298.5400085449219","214.5500030517578, 206.91000366210938"
AXISCADES,14,30,14,1,1,0,21238,21.24,120.0,206.0
AYMSYNTEX,14,30,14,1,0,1,-1158,-1.16,69.80000305175781,66.0999984741211
BAJAJ-AUTO,14,30,14,1,1,0,39088,39.09,877.4000244140625,2016.5999755859375
BAJAJCON,14,30,14,1,0,1,-4770,-4.77,492.1000061035156,405.29998779296875
BAJAJELEC,14,30,14,3,2,1,-511,-0.51,"266.81317138671875, 287.425537109375, 901.712646484375","186.5213165283203, 334.8936767578125, 1020.4500122070312"
BAJAJFINSV,14,30,14,2,1,1,97408,97.41,"105.33000183105469, 1180.6300048828125","459.1199951171875, 1093.175048828125"
BAJAJHCARE,14,30,14,0,0,0,0,0.0,,
BAJAJHIND,14,30,14,1,0,1,-16804,-16.8,20.350000381469727,9.949999809265137
BAJAJHLDNG,14,30,14,0,0,0,0,0.0,,
BAJFINANCE,14,30,14,1,1,0,1539604,1539.6,41.66140365600586,2215.800048828125
BALAJITELE,14,30,14,1,1,0,6971,6.97,69.1500015258789,84.75
BALAMINES,14,30,14,4,3,1,160020,160.02,"30.399999618530273, 54.20000076293945, 89.69999694824219, 842.9500122070312","32.5, 40.599998474121094, 419.8500061035156, 2386.0"
BALAXI,14,30,14,1,1,0,363673,363.67,5.699999809265137,70.31999969482422
BALKRISIND,14,30,14,2,1,1,6870,6.87,"1477.0, 2576.39990234375","2014.3499755859375, 2228.949951171875"
BALMLAWRIE,14,30,14,3,1,2,-9317,-9.32,"63.93809509277344, 56.02857208251953, 74.57500457763672","39.652381896972656, 51.157142639160156, 82.85832977294922"
BALRAMCHIN,14,30,14,2,0,2,-20962,-20.96,"132.75, 162.9499969482422","83.3499984741211, 104.05000305175781"
BANARISUG,14,30,14,4,1,3,-7445,-7.44,"1309.550048828125, 939.0, 1796.8499755859375, 1771.550048828125","902.5, 726.0, 1707.8499755859375, 2473.10009765625"
BANCOINDIA,14,30,14,1,0,1,-8197,-8.2,131.10000610351562,94.5999984741211
BANDHANBNK,14,30,14,0,0,0,0,0.0,,
BANKBARODA,14,30,14,2,1,1,13134,13.13,"86.52999877929688, 185.89999389648438","140.02000427246094, 144.14999389648438"
BANKINDIA,14,30,14,1,0,1,-7697,-7.7,415.04998779296875,309.1000061035156
BANSWRAS,14,30,14,2,2,0,18339,18.34,"46.375, 41.45000076293945","47.45000076293945, 62.650001525878906"
BARBEQUE,14,30,14,0,0,0,0,0.0,,
BASF,14,30,14,2,2,0,10241,10.24,"413.70001220703125, 1926.75","447.8500061035156, 2439.35009765625"
BASML,14,30,14,2,1,1,30349,30.35,"37.947547912597656, 34.761112213134766","29.91708755493164, 75.29965209960938"
BATAINDIA,14,30,14,3,2,1,129707,129.71,"114.05000305175781, 680.8499755859375, 1778.1500244140625","509.6000061035156, 1312.0, 1649.1500244140625"
BAYERCROP,14,30,14,2,1,1,53437,53.44,"1276.699951171875, 5891.2001953125","3899.89990234375, 4604.0498046875"
BBL,14,30,14,0,0,0,0,0.0,,
BBOX,14,30,14,4,1,3,25950,25.95,"24.395000457763672, 39.845001220703125, 27.639999389648438, 48.2400016784668","16.520000457763672, 22.360000610351562, 15.859999656677246, 148.1999969482422"
BBTC,14,30,14,1,1,0,137102,137.1,207.5,1156.5
BBTCL,14,30,14,0,0,0,0,0.0,,
BCG,14,30,14,0,0,0,0,0.0,,
BCLIND,14,30,14,0,0,0,0,0.0,,
BCONCEPTS,14,30,14,0,0,0,0,0.0,,
BDL,14,30,14,0,0,0,0,0.0,,
BECTORFOOD,14,30,14,0,0,0,0,0.0,,
BEDMUTHA,14,30,14,1,0,1,-7964,-7.96,23.149999618530273,16.600000381469727
BEL,14,30,14,2,1,1,26068,26.07,"19.620201110839844, 20.7757568359375","15.571717262268066, 43.733333587646484"
BEML,14,30,14,2,1,1,-6148,-6.15,"1453.7506103515625, 1125.59033203125","1040.19189453125, 1216.75"
BEPL,14,30,14,3,0,3,-22196,-22.2,"21.233333587646484, 15.433333396911621, 96.26666259765625","16.366666793823242, 10.666666030883789, 71.0999984741211"
BERGEPAINT,14,30,14,1,1,0,831075,831.08,17.857141494750977,512.4166870117188
BFINVEST,14,30,14,2,2,0,31352,31.35,"67.0999984741211, 165.64999389648438","113.05000305175781, 219.8000030517578"
BFUTILITIE,14,30,14,1,0,1,-9165,-9.17,681.7999877929688,467.8500061035156
BGRENERGY,14,30,14,2,0,2,-12421,-12.42,"160.9499969482422, 67.0999984741211","116.8499984741211, 58.25"
BHAGCHEM,14,30,14,0,0,0,0,0.0,,
BHAGERIA,14,30,14,1,1,0,1448,1.45,165.4499969482422,174.85000610351562
BHAGYANGR,14,30,14,0,0,0,0,0.0,,
BHARATFORG,14,30,14,2,2,0,25746,25.75,"203.89999389648438, 563.9000244140625","373.20001220703125, 563.8499755859375"
BHARATRAS,14,30,14,1,1,0,16376,16.38,6854.89990234375,10928.7001953125
BHARATWIRE,14,30,14,0,0,0,0,0.0,,
BHARTIARTL,14,30,14,2,0,2,-15642,-15.64,"394.0747375488281, 448.1051025390625","309.5818786621094, 336.709716796875"
BHEL,14,30,14,1,0,1,-4749,-4.75,320.6933288574219,266.8133239746094
BIGBLOC,14,30,14,0,0,0,0,0.0,,
BIL,14,30,14,1,1,0,50803,50.8,178.14999389648438,477.3500061035156
BIOCON,14,30,14,4,2,2,86060,86.06,"47.62916564941406, 43.78333282470703, 57.67499923706055, 447.70001220703125","31.087499618530273, 45.641666412353516, 250.5500030517578, 348.8500061035156"
BIRLACABLE,14,30,14,1,1,0,9526,9.53,68.44999694824219,90.8499984741211
BIRLACORPN,14,30,14,2,0,2,-7947,-7.95,"364.79998779296875, 379.54998779296875","322.54998779296875, 321.54998779296875"
BIRLAMONEY,14,30,14,3,0,3,-15047,-15.05,"25.649999618530273, 56.5, 55.54999923706055","19.700000762939453, 48.25, 52.5"
BLISSGVS,14,30,14,1,0,1,-6694,-6.69,195.14999389648438,151.14999389648438
BLKASHYAP,14,30,14,1,1,0,25384,25.38,15.600000381469727,29.299999237060547
BLS,14,30,14,0,0,0,0,0.0,,
BLUEDART,14,30,14,2,2,0,159545,159.55,"905.5499877929688, 4695.7001953125","5438.2998046875, 6208.85009765625"
BLUESTARCO,14,30,14,2,1,1,22102,22.1,"202.52499389648438, 146.0","160.875, 284.1000061035156"
BODALCHEM,14,30,14,2,1,1,66748,66.75,"35.5, 119.0999984741211","120.5999984741211, 84.4000015258789"
BOMDYEING,14,30,14,1,0,1,-914,-0.91,114.8499984741211,104.55000305175781
BOROLTD,14,30,14,0,0,0,0,0.0,,
BORORENEW,14,30,14,0,0,0,0,0.0,,
BOSCHLTD,14,30,14,1,1,0,94183,94.18,4780.10009765625,20545.099609375
BPCL,14,30,14,1,1,0,1652,1.65,84.61666870117188,89.65833282470703
BPL,14,30,14,0,0,0,0,0.0,,
BRIGADE,14,30,14,2,1,1,5164,5.16,"63.766666412353516, 218.5","100.06666564941406, 130.14999389648438"
BRITANNIA,14,30,14,0,0,0,0,0.0,,
BRNL,14,30,14,0,0,0,0,0.0,,
BROOKS,14,30,14,0,0,0,0,0.0,,
BSE,14,30,14,1,1,0,11256,11.26,320.73333740234375,440.75
BSHSL,14,30,14,0,0,0,0,0.0,,
BSOFT,14,30,14,3,2,1,22844,22.84,"35.93032455444336, 134.33465576171875, 246.89999389648438","65.33351135253906, 108.69999694824219, 282.45001220703125"
BUTTERFLY,14,30,14,1,1,0,39987,39.99,466.04998779296875,1085.4000244140625
BYKE,14,30,14,1,0,1,-3785,-3.78,180.6999969482422,161.5500030517578
CAMLINFINE,14,30,14,1,1,0,78,0.08,114.75,117.6500015258789
CAMS,14,30,14,0,0,0,0,0.0,,
CANBK,14,30,14,1,1,0,2954,2.95,75.62390899658203,83.03553771972656
CANFINHOME,14,30,14,2,1,1,-6086,-6.09,"16.074481964111328, 30.8721923828125","17.406368255615234, 21.052978515625"
CANTABIL,14,30,14,0,0,0,0,0.0,,
CAPACITE,14,30,14,0,0,0,0,0.0,,
CAPLIPOINT,14,30,14,0,0,0,0,0.0,,
CARBORUNIV,14,30,14,2,2,0,35512,35.51,"84.9000015258789, 198.89999389648438","132.0500030517578, 329.75"
CAREERP,14,30,14,1,0,1,-5362,-5.36,163.6999969482422,131.5
CARERATING,14,30,14,0,0,0,0,0.0,,
CARTRADE,14,30,14,0,0,0,0,0.0,,
CARYSIL,14,30,14,0,0,0,0,0.0,,
CCHHL,14,30,14,1,0,1,-7682,-7.68,8.199999809265137,6.050000190734863
CCL,14,30,14,1,1,0,214741,214.74,32.904998779296875,270.1499938964844
CDSL,14,30,14,1,1,0,47377,47.38,406.6499938964844,1041.6500244140625
CEATLTD,14,30,14,1,0,1,-8808,-8.81,1556.550048828125,1094.949951171875
CENTENKA,14,30,14,2,1,1,-9209,-9.21,"271.70001220703125, 340.75","180.25, 351.8500061035156"
CENTRALBK,14,30,14,1,0,1,-10453,-10.45,104.8499984741211,67.8499984741211
CENTRUM,14,30,14,1,0,1,-15851,-15.85,49.54999923706055,23.350000381469727
CENTUM,14,30,14,1,1,0,80982,80.98,132.0,484.8999938964844
CENTURYPLY,14,30,14,3,2,1,16522,16.52,"59.099998474121094, 137.9499969482422, 306.20001220703125","48.400001525878906, 168.5500030517578, 466.20001220703125"
CENTURYTEX,14,30,14,1,0,1,-8340,-8.34,603.4500122070312,419.20001220703125
CERA,14,30,14,0,0,0,0,0.0,,
CESC,14,30,14,2,0,2,-6212,-6.21,"75.51817321777344, 87.19999694824219","73.69126892089844, 72.44999694824219"
CGCL,14,30,14,1,1,0,78273,78.27,65.58061981201172,236.91250610351562
CGPOWER,14,30,14,3,0,3,-28068,-28.07,"82.43568420410156, 69.5328369140625, 83.30000305175781","58.70622253417969, 45.00406265258789, 59.29999923706055"
CHALET,14,30,14,0,0,0,0,0.0,,
CHAMBLFERT,14,30,14,2,1,1,2200,2.2,"49.79999923706055, 237.75","45.04999923706055, 274.6000061035156"
CHEMBOND,14,30,14,0,0,0,0,0.0,,
CHEMCON,14,30,14,0,0,0,0,0.0,,
CHEMFAB,14,30,14,0,0,0,0,0.0,,
CHEMPLASTS,14,30,14,0,0,0,0,0.0,,
CHENNPETRO,14,30,14,0,0,0,0,0.0,,
CHOLAFIN,14,30,14,2,0,2,-25283,-25.28,"67.20999908447266, 31.649999618530273","32.22999954223633, 22.6200008392334"
CHOLAHLDNG,14,30,14,2,1,1,7551,7.55,"49.45026397705078, 662.2000122070312","70.05998992919922, 550.5499877929688"
CIEINDIA,14,30,14,2,1,1,4281,4.28,"112.4000015258789, 240.89999389648438","158.0, 171.85000610351562"
CIGNITITEC,14,30,14,0,0,0,0,0.0,,
CINELINE,14,30,14,1,1,0,10022,10.02,62.04999923706055,83.94999694824219
CIPLA,14,30,14,1,1,0,5862,5.86,754.5,906.4000244140625
CLEAN,14,30,14,0,0,0,0,0.0,,
CLEDUCATE,14,30,14,0,0,0,0,0.0,,
CLSEL,14,30,14,0,0,0,0,0.0,,
COALINDIA,14,30,14,0,0,0,0,0.0,,
COASTCORP,14,30,14,0,0,0,0,0.0,,
COCHINSHIP,14,30,14,0,0,0,0,0.0,,
COFFEEDAY,14,30,14,0,0,0,0,0.0,,
COFORGE,14,30,14,2,2,0,31263,31.26,"187.10000610351562, 639.0","240.1999969482422, 1147.75"
COLPAL,14,30,14,1,1,0,8909,8.91,1110.8499755859375,1434.3499755859375
COMPUSOFT,14,30,14,1,0,1,-10028,-10.03,15.850000381469727,11.100000381469727
CONCOR,14,30,14,3,0,3,-12266,-12.27,"279.1146545410156, 523.2000122070312, 679.5499877929688","233.90933227539062, 472.75, 590.5"
CONFIPET,14,30,14,0,0,0,0,0.0,,
CONSOFINVT,14,30,14,2,1,1,4582,4.58,"81.75, 63.900001525878906","35.79999923706055, 106.1500015258789"
CONTROLPR,14,30,14,0,0,0,0,0.0,,
CORDSCABLE,14,30,14,0,0,0,0,0.0,,
COROMANDEL,14,30,14,2,1,1,117,0.12,"331.3500061035156, 330.6000061035156","229.8000030517578, 436.3999938964844"
COSMOFIRST,14,30,14,2,1,1,46726,46.73,"79.06666564941406, 69.66666412353516","61.266666412353516, 192.56666564941406"
CRAFTSMAN,14,30,14,0,0,0,0,0.0,,
CREATIVE,14,30,14,0,0,0,0,0.0,,
CREDITACC,14,30,14,0,0,0,0,0.0,,
CREST,14,30,14,1,1,0,43388,43.39,56.99998092651367,139.5500030517578
CRISIL,14,30,14,1,1,0,88040,88.04,481.20001220703125,1904.5
CROMPTON,14,30,14,1,0,1,-7308,-7.31,284.45001220703125,208.8000030517578
CROWN,14,30,14,0,0,0,0,0.0,,
CSBBANK,14,30,14,0,0,0,0,0.0,,
CUB,14,30,14,1,1,0,11203,11.2,24.067014694213867,32.93388366699219
CUMMINSIND,14,30,14,1,1,0,2847,2.85,366.6428527832031,397.95001220703125
CUPID,14,30,14,1,1,0,1885,1.88,201.14999389648438,213.14999389648438
CYBERTECH,14,30,14,1,1,0,20034,20.03,76.94999694824219,127.8499984741211
CYIENT,14,30,14,3,2,1,29226,29.23,"184.4250030517578, 190.39999389648438, 575.75","136.25, 422.1499938964844, 589.5999755859375"
DABUR,14,30,14,1,1,0,9609,9.61,71.19999694824219,94.19999694824219
DALBHARAT,14,30,14,1,0,1,-4493,-4.49,2166.199951171875,1838.1500244140625
DALMIASUG,14,30,14,0,0,0,0,0.0,,
DATAMATICS,14,30,14,2,0,2,-5796,-5.8,"49.75, 128.5","49.45000076293945, 104.4000015258789"
DATAPATTNS,14,30,14,0,0,0,0,0.0,,
DBCORP,14,30,14,0,0,0,0,0.0,,
DBL,14,30,14,0,0,0,0,0.0,,
DBREALTY,14,30,14,0,0,0,0,0.0,,
DCAL,14,30,14,1,1,0,82949,82.95,68.7249984741211,259.1499938964844
DCBBANK,14,30,14,1,0,1,-4673,-4.67,170.25,148.0
DCI,14,30,14,0,0,0,0,0.0,,
DCMNVL,14,30,14,0,0,0,0,0.0,,
DCMSHRIRAM,14,30,14,3,3,0,28562,28.56,"71.0, 227.0500030517578, 690.4000244140625","107.19999694824219, 283.54998779296875, 815.25"
DCMSRIND,14,30,14,0,0,0,0,0.0,,
DCW,14,30,14,2,1,1,-5053,-5.05,"24.899999618530273, 24.25","13.100000381469727, 30.700000762939453"
DEEPAKFERT,14,30,14,2,1,1,-5850,-5.85,"113.29898071289062, 148.54432678222656","117.0804672241211, 119.94081115722656"
DEEPAKNTR,14,30,14,1,1,0,445012,445.01,113.44999694824219,1799.1500244140625
DEEPENR,14,30,14,1,0,1,-10912,-10.91,41.75223922729492,26.354854583740234
DEEPINDS,14,30,14,0,0,0,0,0.0,,
DELPHIFX,14,30,14,2,1,1,-876,-0.88,"140.5, 635.25","154.89999389648438, 510.6000061035156"
DELTACORP,14,30,14,3,1,2,-12131,-12.13,"103.4000015258789, 167.89999389648438, 263.29998779296875","78.80000305175781, 201.5500030517578, 166.4499969482422"
DEN,14,30,14,1,0,1,-12124,-12.12,227.64999389648438,133.0500030517578
DENORA,14,30,14,1,0,1,-11445,-11.45,482.04998779296875,307.8999938964844
DEVIT,14,30,14,1,1,0,67464,67.46,32.0,101.0
DEVYANI,14,30,14,0,0,0,0,0.0,,
DHAMPURSUG,14,30,14,3,1,2,3770,3.77,"135.60000610351562, 65.75, 355.6499938964844","62.95000076293945, 136.14999389648438, 213.10000610351562"
DHANBANK,14,30,14,1,0,1,-10074,-10.07,40.04999923706055,26.700000762939453
DHANI,14,30,14,1,1,0,50274,50.27,110.48796844482422,296.54998779296875
DHANUKA,14,30,14,1,0,1,-2964,-2.96,781.0999755859375,701.4000244140625
DHUNINV,14,30,14,1,1,0,41516,41.52,105.9000015258789,249.39999389648438
DIACABS,14,30,14,1,0,1,-9980,-9.98,11540.0,6480.0
DIAMONDYD,14,30,14,0,0,0,0,0.0,,
DICIND,14,30,14,2,2,0,12603,12.6,"220.5500030517578, 355.95001220703125","226.0500030517578, 474.45001220703125"
DIGISPICE,14,30,14,1,0,1,-9711,-9.71,37.650001525878906,26.899999618530273
DISHTV,14,30,14,0,0,0,0,0.0,,
DIVISLAB,14,30,14,2,1,1,44574,44.57,"374.875, 1305.9000244140625","308.4750061035156, 3630.39990234375"
DIXON,14,30,14,1,1,0,57911,57.91,914.280029296875,2681.550048828125
DLF,14,30,14,0,0,0,0,0.0,,
DLINKINDIA,14,30,14,0,0,0,0,0.0,,
DMART,14,30,14,0,0,0,0,0.0,,
DMCC,14,30,14,0,0,0,0,0.0,,
DODLA,14,30,14,0,0,0,0,0.0,,
DOLATALGO,14,30,14,0,0,0,0,0.0,,
DOLLAR,14,30,14,1,0,1,-3230,-3.23,351.79998779296875,315.75
DOLPHIN,14,30,14,2,0,2,-23756,-23.76,"2672.800048828125, 1528.800048828125","1722.0, 826.4000244140625"
DONEAR,14,30,14,0,0,0,0,0.0,,
DPABHUSHAN,14,30,14,1,1,0,106507,106.51,63.5,283.1499938964844
DPSCLTD,14,30,14,1,0,1,-5732,-5.73,36.900001525878906,29.049999237060547
DPWIRES,14,30,14,0,0,0,0,0.0,,
DRCSYSTEMS,14,30,14,0,0,0,0,0.0,,
DREDGECORP,14,30,14,2,0,2,-18734,-18.73,"893.5499877929688, 474.5","609.5499877929688, 333.6499938964844"
DRREDDY,14,30,14,1,1,0,50466,50.47,1128.949951171875,3105.39990234375
DSSL,14,30,14,1,1,0,75083,75.08,7.849999904632568,27.549999237060547
DTIL,14,30,14,0,0,0,0,0.0,,
DVL,14,30,14,1,0,1,-7674,-7.67,141.39999389648438,105.94999694824219
DWARKESH,14,30,14,2,1,1,16858,16.86,"12.170000076293945, 42.0","5.300000190734863, 89.6500015258789"
DYNAMATECH,14,30,14,1,0,1,-4760,-4.76,1720.0,1531.0999755859375
DYNPRO,14,30,14,1,1,0,25556,25.56,186.26931762695312,350.54998779296875
E2E,14,30,14,0,0,0,0,0.0,,
EASEMYTRIP,14,30,14,0,0,0,0,0.0,,
ECLERX,14,30,14,1,1,0,17570,17.57,542.6001586914062,866.8333129882812
EDELWEISS,14,30,14,1,0,1,-7159,-7.16,33.94453430175781,25.647581100463867
EICHERMOT,14,30,14,1,1,0,1079662,1079.66,65.51499938964844,2418.5400390625
EIDPARRY,14,30,14,2,1,1,-3074,-3.07,"113.6500015258789, 253.60000610351562","82.375, 274.3999938964844"
EIFFL,14,30,14,1,0,1,-2397,-2.4,146.64999389648438,136.6999969482422
EIHAHOTELS,14,30,14,1,1,0,24279,24.28,167.8000030517578,325.79998779296875
EIHOTEL,14,30,14,2,2,0,5900,5.9,"98.2292251586914, 133.53878784179688","100.5341567993164, 157.81410217285156"
EIMCOELECO,14,30,14,3,0,3,-21314,-21.31,"356.0, 596.1500244140625, 406.1000061035156","285.1000061035156, 419.6000061035156, 324.8500061035156"
EKC,14,30,14,1,1,0,33254,33.25,51.04999923706055,108.5
ELECON,14,30,14,1,0,1,-10939,-10.94,90.0,57.599998474121094
ELECTCAST,14,30,14,2,1,1,7570,7.57,"47.650001525878906, 25.0","44.45000076293945, 32.099998474121094"
ELECTHERM,14,30,14,0,0,0,0,0.0,,
ELGIEQUIP,14,30,14,1,1,0,29953,29.95,20.387500762939453,40.70000076293945
ELGIRUBCO,14,30,14,1,1,0,3233,3.23,33.400001525878906,37.849998474121094
EMAMILTD,14,30,14,1,0,1,-3849,-3.85,491.6499938964844,425.04998779296875
EMAMIPAP,14,30,14,0,0,0,0,0.0,,
EMAMIREAL,14,30,14,0,0,0,0,0.0,,
EMKAY,14,30,14,1,0,1,-13974,-13.97,117.4000015258789,64.6500015258789
ENDURANCE,14,30,14,1,0,1,-8770,-8.77,1492.5,1094.800048828125
ENGINERSIN,14,30,14,3,1,2,2465,2.47,"69.1500015258789, 87.54582977294922, 151.0","50.883331298828125, 126.9000015258789, 131.5"
ENIL,14,30,14,1,1,0,46870,46.87,290.45001220703125,747.3499755859375
EPL,14,30,14,1,1,0,3135,3.14,181.0,197.9499969482422
EQUIPPP,14,30,14,0,0,0,0,0.0,,
EQUITASBNK,14,30,14,0,0,0,0,0.0,,
ERIS,14,30,14,1,0,1,-2230,-2.23,709.4000244140625,647.25
ESABINDIA,14,30,14,3,0,3,-13163,-13.16,"567.25, 600.0999755859375, 764.1500244140625","455.95001220703125, 538.2000122070312, 650.8499755859375"
ESCORTS,14,30,14,2,0,2,-9417,-9.42,"149.0, 137.5500030517578","113.05000305175781, 125.69999694824219"
ESSARSHPNG,14,30,14,0,0,0,0,0.0,,
ESSENTIA,14,30,14,0,0,0,0,0.0,,
ESTER,14,30,14,1,1,0,21445,21.44,73.94999694824219,126.6500015258789
EVEREADY,14,30,14,2,1,1,110096,110.1,"45.900001525878906, 311.75","216.6999969482422, 292.1499938964844"
EVERESTIND,14,30,14,4,1,3,-21853,-21.85,"153.4499969482422, 246.5, 296.3500061035156, 532.7000122070312","142.0500030517578, 171.39999389648438, 236.0, 396.1499938964844"
EXCELINDUS,14,30,14,3,1,2,-14186,-14.19,"88.9000015258789, 179.25, 1165.3499755859375","61.75, 200.6999969482422, 838.1500244140625"
EXIDEIND,14,30,14,2,2,0,5872,5.87,"115.30000305175781, 197.3000030517578","121.19999694824219, 219.75"
EXPLEOSOL,14,30,14,1,1,0,41654,41.65,539.5,1294.5999755859375
EXXARO,14,30,14,0,0,0,0,0.0,,
FACT,14,30,14,1,0,1,-8832,-8.83,52.79999923706055,36.75
FAIRCHEMOR,14,30,14,0,0,0,0,0.0,,
FCL,14,30,14,1,0,1,-10767,-10.77,54.04999923706055,35.04999923706055
FCONSUMER,14,30,14,1,1,0,59995,59.99,13.350000381469727,39.0
FCSSOFT,14,30,14,1,0,1,-14692,-14.69,7.349999904632568,3.75
FDC,14,30,14,1,0,1,-3095,-3.1,299.1499938964844,270.04998779296875
FEDERALBNK,14,30,14,2,0,2,-7002,-7.0,"62.92499923706055, 91.44999694824219","54.25, 81.8499984741211"
FIEMIND,14,30,14,1,1,0,108588,108.59,94.375,439.5249938964844
FILATEX,14,30,14,1,0,1,-5942,-5.94,48.45000076293945,38.849998474121094
FINCABLES,14,30,14,0,0,0,0,0.0,,
FINEORG,14,30,14,0,0,0,0,0.0,,
FINOPB,14,30,14,0,0,0,0,0.0,,
FINPIPE,14,30,14,2,1,1,86492,86.49,"26.529998779296875, 151.25","105.04000091552734, 136.1999969482422"
FLUOROCHEM,14,30,14,0,0,0,0,0.0,,
FMGOETZE,14,30,14,1,1,0,2080,2.08,286.79998779296875,305.0
FOCUS,14,30,14,0,0,0,0,0.0,,
FOODSIN,14,30,14,0,0,0,0,0.0,,
FORTIS,14,30,14,1,1,0,4392,4.39,107.9000015258789,125.8499984741211
FOSECOIND,14,30,14,3,1,2,7537,7.54,"418.0, 482.70001220703125, 950.5","381.6499938964844, 471.45001220703125, 1315.0"
FSL,14,30,14,3,2,1,18156,18.16,"20.700000762939453, 43.849998474121094, 87.0","34.75, 33.650001525878906, 102.9000015258789"
GABRIEL,14,30,14,3,2,1,37282,37.28,"15.949999809265137, 51.54999923706055, 144.3000030517578","19.725000381469727, 119.94999694824219, 110.55000305175781"
GAEL,14,30,14,1,0,1,-12479,-12.48,9.975000381469727,5.849999904632568
GAIL,14,30,14,3,2,1,3658,3.66,"62.88753128051758, 81.74066162109375, 96.9188003540039","76.98754119873047, 67.55628204345703, 103.98332977294922"
GALAXYSURF,14,30,14,0,0,0,0,0.0,,
GALLANTT,14,30,14,1,0,1,-1295,-1.29,60.150001525878906,58.04999923706055
GANDHITUBE,14,30,14,2,2,0,12514,12.51,"97.75, 201.75","135.0500030517578, 201.3000030517578"
GANECOS,14,30,14,0,0,0,0,0.0,,
GANESHBE,14,30,14,0,0,0,0,0.0,,
GANESHHOUC,14,30,14,2,0,2,-11550,-11.55,"109.19999694824219, 103.44999694824219","65.43333435058594, 102.94999694824219"
GEECEE,14,30,14,2,1,1,45446,45.45,"45.099998474121094, 169.10000610351562","123.05000305175781, 127.80000305175781"
GEEKAYWIRE,14,30,14,1,1,0,20314,20.31,7.900000095367432,13.25
GENCON,14,30,14,0,0,0,0,0.0,,
GENESYS,14,30,14,2,2,0,38766,38.77,"17.600000381469727, 155.0","21.149999618530273, 293.70001220703125"
GENUSPAPER,14,30,14,0,0,0,0,0.0,,
GENUSPOWER,14,30,14,1,0,1,-12796,-12.8,18.399999618530273,10.600000381469727
GEOJITFSL,14,30,14,2,0,2,-10051,-10.05,"37.75, 77.0","28.899999618530273, 66.94999694824219"
GEPIL,14,30,14,3,2,1,-1368,-1.37,"615.0999755859375, 516.1500244140625, 727.5","508.70001220703125, 550.7000122070312, 767.75"
GESHIP,14,30,14,1,0,1,-5052,-5.05,439.8999938964844,365.6000061035156
GFLLIMITED,14,30,14,3,0,3,-45639,-45.64,"560.0, 63.82829666137695, 93.55000305175781","15.13464069366455, 45.243221282958984, 67.80000305175781"
GHCL,14,30,14,2,2,0,52682,52.68,"91.5, 373.04998779296875","217.9499969482422, 510.54998779296875"
GICHSGFIN,14,30,14,1,0,1,-1739,-1.74,93.0999984741211,88.55000305175781
GICRE,14,30,14,0,0,0,0,0.0,,
GILLETTE,14,30,14,3,3,0,27749,27.75,"1310.8499755859375, 3182.14990234375, 5975.0498046875","2004.75, 4217.7001953125, 6576.5498046875"
GINNIFILA,14,30,14,1,1,0,2999,3.0,13.0,13.949999809265137
GIPCL,14,30,14,2,0,2,-15225,-15.23,"108.55000305175781, 102.19999694824219","59.349998474121094, 96.80000305175781"
GKWLIMITED,14,30,14,1,0,1,-5776,-5.78,763.2000122070312,610.0
GLAND,14,30,14,0,0,0,0,0.0,,
GLAXO,14,30,14,0,0,0,0,0.0,,
GLENMARK,14,30,14,1,0,1,-7283,-7.28,592.5,448.5
GLOBAL,14,30,14,0,0,0,0,0.0,,
GLOBALVECT,14,30,14,1,1,0,22609,22.61,39.0,65.9000015258789
GLOBUSSPR,14,30,14,2,1,1,40780,40.78,"110.69999694824219, 289.1499938964844","64.55000305175781, 802.2000122070312"
GLS,14,30,14,0,0,0,0,0.0,,
GMBREW,14,30,14,1,0,1,-9867,-9.87,586.2080078125,403.20001220703125
GMDCLTD,14,30,14,1,0,1,-21974,-21.97,259.6000061035156,70.8499984741211
GMMPFAUDLR,14,30,14,0,0,0,0,0.0,,
GMRINFRA,14,30,14,0,0,0,0,0.0,,
GNA,14,30,14,0,0,0,0,0.0,,
GNFC,14,30,14,2,2,0,54953,54.95,"154.35000610351562, 377.20001220703125","328.45001220703125, 633.6500244140625"
GOACARBON,14,30,14,2,1,1,96214,96.21,"120.1500015258789, 106.0","76.5999984741211, 472.6000061035156"
GOCLCORP,14,30,14,1,1,0,61463,61.46,108.75,335.6499938964844
GOCOLORS,14,30,14,0,0,0,0,0.0,,
GODFRYPHLP,14,30,14,3,2,1,6505,6.5,"387.6400146484375, 939.75, 1321.6500244140625","545.510009765625, 1007.5999755859375, 940.5"
GODREJAGRO,14,30,14,1,0,1,-7981,-7.98,634.1500244140625,464.3500061035156
GODREJCP,14,30,14,2,1,1,230288,230.29,"74.0, 856.5499877929688","651.7999877929688, 747.2999877929688"
GODREJIND,14,30,14,1,0,1,-7267,-7.27,571.3499755859375,433.8500061035156
GODREJPROP,14,30,14,0,0,0,0,0.0,,
GOKEX,14,30,14,1,0,1,-11361,-11.36,112.25,68.5
GOKUL,14,30,14,1,0,1,-13713,-13.71,28.200000762939453,16.0
GOKULAGRO,14,30,14,0,0,0,0,0.0,,
GOLDIAM,14,30,14,1,0,1,-5854,-5.85,22.139999389648438,17.450000762939453
GOLDTECH,14,30,14,0,0,0,0,0.0,,
GOODLUCK,14,30,14,0,0,0,0,0.0,,
GPIL,14,30,14,2,1,1,20443,20.44,"40.11249923706055, 28.774999618530273","24.125, 58.11249923706055"
GPPL,14,30,14,1,1,0,23722,23.72,82.44999694824219,146.6999969482422
GPTINFRA,14,30,14,0,0,0,0,0.0,,
GRANULES,14,30,14,3,1,2,798,0.8,"9.354999542236328, 18.450000762939453, 157.3000030517578","7.139999866485596, 9.484999656677246, 281.79998779296875"
GRAPHITE,14,30,14,4,1,3,58120,58.12,"88.69999694824219, 104.0999984741211, 112.0999984741211, 637.3499755859375","78.75, 77.69999694824219, 412.04998779296875, 393.04998779296875"
GRASIM,14,30,14,2,1,1,11067,11.07,"427.6587219238281, 541.3029174804688","355.8229064941406, 830.248779296875"
GRAVITA,14,30,14,1,1,0,2331,2.33,80.3499984741211,89.19999694824219
GREAVESCOT,14,30,14,3,1,2,-6884,-6.88,"70.45999908447266, 130.0500030517578, 171.10000610351562","68.55000305175781, 129.89999389648438, 136.5500030517578"
GREENLAM,14,30,14,0,0,0,0,0.0,,
GREENPANEL,14,30,14,0,0,0,0,0.0,,
GREENPLY,14,30,14,2,1,1,574339,574.34,"9.872279167175293, 12.45584487915039","5.746106147766113, 256.8200378417969"
GREENPOWER,14,30,14,0,0,0,0,0.0,,
GRINDWELL,14,30,14,4,4,0,82071,82.07,"99.94999694824219, 188.3000030517578, 423.6000061035156, 688.0499877929688","116.4000015258789, 316.25, 456.20001220703125, 1900.949951171875"
GRINFRA,14,30,14,0,0,0,0,0.0,,
GRPLTD,14,30,14,0,0,0,0,0.0,,
GRSE,14,30,14,0,0,0,0,0.0,,
GSFC,14,30,14,4,1,3,-10466,-10.47,"52.04999923706055, 121.0999984741211, 131.0, 122.25","69.37999725341797, 67.05000305175781, 104.55000305175781, 119.0"
GSPL,14,30,14,2,1,1,26250,26.25,"91.25, 93.6500015258789","89.5, 174.4499969482422"
GSS,14,30,14,1,0,1,-12006,-12.01,54.29999923706055,35.099998474121094
GTLINFRA,14,30,14,1,0,1,-13402,-13.4,4.699999809265137,2.5999999046325684
GTPL,14,30,14,1,1,0,1882,1.88,133.8000030517578,145.0
GUFICBIO,14,30,14,2,2,0,109982,109.98,"20.200000762939453, 117.80000305175781","83.6500015258789, 186.39999389648438"
GUJALKALI,14,30,14,4,1,3,-8519,-8.52,"250.9499969482422, 215.39999389648438, 316.0, 750.75","149.6999969482422, 159.89999389648438, 506.5, 585.1500244140625"
GUJAPOLLO,14,30,14,2,0,2,-10151,-10.15,"203.0, 196.8000030517578","138.39999389648438, 190.5"
GUJGASLTD,14,30,14,1,1,0,22680,22.68,237.5500030517578,418.8500061035156
GULFOILLUB,14,30,14,0,0,0,0,0.0,,
GULFPETRO,14,30,14,1,1,0,46030,46.03,29.549999237060547,73.5999984741211
GULPOLY,14,30,14,1,1,0,36088,36.09,77.5,168.5833282470703
GVKPIL,14,30,14,1,0,1,-5128,-5.13,11.699999809265137,9.5
GVPTECH,14,30,14,0,0,0,0,0.0,,
HAL,14,30,14,0,0,0,0,0.0,,
HAPPSTMNDS,14,30,14,0,0,0,0,0.0,,
HARRMALAYA,14,30,14,2,1,1,2166,2.17,"85.1500015258789, 118.19999694824219","73.4000015258789, 137.4499969482422"
HATHWAY,14,30,14,1,1,0,5975,5.97,46.88999938964844,51.900001525878906
HATSUN,14,30,14,1,1,0,7448,7.45,711.021728515625,871.3280639648438
HAVELLS,14,30,14,2,1,1,264497,264.5,"61.32500076293945, 1105.550048828125","602.7999877929688, 1099.949951171875"
HBLPOWER,14,30,14,2,0,2,-15852,-15.85,"38.54999923706055, 50.45000076293945","25.850000381469727, 39.29999923706055"
HCC,14,30,14,2,0,2,-25526,-25.53,"35.61729431152344, 35.303287506103516","19.961833953857422, 19.916976928710938"
HCG,14,30,14,0,0,0,0,0.0,,
HCL-INSYS,14,30,14,1,1,0,0,0.0,64.5204849243164,64.5204849243164
HCLTECH,14,30,14,1,1,0,3758,3.76,89.5999984741211,102.2874984741211
HDFCAMC,14,30,14,0,0,0,0,0.0,,
HDFCBANK,14,30,14,1,1,0,128292,128.29,163.10499572753906,861.9000244140625
HDFCLIFE,14,30,14,0,0,0,0,0.0,,
HEG,14,30,14,4,1,3,106017,106.02,"370.04998779296875, 290.29998779296875, 279.8999938964844, 2266.0","202.3000030517578, 193.60000610351562, 1632.5999755859375, 1134.5"
HEIDELBERG,14,30,14,1,0,1,-2529,-2.53,68.80000305175781,64.19999694824219
HEMIPROP,14,30,14,0,0,0,0,0.0,,
HERANBA,14,30,14,0,0,0,0,0.0,,
HERCULES,14,30,14,1,0,1,-9883,-9.88,191.64999389648438,128.10000610351562
HERITGFOOD,14,30,14,1,1,0,97076,97.08,61.8043212890625,258.6273193359375
HEROMOTOCO,14,30,14,1,1,0,20237,20.24,872.2999877929688,1465.199951171875
HESTERBIO,14,30,14,0,0,0,0,0.0,,
HEUBACHIND,14,30,14,2,1,1,3820,3.82,"470.3999938964844, 813.3499755859375","565.1500244140625, 740.8499755859375"
HEXATRADEX,14,30,14,2,1,1,76443,76.44,"33.29999923706055, 40.20000076293945","28.950000762939453, 145.5500030517578"
HFCL,14,30,14,2,1,1,2463,2.46,"28.649999618530273, 45.29999923706055","19.75, 63.79999923706055"
HGINFRA,14,30,14,0,0,0,0,0.0,,
HGS,14,30,14,2,1,1,31929,31.93,"273.04998779296875, 451.67498779296875","212.6999969482422, 1029.699951171875"
HIKAL,14,30,14,2,1,1,2803,2.8,"61.11333465576172, 265.1499938964844","73.46666717529297, 239.0"
HIL,14,30,14,4,1,3,-1753,-1.75,"412.0, 655.4500122070312, 821.6500244140625, 3048.800048828125","335.8500061035156, 438.1499938964844, 1163.550048828125, 2843.64990234375"
HILTON,14,30,14,0,0,0,0,0.0,,
HIMATSEIDE,14,30,14,1,0,1,-13764,-13.76,268.45001220703125,148.10000610351562
HINDALCO,14,30,14,4,2,2,-3857,-3.86,"178.5, 164.1999969482422, 184.35000610351562, 364.3999938964844","150.60000610351562, 129.0, 208.5, 405.8999938964844"
HINDCOMPOS,14,30,14,3,2,1,41383,41.38,"134.48333740234375, 183.31666564941406, 315.54998779296875","147.23333740234375, 452.1499938964844, 269.8500061035156"
HINDCON,14,30,14,0,0,0,0,0.0,,
HINDCOPPER,14,30,14,1,0,1,-14180,-14.18,149.85000610351562,87.0999984741211
HINDMOTORS,14,30,14,0,0,0,0,0.0,,
HINDOILEXP,14,30,14,3,1,2,-3461,-3.46,"318.3999938964844, 64.69999694824219, 166.10000610351562","183.85000610351562, 96.0, 137.35000610351562"
HINDPETRO,14,30,14,1,1,0,54576,54.58,107.14444732666016,304.5
HINDUNILVR,14,30,14,0,0,0,0,0.0,,
HINDWAREAP,14,30,14,0,0,0,0,0.0,,
HIRECT,14,30,14,2,1,1,-2226,-2.23,"85.56251525878906, 96.75444030761719","57.0255241394043, 115.55000305175781"
HITECH,14,30,14,0,0,0,0,0.0,,
HITECHCORP,14,30,14,2,2,0,28507,28.51,"99.5, 144.3000030517578","155.5500030517578, 195.1999969482422"
HITECHGEAR,14,30,14,2,2,0,24597,24.6,"89.1500015258789, 197.5","101.8499984741211, 342.54998779296875"
HLEGLAS,14,30,14,0,0,0,0,0.0,,
HLVLTD,14,30,14,0,0,0,0,0.0,,
HMT,14,30,14,1,0,1,-3273,-3.27,30.700000762939453,26.5
HMVL,14,30,14,0,0,0,0,0.0,,
HOMEFIRST,14,30,14,0,0,0,0,0.0,,
HONAUT,14,30,14,1,0,1,-5090,-5.09,2399.199951171875,2020.25
HONDAPOWER,14,30,14,3,1,2,7950,7.95,"351.0, 649.0499877929688, 773.4500122070312","353.1499938964844, 397.25, 1305.0999755859375"
HPAL,14,30,14,0,0,0,0,0.0,,
HPL,14,30,14,0,0,0,0,0.0,,
HSCL,14,30,14,2,1,1,34610,34.61,"52.17499923706055, 46.70000076293945","42.75, 110.55000305175781"
HTMEDIA,14,30,14,2,0,2,-12608,-12.61,"118.8121566772461, 93.81352233886719","87.81568908691406, 76.82727813720703"
HUBTOWN,14,30,14,0,0,0,0,0.0,,
HUDCO,14,30,14,0,0,0,0,0.0,,
HUHTAMAKI,14,30,14,2,1,1,44742,44.74,"89.4000015258789, 320.1000061035156","239.35000610351562, 269.6499938964844"
IBREALEST,14,30,14,1,0,1,-12642,-12.64,151.3000030517578,89.30000305175781
IBULHSGFIN,14,30,14,0,0,0,0,0.0,,
ICEMAKE,14,30,14,0,0,0,0,0.0,,
ICICIBANK,14,30,14,2,1,1,-797,-0.8,"173.08181762695312, 302.6000061035156","158.77272033691406, 323.75"
ICICIGI,14,30,14,0,0,0,0,0.0,,
ICICIPRULI,14,30,14,1,0,1,-9277,-9.28,510.95001220703125,355.70001220703125
ICIL,14,30,14,1,0,1,-2456,-2.46,143.14999389648438,131.0500030517578
ICRA,14,30,14,2,1,1,-7731,-7.73,"880.2000122070312, 1485.550048828125","951.75, 1009.9000244140625"
IDBI,14,30,14,1,0,1,-12969,-12.97,156.4499969482422,89.0999984741211
IDEA,14,30,14,0,0,0,0,0.0,,
IDFC,14,30,14,2,0,2,-12874,-12.87,"83.25902557373047, 84.08917236328125","69.43949127197266, 63.45753860473633"
IDFCFIRSTB,14,30,14,0,0,0,0,0.0,,
IEX,14,30,14,0,0,0,0,0.0,,
IFBAGRO,14,30,14,4,1,3,31793,31.79,"87.25, 91.94999694824219, 209.4499969482422, 561.5499877929688","63.04999923706055, 67.9000015258789, 541.5999755859375, 519.0"
IFBIND,14,30,14,3,2,1,4217,4.22,"83.5, 263.45001220703125, 719.5","74.25, 288.95001220703125, 845.5999755859375"
IFCI,14,30,14,1,0,1,-11502,-11.5,13.949999809265137,8.649999618530273
IFGLEXPOR,14,30,14,3,2,1,4304,4.3,"62.400001525878906, 210.39999389648438, 371.04998779296875","86.9000015258789, 222.5500030517578, 253.85000610351562"
IGARASHI,14,30,14,4,0,4,-34810,-34.81,"63.49209213256836, 69.7211685180664, 500.5, 578.9000244140625","42.2242431640625, 50.45552444458008, 356.75, 410.29998779296875"
IGL,14,30,14,2,2,0,144559,144.56,"33.720001220703125, 71.7300033569336","43.70000076293945, 392.79998779296875"
IGPL,14,30,14,1,1,0,158441,158.44,64.0,399.6000061035156
IIFL,14,30,14,2,2,0,105151,105.15,"58.71057891845703, 302.54998779296875","255.319580078125, 340.1000061035156"
IIFLSEC,14,30,14,0,0,0,0,0.0,,
IITL,14,30,14,0,0,0,0,0.0,,
IL&FSENGG,14,30,14,0,0,0,0,0.0,,
IMAGICAA,14,30,14,0,0,0,0,0.0,,
IMFA,14,30,14,2,1,1,-13259,-13.26,"310.2749938964844, 238.89999389648438","170.97500610351562, 245.3000030517578"
IMPAL,14,30,14,2,1,1,114491,114.49,"118.66666412353516, 760.8499755859375","578.2000122070312, 705.9500122070312"
INCREDIBLE,14,30,14,0,0,0,0,0.0,,
INDBANK,14,30,14,2,0,2,-19616,-19.62,"13.25, 14.850000381469727","6.800000190734863, 11.600000381469727"
INDHOTEL,14,30,14,1,0,1,-575,-0.58,94.46991729736328,92.51880645751953
INDIACEM,14,30,14,2,0,2,-13690,-13.69,"111.55000305175781, 157.0500030517578","72.55000305175781, 141.75"
INDIAGLYCO,14,30,14,3,2,1,31685,31.68,"367.75, 134.14999389648438, 366.79998779296875","205.75, 262.54998779296875, 582.4000244140625"
INDIAMART,14,30,14,0,0,0,0,0.0,,
INDIANB,14,30,14,2,0,2,-9248,-9.25,"225.35000610351562, 272.25","189.0500030517578, 227.39999389648438"
INDIANHUME,14,30,14,2,1,1,61637,61.64,"79.48999786376953, 96.7249984741211","61.5, 312.54998779296875"
INDIGO,14,30,14,0,0,0,0,0.0,,
INDIGOPNTS,14,30,14,0,0,0,0,0.0,,
INDNIPPON,14,30,14,2,1,1,59078,59.08,"75.30357360839844, 125.19999694824219","74.92500305175781, 380.54998779296875"
INDOCO,14,30,14,2,0,2,-5518,-5.52,"57.7599983215332, 67.5999984741211","54.06666564941406, 58.150001525878906"
INDORAMA,14,30,14,2,0,2,-10961,-10.96,"42.599998474121094, 49.04999923706055","29.149999618530273, 47.20000076293945"
INDOSTAR,14,30,14,0,0,0,0,0.0,,
INDOTECH,14,30,14,2,0,2,-14976,-14.98,"188.5, 231.85000610351562","144.1999969482422, 171.9499969482422"
INDOTHAI,14,30,14,1,1,0,104050,104.05,49.5,219.10000610351562
INDOWIND,14,30,14,1,1,0,9679,9.68,7.010794162750244,9.199999809265137
INDRAMEDCO,14,30,14,1,1,0,1483,1.48,45.5,47.599998474121094
INDSWFTLAB,14,30,14,1,0,1,-8351,-8.35,76.19999694824219,56.54999923706055
INDTERRAIN,14,30,14,1,1,0,132161,132.16,29.389999389648438,156.89999389648438
INDUSINDBK,14,30,14,2,1,1,236301,236.3,"119.3499984741211, 147.89999389648438","54.04999923706055, 1425.0999755859375"
INDUSTOWER,14,30,14,0,0,0,0,0.0,,
INFIBEAM,14,30,14,1,0,1,-10094,-10.09,21.387500762939453,14.75
INFOBEAN,14,30,14,1,0,1,-6564,-6.56,85.4000015258789,66.30000305175781
INFY,14,30,14,3,1,2,2655,2.65,"325.13751220703125, 413.73748779296875, 682.5499877929688","292.8687438964844, 517.9249877929688, 641.5"
INGERRAND,14,30,14,2,0,2,-8702,-8.7,"409.95001220703125, 703.2999877929688","299.8500061035156, 680.0999755859375"
INOXWIND,14,30,14,0,0,0,0,0.0,,
INSECTICID,14,30,14,2,0,2,-17572,-17.57,"371.3555603027344, 413.3333435058594","224.8333282470703, 329.5333251953125"
INSPIRISYS,14,30,14,1,0,1,-1304,-1.3,42.5,41.099998474121094
INTELLECT,14,30,14,2,0,2,-13016,-13.02,"205.60000610351562, 740.0","182.39999389648438, 517.4000244140625"
INTENTECH,14,30,14,1,0,1,-1558,-1.56,63.45000076293945,64.19999694824219
INTLCONV,14,30,14,0,0,0,0,0.0,,
INVENTURE,14,30,14,0,0,0,0,0.0,,
IOB,14,30,14,0,0,0,0,0.0,,
IOC,14,30,14,2,1,1,21229,21.23,"56.70833206176758, 60.400001525878906","52.508331298828125, 108.19999694824219"
IOLCP,14,30,14,2,1,1,39662,39.66,"44.95000076293945, 170.0","28.600000381469727, 444.29998779296875"
IPCALAB,14,30,14,1,1,0,3090,3.09,113.67500305175781,127.1500015258789
IPL,14,30,14,0,0,0,0,0.0,,
IRB,14,30,14,1,0,1,-2096,-2.1,23.110000610351562,21.34000015258789
IRCON,14,30,14,0,0,0,0,0.0,,
IRCTC,14,30,14,0,0,0,0,0.0,,
IRFC,14,30,14,0,0,0,0,0.0,,
IRIS,14,30,14,0,0,0,0,0.0,,
IRISDOREME,14,30,14,0,0,0,0,0.0,,
ISEC,14,30,14,0,0,0,0,0.0,,
ISGEC,14,30,14,0,0,0,0,0.0,,
ISMTLTD,14,30,14,0,0,0,0,0.0,,
ITC,14,30,14,0,0,0,0,0.0,,
ITDC,14,30,14,0,0,0,0,0.0,,
ITDCEM,14,30,14,1,1,0,58320,58.32,43.400001525878906,126.0999984741211
ITI,14,30,14,2,0,2,-16948,-16.95,"29.049999237060547, 124.8499984741211","20.149999618530273, 94.30000305175781"
IVC,14,30,14,1,0,1,-13862,-13.86,31.350000381469727,17.100000381469727
IVP,14,30,14,2,1,1,35349,35.35,"60.099998474121094, 129.25","132.8000030517578, 119.05000305175781"
IWEL,14,30,14,0,0,0,0,0.0,,
IZMO,14,30,14,2,0,2,-8876,-8.88,"81.80000305175781, 76.1500015258789","61.79999923706055, 71.25"
J&KBANK,14,30,14,1,0,1,-3039,-3.04,75.625,67.55999755859375
JAGRAN,14,30,14,2,1,1,9718,9.72,"117.5999984741211, 119.69999694824219","109.5999984741211, 165.10000610351562"
JAGSNPHARM,14,30,14,1,1,0,20451,20.45,20.450000762939453,35.5
JAIBALAJI,14,30,14,1,0,1,-14548,-14.55,30.5,15.699999809265137
JAICORPLTD,14,30,14,1,0,1,-7049,-7.05,153.8000030517578,117.80000305175781
JAMNAAUTO,14,30,14,1,1,0,86538,86.54,14.40999984741211,56.0
JASH,14,30,14,0,0,0,0,0.0,,
JAYAGROGN,14,30,14,4,1,3,18346,18.35,"49.349998474121094, 70.82499694824219, 98.1500015258789, 290.6499938964844","39.775001525878906, 48.92499923706055, 246.10000610351562, 172.6999969482422"
JAYBARMARU,14,30,14,3,1,2,56497,56.5,"13.859999656677246, 21.799999237060547, 75.58999633789062","12.109999656677246, 70.9800033569336, 63.2599983215332"
JAYNECOIND,14,30,14,1,0,1,-14883,-14.88,41.29999923706055,22.549999237060547
JAYSREETEA,14,30,14,2,1,1,8739,8.74,"97.82499694824219, 97.6500015258789","136.8000030517578, 85.5999984741211"
JBCHEPHARM,14,30,14,1,0,1,-2260,-2.26,35.474998474121094,34.775001525878906
JBMA,14,30,14,2,1,1,-359,-0.36,"6.449999809265137, 110.37999725341797","5.610000133514404, 114.77999877929688"
JCHAC,14,30,14,1,0,1,-12888,-12.89,262.6000061035156,150.0
JETAIRWAYS,14,30,14,2,0,2,-24499,-24.5,"621.1500244140625, 679.7000122070312","353.6000061035156, 412.8500061035156"
JINDALPHOT,14,30,14,2,0,2,-24252,-24.25,"114.38176727294922, 118.81320190429688","82.42475891113281, 63.28094482421875"
JINDALPOLY,14,30,14,2,1,1,20495,20.5,"281.4563293457031, 373.8999938964844","176.41990661621094, 796.4500122070312"
JINDALSAW,14,30,14,2,0,2,-21450,-21.45,"212.39999389648438, 139.10000610351562","152.6999969482422, 78.80000305175781"
JINDALSTEL,14,30,14,1,1,0,3167,3.17,522.0416870117188,587.8499755859375
JINDRILL,14,30,14,0,0,0,0,0.0,,
JINDWORLD,14,30,14,1,1,0,60759,60.76,92.05000305175781,278.95001220703125
JISLDVREQS,14,30,14,2,0,2,-20729,-20.73,"72.8499984741211, 62.849998474121094","38.95000076293945, 49.150001525878906"
JISLJALEQS,14,30,14,1,0,1,-483,-0.48,166.1619110107422,162.23809814453125
JITFINFRA,14,30,14,1,1,0,53193,53.19,28.75,81.0999984741211
JKCEMENT,14,30,14,4,1,3,-20799,-20.8,"186.5500030517578, 252.0500030517578, 390.0, 1385.949951171875","114.4000015258789, 181.4499969482422, 478.3500061035156, 935.5499877929688"
JKIL,14,30,14,2,1,1,4912,4.91,"115.125, 160.4250030517578","80.94999694824219, 235.14999389648438"
JKLAKSHMI,14,30,14,4,1,3,-9973,-9.97,"71.9000015258789, 97.55000305175781, 212.89999389648438, 542.6500244140625","47.25, 60.70000076293945, 350.54998779296875, 420.25"
JKPAPER,14,30,14,2,1,1,1015,1.02,"48.773250579833984, 261.1499938964844","40.04999923706055, 322.45001220703125"
JKTYRE,14,30,14,3,0,3,-23325,-23.33,"39.06999969482422, 131.9499969482422, 130.3000030517578","20.530000686645508, 121.8499984741211, 101.69999694824219"
JMA,14,30,14,0,0,0,0,0.0,,
JMFINANCIL,14,30,14,1,0,1,-9866,-9.87,112.0,74.69999694824219
JPASSOCIAT,14,30,14,1,0,1,-15351,-15.35,29.399999618530273,14.75
JPOLYINVST,14,30,14,0,0,0,0,0.0,,
JPPOWER,14,30,14,0,0,0,0,0.0,,
JSL,14,30,14,2,1,1,4007,4.01,"72.19999694824219, 75.69999694824219","58.150001525878906, 99.80000305175781"
JSWENERGY,14,30,14,0,0,0,0,0.0,,
JSWHL,14,30,14,2,0,2,-16717,-16.72,"1729.75, 3848.85009765625","1021.0999755859375, 3116.550048828125"
JSWSTEEL,14,30,14,2,1,1,10549,10.55,"122.76000213623047, 167.52000427246094","88.33499908447266, 271.70001220703125"
JTEKTINDIA,14,30,14,2,1,1,13695,13.7,"21.149999618530273, 118.5999984741211","38.099998474121094, 76.69999694824219"
JTLIND,14,30,14,0,0,0,0,0.0,,
JUBLFOOD,14,30,14,1,1,0,44808,44.81,204.32000732421875,512.25
JUBLINDS,14,30,14,2,2,0,32541,32.54,"154.3000030517578, 215.6999969482422","214.1999969482422, 361.8999938964844"
JUBLINGREA,14,30,14,0,0,0,0,0.0,,
JUBLPHARMA,14,30,14,2,0,2,-15440,-15.44,"246.28680419921875, 668.9409790039062","168.13577270507812, 519.1500244140625"
JUSTDIAL,14,30,14,1,0,1,-8725,-8.72,944.4000244140625,661.5
JWL,14,30,14,0,0,0,0,0.0,,
JYOTHYLAB,14,30,14,1,1,0,38916,38.92,81.32499694824219,185.6999969482422
JYOTISTRUC,14,30,14,1,1,0,16425,16.43,6.300000190734863,9.649999618530273
KABRAEXTRU,14,30,14,3,2,1,81582,81.58,"51.07500076293945, 60.0, 130.64999389648438","39.599998474121094, 108.4000015258789, 412.45001220703125"
KAJARIACER,14,30,14,1,1,0,12485,12.48,824.7000122070312,1154.8499755859375
KALYANIFRG,14,30,14,2,0,2,-13015,-13.01,"257.0, 373.95001220703125","228.0, 275.95001220703125"
KALYANKJIL,14,30,14,0,0,0,0,0.0,,
KAMATHOTEL,14,30,14,2,0,2,-28282,-28.28,"139.75, 106.8499984741211","84.25, 47.04999923706055"
KAMDHENU,14,30,14,1,0,1,-10096,-10.1,16.471595764160156,11.222111701965332
KANORICHEM,14,30,14,2,2,0,12668,12.67,"49.349998474121094, 127.3499984741211","66.4000015258789, 123.69999694824219"
KANPRPLA,14,30,14,0,0,0,0,0.0,,
KANSAINER,14,30,14,1,1,0,188760,188.76,34.80833435058594,253.46665954589844
KAPSTON,14,30,14,0,0,0,0,0.0,,
KARURVYSYA,14,30,14,3,1,2,2837,2.84,"44.284690856933594, 97.19754028320312, 98.20542907714844","64.4369888305664, 71.40750122070312, 90.95454406738281"
KAYA,14,30,14,0,0,0,0,0.0,,
KCP,14,30,14,2,1,1,19891,19.89,"51.20000076293945, 143.25","97.9000015258789, 103.75"
KCPSUGIND,14,30,14,1,0,1,-7694,-7.69,23.0,17.399999618530273
KDDL,14,30,14,0,0,0,0,0.0,,
KEC,14,30,14,1,1,0,32737,32.74,119.80000305175781,244.9499969482422
KECL,14,30,14,0,0,0,0,0.0,,
KEI,14,30,14,1,1,0,240798,240.8,31.149999618530273,268.3500061035156
KELLTONTEC,14,30,14,1,0,1,-5470,-5.47,72.05000305175781,59.900001525878906
KERNEX,14,30,14,0,0,0,0,0.0,,
KESORAMIND,14,30,14,2,0,2,-16189,-16.19,"115.98745727539062, 78.9173812866211","101.06230926513672, 47.099998474121094"
KHADIM,14,30,14,0,0,0,0,0.0,,
KHAICHEM,14,30,14,0,0,0,0,0.0,,
KICL,14,30,14,3,1,2,7109,7.11,"693.7000122070312, 2379.75, 2054.699951171875","1184.800048828125, 1822.5, 1582.5"
KILITCH,14,30,14,0,0,0,0,0.0,,
KIMS,14,30,14,0,0,0,0,0.0,,
KINGFA,14,30,14,1,1,0,389503,389.5,41.2326545715332,575.75
KIOCL,14,30,14,1,0,1,-10436,-10.44,258.8500061035156,177.0500030517578
KIRIINDUS,14,30,14,1,0,1,-11229,-11.23,131.5,77.9000015258789
KIRLOSBROS,14,30,14,1,0,1,-3357,-3.36,252.5500030517578,228.0500030517578
KIRLOSENG,14,30,14,2,0,2,-8442,-8.44,"167.0, 330.04998779296875","155.4499969482422, 261.45001220703125"
KIRLOSIND,14,30,14,3,2,1,34458,34.46,"166.4499969482422, 379.70001220703125, 610.5499877929688","250.60000610351562, 310.0, 1089.949951171875"
KITEX,14,30,14,0,0,0,0,0.0,,
KKCL,14,30,14,1,1,0,17217,17.22,63.38999938964844,99.61000061035156
KMSUGAR,14,30,14,1,0,1,-17870,-17.87,4.699999809265137,2.0999999046325684
KNRCON,14,30,14,1,1,0,90063,90.06,22.079999923706055,89.125
KOKUYOCMLN,14,30,14,1,1,0,3553,3.55,71.75,80.6500015258789
KOLTEPATIL,14,30,14,3,0,3,-27721,-27.72,"112.55000305175781, 253.0500030517578, 325.6000061035156","55.849998474121094, 230.6999969482422, 217.4499969482422"
KOPRAN,14,30,14,4,2,2,-3816,-3.82,"32.0, 31.950000762939453, 90.9000015258789, 130.4499969482422","22.399999618530273, 42.04999923706055, 55.04999923706055, 158.1999969482422"
KOTAKBANK,14,30,14,0,0,0,0,0.0,,
KOTARISUG,14,30,14,2,0,2,-11048,-11.05,"10.0, 14.050000190734863","6.949999809265137, 11.899999618530273"
KOTHARIPET,14,30,14,2,1,1,7059,7.06,"28.700000762939453, 28.899999618530273","7.900000095367432, 56.45000076293945"
KOTHARIPRO,14,30,14,3,1,2,-3835,-3.83,"120.06666564941406, 133.03334045410156, 106.69999694824219","85.95555877685547, 161.85000610351562, 101.0"
KPIGREEN,14,30,14,0,0,0,0,0.0,,
KPITTECH,14,30,14,0,0,0,0,0.0,,
KPRMILL,14,30,14,1,0,1,-7369,-7.37,14.649999618530273,11.114999771118164
KRBL,14,30,14,1,0,1,-5654,-5.65,21.75,17.200000762939453
KRISHANA,14,30,14,0,0,0,0,0.0,,
KRITI,14,30,14,0,0,0,0,0.0,,
KRITIKA,14,30,14,1,0,1,-7760,-7.76,4.1366658210754395,3.0
KRSNAA,14,30,14,0,0,0,0,0.0,,
KSB,14,30,14,0,0,0,0,0.0,,
KSCL,14,30,14,0,0,0,0,0.0,,
KSL,14,30,14,2,1,1,48884,48.88,"103.0999984741211, 317.54998779296875","279.8500061035156, 281.6000061035156"
KSOLVES,14,30,14,0,0,0,0,0.0,,
KTKBANK,14,30,14,2,0,2,-15885,-15.88,"121.44805908203125, 127.90908813476562","78.98176574707031, 104.45454406738281"
KUANTUM,14,30,14,0,0,0,0,0.0,,
L&TFH,14,30,14,1,1,0,10237,10.24,90.17455291748047,120.54277801513672
LAGNAM,14,30,14,1,1,0,23933,23.93,28.5,49.400001525878906
LALPATHLAB,14,30,14,0,0,0,0,0.0,,
LAOPALA,14,30,14,1,1,0,1501871,1501.87,4.505000114440918,223.64999389648438
LATENTVIEW,14,30,14,0,0,0,0,0.0,,
LAURUSLABS,14,30,14,1,1,0,36624,36.62,186.64999389648438,417.45001220703125
LAXMIMACH,14,30,14,1,1,0,8134,8.13,4237.9501953125,5375.9501953125
LEMONTREE,14,30,14,0,0,0,0,0.0,,
LGBBROSLTD,14,30,14,2,2,0,20400,20.4,"149.1374969482422, 313.0","206.64999389648438, 405.6499938964844"
LGBFORGE,14,30,14,3,2,1,18555,18.55,"3.7329959869384766, 4.650000095367432, 13.050000190734863","4.764482021331787, 7.949999809265137, 8.899999618530273"
LGHL,14,30,14,0,0,0,0,0.0,,
LIBERTSHOE,14,30,14,2,1,1,-4744,-4.74,"155.10000610351562, 241.4499969482422","168.60000610351562, 186.4499969482422"
LICHSGFIN,14,30,14,2,1,1,1393,1.39,"68.9800033569336, 362.04998779296875","39.029998779296875, 534.9500122070312"
LIKHITHA,14,30,14,0,0,0,0,0.0,,
LINC,14,30,14,0,0,0,0,0.0,,
LINCOLN,14,30,14,0,0,0,0,0.0,,
LINDEINDIA,14,30,14,3,2,1,10761,10.76,"188.5, 441.3999938964844, 437.1000061035156","285.29998779296875, 323.1499938964844, 485.29998779296875"
LODHA,14,30,14,0,0,0,0,0.0,,
LOKESHMACH,14,30,14,1,1,0,21308,21.31,39.400001525878906,65.69999694824219
LT,14,30,14,0,0,0,0,0.0,,
LTIM,14,30,14,0,0,0,0,0.0,,
LTTS,14,30,14,1,1,0,8442,8.44,2567.699951171875,3335.89990234375
LUMAXIND,14,30,14,0,0,0,0,0.0,,
LUMAXTECH,14,30,14,2,2,0,48519,48.52,"22.649999618530273, 52.029998779296875","29.049999237060547, 122.94999694824219"
LUPIN,14,30,14,0,0,0,0,0.0,,
LUXIND,14,30,14,1,1,0,4335,4.33,1732.199951171875,2006.3499755859375
LXCHEM,14,30,14,0,0,0,0,0.0,,
LYKALABS,14,30,14,2,2,0,115224,115.22,"18.0, 41.29999923706055","61.54999923706055, 103.05000305175781"
M&M,14,30,14,2,1,1,3663,3.66,"270.2124938964844, 751.0999755859375","326.29998779296875, 680.0499877929688"
M&MFIN,14,30,14,2,1,1,62605,62.61,"45.45903396606445, 222.1127471923828","150.68670654296875, 164.7707061767578"
MAANALU,14,30,14,1,1,0,58541,58.54,3.875,11.368749618530273
MACPOWER,14,30,14,0,0,0,0,0.0,,
MADRASFERT,14,30,14,1,0,1,-11266,-11.27,27.950000762939453,17.649999618530273
MAGADSUGAR,14,30,14,0,0,0,0,0.0,,
MAGNUM,14,30,14,0,0,0,0,0.0,,
MAHABANK,14,30,14,2,0,2,-12643,-12.64,"55.400001525878906, 24.049999237060547","51.0, 15.550000190734863"
MAHAPEXLTD,14,30,14,0,0,0,0,0.0,,
MAHEPC,14,30,14,0,0,0,0,0.0,,
MAHLIFE,14,30,14,1,0,1,-5612,-5.61,167.14999389648438,136.0
MAHLOG,14,30,14,1,0,1,-8389,-8.39,551.9500122070312,403.3500061035156
MAHSCOOTER,14,30,14,3,1,2,94504,94.5,"329.95001220703125, 446.5, 4653.9501953125","300.0, 2050.449951171875, 3659.10009765625"
MAHSEAMLES,14,30,14,2,1,1,3011,3.01,"196.8000030517578, 170.5","168.3249969482422, 214.02499389648438"
MAITHANALL,14,30,14,2,2,0,128802,128.8,"93.67500305175781, 789.75","491.8999938964844, 800.0"
MANAKCOAT,14,30,14,1,1,0,13854,13.85,11.800000190734863,16.700000762939453
MANAKSIA,14,30,14,0,0,0,0,0.0,,
MANAKSTEEL,14,30,14,0,0,0,0,0.0,,
MANALIPETC,14,30,14,2,2,0,46044,46.04,"14.100000381469727, 64.3499984741211","33.599998474121094, 77.19999694824219"
MANAPPURAM,14,30,14,0,0,0,0,0.0,,
MANGCHEFER,14,30,14,1,0,1,-3494,-3.49,82.30000305175781,73.30000305175781
MANGLMCEM,14,30,14,4,0,4,-37231,-37.23,"174.35000610351562, 174.6999969482422, 245.85000610351562, 455.29998779296875","114.30000305175781, 121.1500015258789, 194.8000030517578, 270.1499938964844"
MANINDS,14,30,14,1,0,1,-11328,-11.33,121.75,75.05000305175781
MANINFRA,14,30,14,0,0,0,0,0.0,,
MANORG,14,30,14,0,0,0,0,0.0,,
MAPMYINDIA,14,30,14,0,0,0,0,0.0,,
MARALOVER,14,30,14,1,1,0,9697,9.7,38.349998474121094,49.20000076293945
MARATHON,14,30,14,0,0,0,0,0.0,,
MARICO,14,30,14,2,2,0,216292,216.29,"42.43098449707031, 411.45001220703125","341.6000061035156, 479.79998779296875"
MARINE,14,30,14,0,0,0,0,0.0,,
MARKSANS,14,30,14,2,1,1,178860,178.86,"4.800000190734863, 50.900001525878906","34.849998474121094, 45.5"
MARUTI,14,30,14,2,0,2,-14624,-14.62,"1701.4000244140625, 1581.5999755859375","1230.1500244140625, 1243.550048828125"
MASFIN,14,30,14,0,0,0,0,0.0,,
MASTEK,14,30,14,2,2,0,39913,39.91,"284.8999938964844, 860.75","376.29998779296875, 1741.25"
MATRIMONY,14,30,14,1,0,1,-5661,-5.66,819.1500244140625,670.75
MAWANASUG,14,30,14,2,1,1,65595,65.59,"17.600000381469727, 100.3499984741211","58.79999923706055, 84.80000305175781"
MAXHEALTH,14,30,14,0,0,0,0,0.0,,
MAXIND,14,30,14,0,0,0,0,0.0,,
MAYURUNIQ,14,30,14,1,0,1,-2366,-2.37,454.5,420.04998779296875
MAZDA,14,30,14,1,0,1,-14236,-14.24,453.0,244.75
MAZDOCK,14,30,14,0,0,0,0,0.0,,
MBAPL,14,30,14,1,1,0,337307,337.31,19.25,230.5
MBLINFRA,14,30,14,1,0,1,-1236,-1.24,170.02499389648438,162.85000610351562
MCDOWELL-N,14,30,14,4,1,3,-5679,-5.68,"277.0, 368.0199890136719, 658.3900146484375, 853.0999755859375","221.4199981689453, 497.69000244140625, 514.2999877929688, 740.5999755859375"
MCLEODRUSS,14,30,14,0,0,0,0,0.0,,
MCX,14,30,14,1,1,0,2570,2.57,1168.050048828125,1272.25
MEDICAMEQ,14,30,14,0,0,0,0,0.0,,
MEDPLUS,14,30,14,0,0,0,0,0.0,,
MEGASOFT,14,30,14,1,0,1,-7317,-7.32,14.021158218383789,10.684798240661621
MENONBE,14,30,14,0,0,0,0,0.0,,
METROBRAND,14,30,14,0,0,0,0,0.0,,
METROPOLIS,14,30,14,0,0,0,0,0.0,,
MFSL,14,30,14,0,0,0,0,0.0,,
MGEL,14,30,14,0,0,0,0,0.0,,
MGL,14,30,14,0,0,0,0,0.0,,
MHRIL,14,30,14,0,0,0,0,0.0,,
MICEL,14,30,14,0,0,0,0,0.0,,
MIDHANI,14,30,14,0,0,0,0,0.0,,
MINDACORP,14,30,14,0,0,0,0,0.0,,
MINDTECK,14,30,14,0,0,0,0,0.0,,
MIRCELECTR,14,30,14,2,0,2,-12956,-12.96,"10.550000190734863, 20.049999237060547","8.949999809265137, 13.850000381469727"
MIRZAINT,14,30,14,1,0,1,-10519,-10.52,159.75,103.55000305175781
MITCON,14,30,14,0,0,0,0,0.0,,
MKPL,14,30,14,1,1,0,292676,292.68,0.9111109972000122,9.850000381469727
MMFL,14,30,14,3,3,0,40992,40.99,"40.599998474121094, 86.125, 323.3999938964844","41.54999923706055, 196.02499389648438, 348.29998779296875"
MMP,14,30,14,1,0,1,-4580,-4.58,149.89999389648438,126.0999984741211
MMTC,14,30,14,1,0,1,-4661,-4.66,40.849998474121094,34.45000076293945
MODIRUBBER,14,30,14,1,0,1,-10939,-10.94,95.69999694824219,54.599998474121094
MODISONLTD,14,30,14,0,0,0,0,0.0,,
MOIL,14,30,14,2,0,2,-11451,-11.45,"175.875, 192.25","160.8000030517578, 140.10000610351562"
MOL,14,30,14,0,0,0,0,0.0,,
MOLDTECH,14,30,14,0,0,0,0,0.0,,
MOLDTKPAC,14,30,14,1,1,0,26763,26.76,445.54998779296875,844.9500122070312
MONTECARLO,14,30,14,1,1,0,23162,23.16,351.5,623.9000244140625
MOREPENLAB,14,30,14,1,1,0,80094,80.09,5.150000095367432,19.0
MOTHERSON,14,30,14,4,3,1,49176,49.18,"7.687847137451172, 15.988240242004395, 63.787010192871094, 87.98946380615234","8.211343765258789, 41.255733489990234, 70.16206359863281, 72.66666412353516"
MOTILALOFS,14,30,14,3,1,2,45904,45.9,"223.89999389648438, 943.0999755859375, 1788.4000244140625","776.2000122070312, 726.0, 554.9249877929688"
MPHASIS,14,30,14,2,1,1,694,0.69,"666.9000244140625, 1539.949951171875","431.5, 2087.64990234375"
MPSLTD,14,30,14,0,0,0,0,0.0,,
MRF,14,30,14,1,1,0,218577,218.58,6784.35009765625,61289.19921875
MRPL,14,30,14,1,0,1,-11315,-11.31,82.05000305175781,52.099998474121094
MSPL,14,30,14,0,0,0,0,0.0,,
MSTCLTD,14,30,14,0,0,0,0,0.0,,
MTARTECH,14,30,14,0,0,0,0,0.0,,
MTNL,14,30,14,0,0,0,0,0.0,,
MUKANDLTD,14,30,14,2,0,2,-11028,-11.03,"41.95000076293945, 68.05000305175781","33.04999923706055, 58.20000076293945"
MUNJALAU,14,30,14,2,1,1,20821,20.82,"9.895000457763672, 38.599998474121094","17.924999237060547, 33.724998474121094"
MUNJALSHOW,14,30,14,1,1,0,10020,10.02,113.94999694824219,150.5
MURUDCERA,14,30,14,1,0,1,-5293,-5.29,22.950000762939453,18.549999237060547
MUTHOOTCAP,14,30,14,0,0,0,0,0.0,,
MUTHOOTFIN,14,30,14,0,0,0,0,0.0,,
NACLIND,14,30,14,0,0,0,0,0.0,,
NAGAFERT,14,30,14,1,0,1,-4768,-4.77,9.75,8.149999618530273
NAHARCAP,14,30,14,2,1,1,19374,19.37,"82.69999694824219, 125.0","53.54999923706055, 245.0500030517578"
NAHARINDUS,14,30,14,3,1,2,-524,-0.52,"54.900001525878906, 114.25, 59.75","44.0, 87.5, 84.8499984741211"
NAHARPOLY,14,30,14,2,2,0,85280,85.28,"32.75, 65.44999694824219","52.150001525878906, 213.4499969482422"
NAHARSPING,14,30,14,1,1,0,21556,21.56,142.25,249.0
NAM-INDIA,14,30,14,0,0,0,0,0.0,,
NATCOPHARM,14,30,14,2,1,1,802458,802.46,"26.65999984741211, 900.4000244140625","751.5, 756.1500244140625"
NATHBIOGEN,14,30,14,1,1,0,39882,39.88,162.35000610351562,373.25
NATIONALUM,14,30,14,2,0,2,-8627,-8.63,"75.05000305175781, 78.3499984741211","61.54999923706055, 70.19999694824219"
NAUKRI,14,30,14,1,1,0,17537,17.54,446.0,700.0999755859375
NAVA,14,30,14,2,0,2,-7338,-7.34,"186.75, 125.19999694824219","145.77499389648438, 119.4000015258789"
NAVINFLUOR,14,30,14,2,2,0,214791,214.79,"114.29000091552734, 1006.9500122070312","629.0, 3766.699951171875"
NAVKARCORP,14,30,14,0,0,0,0,0.0,,
NAVNETEDUL,14,30,14,3,3,0,4189,4.19,"51.20000076293945, 75.5, 124.05000305175781","51.599998474121094, 83.44999694824219, 127.25"
NAZARA,14,30,14,0,0,0,0,0.0,,
NBCC,14,30,14,0,0,0,0,0.0,,
NBIFIN,14,30,14,0,0,0,0,0.0,,
NCC,14,30,14,0,0,0,0,0.0,,
NCLIND,14,30,14,4,1,3,73370,73.37,"49.400001525878906, 39.150001525878906, 184.64999389648438, 246.6999969482422","35.29999923706055, 163.89999389648438, 177.0500030517578, 184.8000030517578"
NDGL,14,30,14,0,0,0,0,0.0,,
NDL,14,30,14,1,0,1,-3332,-3.33,26.700000762939453,22.950000762939453
NDRAUTO,14,30,14,0,0,0,0,0.0,,
NDTV,14,30,14,0,0,0,0,0.0,,
NECCLTD,14,30,14,0,0,0,0,0.0,,
NECLIFE,14,30,14,2,0,2,-11400,-11.4,"41.599998474121094, 36.79999923706055","26.75, 36.150001525878906"
NELCAST,14,30,14,2,1,1,11281,11.28,"30.950000762939453, 74.25","47.45000076293945, 59.0"
NELCO,14,30,14,3,1,2,-16577,-16.58,"134.14999389648438, 87.75, 512.9000244140625","71.0, 78.55000305175781, 517.4500122070312"
NEOGEN,14,30,14,0,0,0,0,0.0,,
NESCO,14,30,14,1,0,1,-9890,-9.89,755.0499877929688,489.1499938964844
NEULANDLAB,14,30,14,1,1,0,632,0.63,1031.300048828125,1062.75
NEWGEN,14,30,14,1,0,1,-13541,-13.54,318.79998779296875,178.8000030517578
NFL,14,30,14,2,0,2,-16763,-16.76,"124.8499984741211, 54.099998474121094","86.25, 41.29999923706055"
NH,14,30,14,0,0,0,0,0.0,,
NHPC,14,30,14,1,0,1,-1811,-1.81,28.149999618530273,26.5
NIACL,14,30,14,0,0,0,0,0.0,,
NIITLTD,14,30,14,1,1,0,13771,13.77,51.150001525878906,73.3499984741211
NILAINFRA,14,30,14,0,0,0,0,0.0,,
NILASPACES,14,30,14,0,0,0,0,0.0,,
NILKAMAL,14,30,14,3,1,2,89771,89.77,"257.0, 380.1499938964844, 1950.75","234.14999389648438, 1592.9000244140625, 1919.0999755859375"
NIPPOBATRY,14,30,14,2,1,1,5778,5.78,"308.125, 376.70001220703125","452.75, 330.1499938964844"
NITCO,14,30,14,0,0,0,0,0.0,,
NITINSPIN,14,30,14,0,0,0,0,0.0,,
NITIRAJ,14,30,14,0,0,0,0,0.0,,
NLCINDIA,14,30,14,2,0,2,-26313,-26.31,"235.14999389648438, 107.3499984741211","83.94999694824219, 83.75"
NMDC,14,30,14,1,0,1,-12518,-12.52,140.0082244873047,83.1671142578125
NOCIL,14,30,14,3,2,1,141486,141.49,"43.20000076293945, 22.600000381469727, 184.4499969482422","26.649999618530273, 133.35000610351562, 208.89999389648438"
NOIDATOLL,14,30,14,1,0,1,-5859,-5.86,32.25,24.950000762939453
NRAIL,14,30,14,1,0,1,-9269,-9.27,323.25,216.5500030517578
NRBBEARING,14,30,14,3,1,2,7206,7.21,"45.32500076293945, 62.79999923706055, 172.6999969482422","38.25, 111.80000305175781, 102.44999694824219"
NSIL,14,30,14,1,0,1,-5587,-5.59,809.75,631.9500122070312
NTPC,14,30,14,0,0,0,0,0.0,,
NUCLEUS,14,30,14,2,1,1,-5180,-5.18,"315.79998779296875, 555.5499877929688","338.3500061035156, 414.20001220703125"
NURECA,14,30,14,0,0,0,0,0.0,,
NUVOCO,14,30,14,0,0,0,0,0.0,,
NYKAA,14,30,14,0,0,0,0,0.0,,
OAL,14,30,14,0,0,0,0,0.0,,
OBEROIRLTY,14,30,14,0,0,0,0,0.0,,
OCCL,14,30,14,0,0,0,0,0.0,,
OFSS,14,30,14,3,0,3,-11107,-11.11,"2161.199951171875, 4182.64990234375, 3651.5","1816.0, 3623.75, 3293.85009765625"
OIL,14,30,14,1,0,1,-5047,-5.05,304.3000793457031,251.40005493164062
OLECTRA,14,30,14,1,1,0,245485,245.48,18.100000381469727,166.25
OMAXAUTO,14,30,14,1,0,1,-10679,-10.68,61.04999923706055,40.20000076293945
OMAXE,14,30,14,0,0,0,0,0.0,,
OMINFRAL,14,30,14,0,0,0,0,0.0,,
ONEPOINT,14,30,14,0,0,0,0,0.0,,
ONGC,14,30,14,0,0,0,0,0.0,,
ONMOBILE,14,30,14,2,2,0,11894,11.89,"73.55000305175781, 68.05000305175781","81.9000015258789, 90.0999984741211"
ONWARDTEC,14,30,14,0,0,0,0,0.0,,
OPTIEMUS,14,30,14,1,1,0,15412,15.41,133.3000030517578,205.8000030517578
ORBTEXP,14,30,14,1,1,0,5547,5.55,119.5,141.25
ORCHPHARMA,14,30,14,1,1,0,161304,161.3,42.5,273.3999938964844
ORICONENT,14,30,14,1,0,1,-6236,-6.24,32.70000076293945,26.600000381469727
ORIENTBELL,14,30,14,2,2,0,53178,53.18,"106.05000305175781, 275.1499938964844","215.8000030517578, 470.6499938964844"
ORIENTCEM,14,30,14,1,0,1,-5793,-5.79,136.8000030517578,111.30000305175781
ORIENTELEC,14,30,14,0,0,0,0,0.0,,
ORIENTHOT,14,30,14,0,0,0,0,0.0,,
ORIENTPPR,14,30,14,0,0,0,0,0.0,,
ORISSAMINE,14,30,14,0,0,0,0,0.0,,
OSIAHYPER,14,30,14,1,1,0,8301,8.3,22.809375762939453,28.100000381469727
OSWALAGRO,14,30,14,0,0,0,0,0.0,,
OSWALGREEN,14,30,14,0,0,0,0,0.0,,
OSWALSEEDS,14,30,14,0,0,0,0,0.0,,
PAGEIND,14,30,14,1,1,0,8453,8.45,29660.599609375,37647.19921875
PAISALO,14,30,14,3,0,3,-9768,-9.77,"16.137500762939453, 15.125, 34.8224983215332","16.375, 13.082500457763672, 29.600000381469727"
PANACEABIO,14,30,14,1,0,1,-6400,-6.4,239.5500030517578,189.1999969482422
PANAMAPET,14,30,14,1,1,0,4634,4.63,21.288888931274414,24.333332061767578
PANSARI,14,30,14,1,1,0,44032,44.03,28.25,71.0
PAR,14,30,14,0,0,0,0,0.0,,
PARACABLES,14,30,14,0,0,0,0,0.0,,
PARAGMILK,14,30,14,0,0,0,0,0.0,,
PARAS,14,30,14,0,0,0,0,0.0,,
PARSVNATH,14,30,14,1,0,1,-7100,-7.1,10.350000381469727,8.350000381469727
PASUPTAC,14,30,14,0,0,0,0,0.0,,
PATANJALI,14,30,14,0,0,0,0,0.0,,
PATELENG,14,30,14,0,0,0,0,0.0,,
PAVNAIND,14,30,14,0,0,0,0,0.0,,
PAYTM,14,30,14,0,0,0,0,0.0,,
PCBL,14,30,14,1,0,1,-13267,-13.27,14.46500015258789,8.274999618530273
PCJEWELLER,14,30,14,0,0,0,0,0.0,,
PDMJEPAPER,14,30,14,0,0,0,0,0.0,,
PDSL,14,30,14,1,0,1,-3615,-3.61,59.15999984741211,49.880001068115234
PEL,14,30,14,2,0,2,-12776,-12.78,"224.32225036621094, 1514.4683837890625","207.660888671875, 961.9647216796875"
PENIND,14,30,14,2,0,2,-8458,-8.46,"41.04999923706055, 70.05000305175781","40.75, 50.349998474121094"
PENINLAND,14,30,14,1,0,1,-11424,-11.42,33.45000076293945,20.299999237060547
PERSISTENT,14,30,14,1,1,0,36847,36.85,138.41250610351562,303.8500061035156
PETRONET,14,30,14,2,1,1,20103,20.1,"51.95000076293945, 94.0","28.399999618530273, 199.6999969482422"
PFC,14,30,14,1,0,1,-2384,-2.38,100.45999908447266,92.63999938964844
PFIZER,14,30,14,2,2,0,33299,33.3,"957.4000244140625, 2278.85009765625","1101.0, 4529.75"
PFOCUS,14,30,14,1,0,1,-11344,-11.34,68.25,43.099998474121094
PFS,14,30,14,1,1,0,2487,2.49,32.54999923706055,34.650001525878906
PGEL,14,30,14,0,0,0,0,0.0,,
PGHH,14,30,14,2,2,0,32481,32.48,"896.1500244140625, 12919.099609375","1852.199951171875, 13339.650390625"
PGHL,14,30,14,3,2,1,114280,114.28,"548.9500122070312, 760.3499755859375, 1043.0","598.0499877929688, 722.5, 5058.75"
PGIL,14,30,14,0,0,0,0,0.0,,
PHOENIXLTD,14,30,14,2,1,1,4201,4.2,"252.14999389648438, 413.3999938964844","189.5500030517578, 570.2999877929688"
PIDILITIND,14,30,14,0,0,0,0,0.0,,
PIIND,14,30,14,0,0,0,0,0.0,,
PILANIINVS,14,30,14,1,0,1,-3596,-3.6,1534.642822265625,1347.5
PILITA,14,30,14,2,0,2,-25632,-25.63,"4.699999809265137, 14.100000381469727","2.700000047683716, 7.5"
PITTIENG,14,30,14,1,0,1,-6962,-6.96,36.625,27.5
PLASTIBLEN,14,30,14,2,1,1,71186,71.19,"46.125, 60.79999923706055","36.25, 210.64999389648438"
PNB,14,30,14,1,1,0,4871,4.87,159.52999877929688,185.91000366210938
PNBGILTS,14,30,14,4,1,3,-16286,-16.29,"21.487552642822266, 28.75, 53.349998474121094, 46.29999923706055","14.775035858154297, 23.700000762939453, 36.79999923706055, 57.20000076293945"
PNBHOUSING,14,30,14,0,0,0,0,0.0,,
PNCINFRA,14,30,14,0,0,0,0,0.0,,
POCL,14,30,14,0,0,0,0,0.0,,
PODDARMENT,14,30,14,0,0,0,0,0.0,,
POKARNA,14,30,14,1,1,0,17141,17.14,244.25,383.54998779296875
POLICYBZR,14,30,14,0,0,0,0,0.0,,
POLYCAB,14,30,14,0,0,0,0,0.0,,
POLYMED,14,30,14,0,0,0,0,0.0,,
POLYPLEX,14,30,14,2,2,0,52242,52.24,"256.5, 778.1500244140625","458.8500061035156, 1525.199951171875"
PONNIERODE,14,30,14,2,1,1,-2647,-2.65,"89.05000305175781, 187.6999969482422","87.0, 168.4499969482422"
POONAWALLA,14,30,14,1,0,1,-8591,-8.59,77.5,56.650001525878906
POWERGRID,14,30,14,1,1,0,8315,8.32,82.01251983642578,105.1031494140625
POWERINDIA,14,30,14,0,0,0,0,0.0,,
POWERMECH,14,30,14,0,0,0,0,0.0,,
PPAP,14,30,14,1,1,0,46678,46.68,117.4000015258789,296.70001220703125
PPL,14,30,14,0,0,0,0,0.0,,
PRAENG,14,30,14,1,1,0,786,0.79,13.350000381469727,14.050000190734863
PRAJIND,14,30,14,0,0,0,0,0.0,,
PRAKASH,14,30,14,3,1,2,-14530,-14.53,"95.94828033447266, 61.77373504638672, 83.6500015258789","43.345436096191406, 90.75720977783203, 50.599998474121094"
PRAXIS,14,30,14,0,0,0,0,0.0,,
PRECAM,14,30,14,0,0,0,0,0.0,,
PRECOT,14,30,14,3,1,2,2035,2.03,"114.63333129882812, 85.44999694824219, 108.0999984741211","73.19999694824219, 58.54999923706055, 190.1999969482422"
PRECWIRE,14,30,14,2,1,1,68628,68.63,"8.526665687561035, 7.039999961853027","5.706665992736816, 25.280000686645508"
PREMEXPLN,14,30,14,0,0,0,0,0.0,,
PREMIERPOL,14,30,14,1,1,0,15939,15.94,16.649999618530273,27.25
PRESTIGE,14,30,14,2,0,2,-23374,-23.37,"273.8999938964844, 383.29998779296875","209.85000610351562, 168.1999969482422"
PRICOLLTD,14,30,14,2,0,2,-12950,-12.95,"25.691560745239258, 72.76312255859375","15.423826217651367, 70.140625"
PRIMESECU,14,30,14,1,1,0,57405,57.4,13.399999618530273,39.099998474121094
PRINCEPIPE,14,30,14,0,0,0,0,0.0,,
PRITIKAUTO,14,30,14,0,0,0,0,0.0,,
PRIVISCL,14,30,14,0,0,0,0,0.0,,
PROZONER,14,30,14,1,0,1,-11162,-11.16,34.400001525878906,21.350000381469727
PRSMJOHNSN,14,30,14,4,0,4,-19907,-19.91,"56.45000076293945, 75.25, 121.9000015258789, 128.10000610351562","46.25, 61.849998474121094, 104.55000305175781, 104.3499984741211"
PSB,14,30,14,1,0,1,-8924,-8.92,64.25,45.099998474121094
PSPPROJECT,14,30,14,0,0,0,0,0.0,,
PTC,14,30,14,3,0,3,-18880,-18.88,"112.05000305175781, 95.30000305175781, 103.5","80.94999694824219, 85.05000305175781, 76.75"
PTL,14,30,14,2,1,1,6048,6.05,"14.850000381469727, 20.25","14.800000190734863, 23.549999237060547"
PUNJABCHEM,14,30,14,2,2,0,11092,11.09,"106.4000015258789, 875.25","115.0999984741211, 1132.550048828125"
PURVA,14,30,14,2,0,2,-15853,-15.85,"96.69999694824219, 109.9000015258789","63.70000076293945, 89.69999694824219"
PVP,14,30,14,1,0,1,-12405,-12.41,8.100000381469727,5.050000190734863
QUESS,14,30,14,1,0,1,-9904,-9.9,869.3499755859375,590.2000122070312
QUICKHEAL,14,30,14,1,0,1,-11072,-11.07,270.25,169.4499969482422
RADICO,14,30,14,0,0,0,0,0.0,,
RADIOCITY,14,30,14,0,0,0,0,0.0,,
RAILTEL,14,30,14,0,0,0,0,0.0,,
RAJESHEXPO,14,30,14,1,0,1,-10299,-10.3,842.5999755859375,541.6500244140625
RAJMET,14,30,14,0,0,0,0,0.0,,
RAJRILTD,14,30,14,1,0,1,-28050,-28.05,30.0,1.7999999523162842
RAJSREESUG,14,30,14,2,0,2,-11412,-11.41,"101.19999694824219, 47.849998474121094","62.849998474121094, 46.5"
RAJTV,14,30,14,1,1,0,23233,23.23,23.112499237060547,42.900001525878906
RALLIS,14,30,14,3,1,2,-11928,-11.93,"30.676666259765625, 182.60000610351562, 290.70001220703125","22.376665115356445, 187.14999389648438, 233.89999389648438"
RAMANEWS,14,30,14,1,0,1,-15114,-15.11,24.700000762939453,15.300000190734863
RAMASTEEL,14,30,14,0,0,0,0,0.0,,
RAMCOCEM,14,30,14,2,1,1,-4393,-4.39,"148.35000610351562, 1018.2000122070312","152.1999969482422, 835.25"
RAMCOIND,14,30,14,3,1,2,32705,32.7,"67.4000015258789, 72.5, 269.95001220703125","42.04999923706055, 197.9499969482422, 210.8000030517578"
RAMCOSYS,14,30,14,1,0,1,-15856,-15.86,651.0999755859375,301.29998779296875
RAMKY,14,30,14,0,0,0,0,0.0,,
RANASUG,14,30,14,2,2,0,73001,73.0,"4.949999809265137, 7.199999809265137","7.199999809265137, 20.950000762939453"
RANEENGINE,14,30,14,1,1,0,14532,14.53,353.0,524.9000244140625
RANEHOLDIN,14,30,14,2,1,1,69089,69.09,"213.6999969482422, 395.54998779296875","184.6999969482422, 1342.5"
RATEGAIN,14,30,14,0,0,0,0,0.0,,
RATNAMANI,14,30,14,2,2,0,72218,72.22,"89.80000305175781, 489.1666564941406","283.3333435058594, 604.933349609375"
RAYMOND,14,30,14,1,0,1,-3216,-3.22,462.6499938964844,413.29998779296875
RBA,14,30,14,0,0,0,0,0.0,,
RBL,14,30,14,2,1,1,89843,89.84,"204.64999389648438, 800.2000122070312","864.5499877929688, 612.0499877929688"
RBLBANK,14,30,14,0,0,0,0,0.0,,
RCF,14,30,14,3,0,3,-25767,-25.77,"92.80000305175781, 66.69999694824219, 88.25","74.3499984741211, 44.400001525878906, 59.70000076293945"
RECLTD,14,30,14,3,0,3,-24123,-24.12,"119.88750457763672, 144.9375, 118.38749694824219","94.96875, 93.5250015258789, 91.9124984741211"
REDINGTON,14,30,14,2,1,1,-5280,-5.28,"38.08000183105469, 74.0999984741211","38.42499923706055, 59.54999923706055"
REFEX,14,30,14,0,0,0,0,0.0,,
RELAXO,14,30,14,1,1,0,65138,65.14,303.42498779296875,967.3499755859375
RELIANCE,14,30,14,0,0,0,0,0.0,,
RELIGARE,14,30,14,0,0,0,0,0.0,,
RELINFRA,14,30,14,2,0,2,-20043,-20.04,"1205.5, 699.2999877929688","783.5499877929688, 473.20001220703125"
REMSONSIND,14,30,14,2,2,0,58575,58.57,"30.049999237060547, 158.6999969482422","81.0, 191.10000610351562"
RENUKA,14,30,14,1,0,1,-17761,-17.76,63.29999923706055,25.25
REPCOHOME,14,30,14,0,0,0,0,0.0,,
REPL,14,30,14,0,0,0,0,0.0,,
REPRO,14,30,14,1,1,0,37698,37.7,244.25,561.7000122070312
RESPONIND,14,30,14,1,0,1,-9108,-9.11,118.4000015258789,92.3499984741211
RGL,14,30,14,1,0,1,-3756,-3.76,116.2699966430664,100.75
RHFL,14,30,14,0,0,0,0,0.0,,
RHIM,14,30,14,2,2,0,41447,41.45,"119.30000305175781, 319.6000061035156","178.8000030517578, 570.5499877929688"
RICOAUTO,14,30,14,1,1,0,11923,11.92,21.25,28.399999618530273
RIIL,14,30,14,0,0,0,0,0.0,,
RITES,14,30,14,0,0,0,0,0.0,,
RKEC,14,30,14,1,0,1,-13340,-13.34,94.05000305175781,52.849998474121094
RKFORGE,14,30,14,2,1,1,-5316,-5.32,"48.97999954223633, 151.0800018310547","56.970001220703125, 106.83999633789062"
RML,14,30,14,2,2,0,8956,8.96,"94.4000015258789, 219.75","103.1500015258789, 275.45001220703125"
ROHLTD,14,30,14,0,0,0,0,0.0,,
ROLEXRINGS,14,30,14,0,0,0,0,0.0,,
ROSSARI,14,30,14,0,0,0,0,0.0,,
ROSSELLIND,14,30,14,0,0,0,0,0.0,,
ROUTE,14,30,14,0,0,0,0,0.0,,
RPGLIFE,14,30,14,2,1,1,72156,72.16,"73.05000305175781, 98.44999694824219","70.19999694824219, 341.29998779296875"
RPOWER,14,30,14,0,0,0,0,0.0,,
RPPINFRA,14,30,14,1,1,0,51321,51.32,57.457733154296875,158.263427734375
RPPL,14,30,14,1,0,1,-2182,-2.18,49.5,46.81666564941406
RPSGVENT,14,30,14,1,0,1,-10502,-10.5,700.7000122070312,450.6499938964844
RSSOFTWARE,14,30,14,1,0,1,-10205,-10.21,38.20000076293945,25.399999618530273
RSWM,14,30,14,2,2,0,48559,48.56,"83.18426513671875, 172.23243713378906","215.5869598388672, 184.5"
RSYSTEMS,14,30,14,0,0,0,0,0.0,,
RTNINDIA,14,30,14,1,1,0,125493,125.49,6.800000190734863,35.150001525878906
RTNPOWER,14,30,14,0,0,0,0,0.0,,
RUBYMILLS,14,30,14,0,0,0,0,0.0,,
RUCHINFRA,14,30,14,1,0,1,-21628,-21.63,23.5,8.0
RUCHIRA,14,30,14,1,0,1,-17312,-17.31,19.454544067382812,8.954545021057129
RUPA,14,30,14,2,0,2,-17317,-17.32,"395.79998779296875, 396.79998779296875","305.8500061035156, 322.79998779296875"
RUSHIL,14,30,14,0,0,0,0,0.0,,
RVHL,14,30,14,0,0,0,0,0.0,,
RVNL,14,30,14,0,0,0,0,0.0,,
S&SPOWER,14,30,14,0,0,0,0,0.0,,
SADBHAV,14,30,14,3,0,3,-11511,-11.51,"128.72450256347656, 224.4499969482422, 379.6499938964844","115.05000305175781, 208.14999389648438, 286.79998779296875"
SADBHIN,14,30,14,0,0,0,0,0.0,,
SAFARI,14,30,14,0,0,0,0,0.0,,
SAGCEM,14,30,14,2,2,0,39697,39.7,"69.0999984741211, 174.8800048828125","149.80999755859375, 189.75"
SAIL,14,30,14,2,0,2,-23757,-23.76,"252.5500030517578, 119.5","160.89999389648438, 68.55000305175781"
SAKAR,14,30,14,0,0,0,0,0.0,,
SAKHTISUG,14,30,14,1,0,1,-301,-0.3,29.899999618530273,27.799999237060547
SAKSOFT,14,30,14,0,0,0,0,0.0,,
SAKUMA,14,30,14,0,0,0,0,0.0,,
SALASAR,14,30,14,0,0,0,0,0.0,,
SALZERELEC,14,30,14,0,0,0,0,0.0,,
SANDESH,14,30,14,1,1,0,3583,3.58,217.64999389648438,240.60000610351562
SANDHAR,14,30,14,0,0,0,0,0.0,,
SANGAMIND,14,30,14,2,1,1,47520,47.52,"59.849998474121094, 83.3499984741211","39.29999923706055, 243.25"
SANGHIIND,14,30,14,2,1,1,-2177,-2.18,"37.54999923706055, 67.5","48.95000076293945, 39.79999923706055"
SANGHVIMOV,14,30,14,1,1,0,16550,16.55,154.9499969482422,239.85000610351562
SANOFI,14,30,14,2,2,0,59872,59.87,"1622.199951171875, 4971.4501953125","4049.39990234375, 7561.10009765625"
SANSERA,14,30,14,0,0,0,0,0.0,,
SAPPHIRE,14,30,14,0,0,0,0,0.0,,
SARDAEN,14,30,14,2,1,1,-8470,-8.47,"28.219999313354492, 23.46500015258789","12.399999618530273, 29.9950008392334"
SAREGAMA,14,30,14,3,2,1,71667,71.67,"14.08925724029541, 65.74176788330078, 103.14949798583984","20.907894134521484, 51.58932876586914, 315.61102294921875"
SARLAPOLY,14,30,14,3,2,1,55463,55.46,"13.59000015258789, 16.010000228881836, 36.849998474121094","8.850000381469727, 50.70000076293945, 37.349998474121094"
SARVESHWAR,14,30,14,0,0,0,0,0.0,,
SASKEN,14,30,14,1,0,1,-3371,-3.37,930.3499755859375,826.7999877929688
SASTASUNDR,14,30,14,2,2,0,15050,15.05,"51.099998474121094, 163.60000610351562","55.900001525878906, 225.89999389648438"
SATIA,14,30,14,0,0,0,0,0.0,,
SATIN,14,30,14,0,0,0,0,0.0,,
SBC,14,30,14,0,0,0,0,0.0,,
SBCL,14,30,14,0,0,0,0,0.0,,
SBICARD,14,30,14,0,0,0,0,0.0,,
SBILIFE,14,30,14,0,0,0,0,0.0,,
SBIN,14,30,14,3,0,3,-15448,-15.45,"270.2799987792969, 288.29998779296875, 352.5","224.4499969482422, 249.89999389648438, 273.8500061035156"
SCHAEFFLER,14,30,14,1,1,0,24205,24.21,424.2099914550781,772.3099975585938
SCHAND,14,30,14,0,0,0,0,0.0,,
SCHNEIDER,14,30,14,1,0,1,-7548,-7.55,132.0500030517578,99.05000305175781
SCI,14,30,14,0,0,0,0,0.0,,
SDBL,14,30,14,1,0,1,-12782,-12.78,55.09706497192383,31.325069427490234
SEAMECLTD,14,30,14,2,1,1,9033,9.03,"143.60000610351562, 172.64999389648438","93.25, 270.04998779296875"
SELAN,14,30,14,1,0,1,-2206,-2.21,386.04998779296875,354.54998779296875
SELMC,14,30,14,1,0,1,-31130,-31.13,2300.0,5.150000095367432
SEPC,14,30,14,0,0,0,0,0.0,,
SEQUENT,14,30,14,0,0,0,0,0.0,,
SESHAPAPER,14,30,14,1,0,1,-8075,-8.08,41.58000183105469,32.400001525878906
SFL,14,30,14,1,1,0,11618,11.62,869.9500122070312,1224.199951171875
SGIL,14,30,14,0,0,0,0,0.0,,
SHAKTIPUMP,14,30,14,2,0,2,-18957,-18.96,"405.45001220703125, 744.4500122070312","312.1499938964844, 429.70001220703125"
SHALBY,14,30,14,1,0,1,-11578,-11.58,180.35000610351562,111.4000015258789
SHALPAINTS,14,30,14,2,1,1,-2268,-2.27,"109.15959167480469, 124.25","73.93522644042969, 147.0"
SHANKARA,14,30,14,1,0,1,-605,-0.61,653.0499877929688,641.1500244140625
SHANTIGEAR,14,30,14,1,1,0,6034,6.03,67.05000305175781,80.4000015258789
SHARDACROP,14,30,14,0,0,0,0,0.0,,
SHARDAMOTR,14,30,14,0,0,0,0,0.0,,
SHAREINDIA,14,30,14,0,0,0,0,0.0,,
SHEMAROO,14,30,14,0,0,0,0,0.0,,
SHILPAMED,14,30,14,0,0,0,0,0.0,,
SHIVALIK,14,30,14,0,0,0,0,0.0,,
SHIVAMAUTO,14,30,14,2,1,1,35076,35.08,"16.987836837768555, 82.00704193115234","41.7016487121582, 54.96612548828125"
SHIVATEX,14,30,14,1,0,1,-10012,-10.01,242.5,158.25
SHK,14,30,14,0,0,0,0,0.0,,
SHOPERSTOP,14,30,14,4,1,3,-16728,-16.73,"203.07691955566406, 441.46746826171875, 523.7396240234375, 530.5088500976562","248.94674682617188, 353.0414123535156, 389.1124267578125, 355.7869873046875"
SHREDIGCEM,14,30,14,0,0,0,0,0.0,,
SHREECEM,14,30,14,4,1,3,99545,99.54,"1932.050048828125, 3219.39990234375, 21618.75, 28653.30078125","1658.5999755859375, 15554.2001953125, 17546.349609375, 24444.849609375"
SHREEPUSHK,14,30,14,1,0,1,-1607,-1.61,192.0,186.39999389648438
SHREERAMA,14,30,14,2,1,1,-13337,-13.34,"7.603978157043457, 8.172090530395508","2.7968649864196777, 9.614225387573242"
SHREYAS,14,30,14,3,1,2,19774,19.77,"89.55000305175781, 584.0999755859375, 291.1000061035156","203.60000610351562, 298.70001220703125, 239.35000610351562"
SHRIPISTON,14,30,14,0,0,0,0,0.0,,
SHRIRAMFIN,14,30,14,4,1,3,-17923,-17.92,"477.2381286621094, 794.7310791015625, 1247.3668212890625, 1390.0999755859375","487.1278381347656, 616.180908203125, 881.253662109375, 1203.3499755859375"
SHRIRAMPPS,14,30,14,0,0,0,0,0.0,,
SHYAMCENT,14,30,14,1,1,0,35625,35.62,8.0,16.700000762939453
SHYAMMETL,14,30,14,0,0,0,0,0.0,,
SIEMENS,14,30,14,3,0,3,-11667,-11.67,"711.9000244140625, 1455.1500244140625, 1470.199951171875","688.9500122070312, 1188.8499755859375, 1113.4000244140625"
SIGACHI,14,30,14,0,0,0,0,0.0,,
SIGIND,14,30,14,1,0,1,-12091,-12.09,55.400001525878906,35.5
SIGMA,14,30,14,0,0,0,0,0.0,,
SILINV,14,30,14,2,2,0,44493,44.49,"78.0, 232.0500030517578","182.0500030517578, 271.3500061035156"
SILVERTUC,14,30,14,0,0,0,0,0.0,,
SIMPLEXINF,14,30,14,2,0,2,-16016,-16.02,"305.1499938964844, 484.54998779296875","196.35000610351562, 388.6499938964844"
SINTERCOM,14,30,14,0,0,0,0,0.0,,
SIRCA,14,30,14,0,0,0,0,0.0,,
SIS,14,30,14,0,0,0,0,0.0,,
SJS,14,30,14,0,0,0,0,0.0,,
SJVN,14,30,14,0,0,0,0,0.0,,
SKFINDIA,14,30,14,4,4,0,33853,33.85,"461.6000061035156, 936.5499877929688, 1599.800048828125, 2874.699951171875","579.2999877929688, 1213.1500244140625, 1869.800048828125, 4158.64990234375"
SKIPPER,14,30,14,1,0,1,-11960,-11.96,87.78005981445312,53.14674377441406
SKMEGGPROD,14,30,14,1,1,0,184800,184.8,10.0,70.55000305175781
SMARTLINK,14,30,14,1,1,0,307,0.31,87.94999694824219,90.44999694824219
SMCGLOBAL,14,30,14,0,0,0,0,0.0,,
SMLISUZU,14,30,14,1,0,1,-4750,-4.75,774.5499877929688,667.0999755859375
SMLT,14,30,14,0,0,0,0,0.0,,
SMSLIFE,14,30,14,0,0,0,0,0.0,,
SMSPHARMA,14,30,14,1,0,1,-6350,-6.35,118.1500015258789,93.5
SNOWMAN,14,30,14,1,0,1,-8944,-8.94,58.0,40.900001525878906
SOBHA,14,30,14,1,0,1,-2515,-2.52,623.0499877929688,576.2000122070312
SOFTTECH,14,30,14,0,0,0,0,0.0,,
SOLARA,14,30,14,0,0,0,0,0.0,,
SOLARINDS,14,30,14,0,0,0,0,0.0,,
SOMANYCERA,14,30,14,3,2,1,170484,170.48,"22.229999542236328, 91.1500015258789, 614.3499755859375","36.25, 556.0, 503.04998779296875"
SONACOMS,14,30,14,0,0,0,0,0.0,,
SONATSOFTW,14,30,14,2,1,1,89516,89.52,"19.649999618530273, 12.768750190734863","12.824999809265137, 55.85625076293945"
SOTL,14,30,14,4,2,2,-9042,-9.04,"85.56999969482422, 135.94000244140625, 180.89999389648438, 322.6199951171875","88.0, 105.7699966430664, 207.52999877929688, 237.0500030517578"
SOUTHBANK,14,30,14,2,1,1,-150,-0.15,"16.126331329345703, 27.75","19.00942611694336, 22.299999237060547"
SOUTHWEST,14,30,14,1,1,0,33270,33.27,49.95000076293945,107.94999694824219
SPAL,14,30,14,0,0,0,0,0.0,,
SPANDANA,14,30,14,0,0,0,0,0.0,,
SPCENET,14,30,14,1,0,1,-17307,-17.31,1.2999999523162842,0.6499999761581421
SPECIALITY,14,30,14,2,1,1,16285,16.29,"160.14999389648438, 94.9000015258789","102.6500015258789, 176.14999389648438"
SPENCERS,14,30,14,0,0,0,0,0.0,,
SPIC,14,30,14,1,0,1,-11346,-11.35,26.549999237060547,16.399999618530273
SPLPETRO,14,30,14,1,1,0,4598,4.6,19.075000762939453,22.375
SPMLINFRA,14,30,14,3,0,3,-38376,-38.38,"241.8000030517578, 86.0, 133.75","130.0, 55.79999923706055, 88.44999694824219"
SREEL,14,30,14,1,0,1,-12701,-12.7,295.5,165.85000610351562
SRF,14,30,14,3,2,1,706598,706.6,"38.7400016784668, 89.55000305175781, 2621.050048828125","47.79999923706055, 2195.300048828125, 2211.35009765625"
SRHHYPOLTD,14,30,14,3,2,1,76695,76.7,"57.29999923706055, 51.400001525878906, 247.0500030517578","39.5, 150.0500030517578, 492.29998779296875"
SSWL,14,30,14,2,2,0,63149,63.15,"17.354999542236328, 28.18000030517578","17.014999389648438, 86.66500091552734"
STAR,14,30,14,3,0,3,-19587,-19.59,"315.8572998046875, 1178.951904296875, 690.2999877929688","273.2923278808594, 820.1100463867188, 534.75"
STARCEMENT,14,30,14,0,0,0,0,0.0,,
STARHEALTH,14,30,14,0,0,0,0,0.0,,
STARPAPER,14,30,14,2,1,1,182783,182.78,"22.350000381469727, 165.0500030517578","159.89999389648438, 146.35000610351562"
STCINDIA,14,30,14,1,0,1,-13351,-13.35,459.75,258.6000061035156
STEELCAS,14,30,14,0,0,0,0,0.0,,
STEELXIND,14,30,14,0,0,0,0,0.0,,
STEL,14,30,14,1,1,0,49649,49.65,31.799999237060547,85.8499984741211
STERTOOLS,14,30,14,2,1,1,244794,244.79,"19.860000610351562, 30.979999542236328","19.479999542236328, 285.20001220703125"
STLTECH,14,30,14,3,1,2,54503,54.5,"80.12999725341797, 63.25, 264.3999938964844","53.849998474121094, 218.4499969482422, 176.8000030517578"
STOVEKRAFT,14,30,14,0,0,0,0,0.0,,
STYLAMIND,14,30,14,0,0,0,0,0.0,,
STYRENIX,14,30,14,3,1,2,723,0.72,"342.20001220703125, 704.4500122070312, 1082.300048828125","553.0499877929688, 494.8500061035156, 756.9500122070312"
SUBEXLTD,14,30,14,1,1,0,51015,51.01,10.699999809265137,28.600000381469727
SUBROS,14,30,14,1,1,0,118560,118.56,48.04999923706055,239.39999389648438
SUDARSCHEM,14,30,14,1,0,1,-109,-0.11,84.16999816894531,79.3499984741211
SUMICHEM,14,30,14,0,0,0,0,0.0,,
SUMIT,14,30,14,0,0,0,0,0.0,,
SUMMITSEC,14,30,14,2,1,1,79561,79.56,"169.64999389648438, 671.1500244140625","617.4000244140625, 586.25"
SUNDARMFIN,14,30,14,3,1,2,169976,169.98,"154.15602111816406, 1370.711669921875, 2647.050048828125","1086.63134765625, 1203.25, 1897.9000244140625"
SUNDARMHLD,14,30,14,0,0,0,0,0.0,,
SUNDRMBRAK,14,30,14,2,0,2,-14069,-14.07,"526.9000244140625, 432.0","429.79998779296875, 316.45001220703125"
SUNDRMFAST,14,30,14,1,1,0,99687,99.69,100.30000305175781,438.79998779296875
SUNFLAG,14,30,14,3,1,2,-7935,-7.94,"30.950000762939453, 29.200000762939453, 39.95000076293945","24.75, 21.200000762939453, 47.599998474121094"
SUNPHARMA,14,30,14,1,1,0,119237,119.24,147.30499267578125,729.5
SUNTECK,14,30,14,1,1,0,23421,23.42,223.89999389648438,396.20001220703125
SUNTV,14,30,14,1,0,1,-5607,-5.61,428.0,347.1000061035156
SUPERHOUSE,14,30,14,1,1,0,9582,9.58,147.75,196.35000610351562
SUPRAJIT,14,30,14,1,1,0,418244,418.24,16.100000381469727,240.60000610351562
SUPREMEIND,14,30,14,1,1,0,314313,314.31,86.36000061035156,1006.2999877929688
SUPREMEINF,14,30,14,0,0,0,0,0.0,,
SUPRIYA,14,30,14,0,0,0,0,0.0,,
SURANAT&P,14,30,14,2,1,1,-13734,-13.73,"7.690000057220459, 4.809999942779541","3.509999990463257, 5.099999904632568"
SURYAROSNI,14,30,14,1,0,1,-9121,-9.12,45.75,31.549999237060547
SURYODAY,14,30,14,0,0,0,0,0.0,,
SUTLEJTEX,14,30,14,1,0,1,-3996,-4.0,54.04999923706055,47.099998474121094
SUVEN,14,30,14,0,0,0,0,0.0,,
SUVENPHAR,14,30,14,0,0,0,0,0.0,,
SUZLON,14,30,14,0,0,0,0,0.0,,
SVLL,14,30,14,0,0,0,0,0.0,,
SWANENERGY,14,30,14,1,0,1,-5453,-5.45,73.1500015258789,60.25
SWARAJENG,14,30,14,3,2,1,40451,40.45,"330.0, 347.95001220703125, 494.45001220703125","140.10000610351562, 379.29998779296875, 1444.6500244140625"
SWELECTES,14,30,14,1,1,0,87,0.09,228.1666717529297,247.89999389648438
SWSOLAR,14,30,14,0,0,0,0,0.0,,
SYMPHONY,14,30,14,0,0,0,0,0.0,,
SYNGENE,14,30,14,0,0,0,0,0.0,,
TAJGVK,14,30,14,3,1,2,-15755,-15.76,"157.6999969482422, 124.0, 140.1999969482422","112.8499984741211, 68.94999694824219, 165.14999389648438"
TAKE,14,30,14,1,0,1,-8562,-8.56,215.5,152.9499969482422
TALBROAUTO,14,30,14,2,1,1,7092,7.09,"11.710000038146973, 11.9399995803833","8.640000343322754, 16.770000457763672"
TANLA,14,30,14,2,2,0,301862,301.86,"12.75, 74.25","33.400001525878906, 694.5"
TARC,14,30,14,0,0,0,0,0.0,,
TARSONS,14,30,14,0,0,0,0,0.0,,
TASTYBITE,14,30,14,0,0,0,0,0.0,,
TATACHEM,14,30,14,1,0,1,-5727,-5.73,192.76028442382812,155.79104614257812
TATACOMM,14,30,14,2,2,0,16944,16.94,"191.92010498046875, 611.75","205.45571899414062, 914.25"
TATACONSUM,14,30,14,4,2,2,33285,33.28,"91.36000061035156, 91.51499938964844, 129.8000030517578, 321.3500061035156","74.6449966430664, 87.4000015258789, 148.8000030517578, 715.2999877929688"
TATAELXSI,14,30,14,4,2,2,131444,131.44,"159.97500610351562, 208.52499389648438, 985.3499755859375, 1835.300048828125","98.17500305175781, 647.4249877929688, 874.0, 7051.89990234375"
TATAINVEST,14,30,14,2,1,1,-1437,-1.44,"545.0999755859375, 672.7000122070312","501.70001220703125, 675.6500244140625"
TATAMOTORS,14,30,14,1,0,1,-700,-0.7,149.93182373046875,146.884521484375
TATAMTRDVR,14,30,14,0,0,0,0,0.0,,
TATAPOWER,14,30,14,1,0,1,-3330,-3.33,125.92508697509766,110.99144744873047
TATASTEEL,14,30,14,2,2,0,6352,6.35,"44.11647033691406, 103.4000015258789","52.10499954223633, 105.80000305175781"
TATVA,14,30,14,0,0,0,0,0.0,,
TBZ,14,30,14,1,0,1,-3048,-3.05,74.6500015258789,66.55000305175781
TCI,14,30,14,1,1,0,111846,111.85,55.38621520996094,262.25
TCIEXP,14,30,14,0,0,0,0,0.0,,
TCLCONS,14,30,14,1,1,0,8297,8.3,7.050000190734863,8.649999618530273
TCNSBRANDS,14,30,14,1,0,1,-9272,-9.27,781.5,530.7999877929688
TCPLPACK,14,30,14,0,0,0,0,0.0,,
TCS,14,30,14,2,2,0,72112,72.11,"368.1000061035156, 1556.175048828125","1195.6500244140625, 1826.0999755859375"
TDPOWERSYS,14,30,14,1,0,1,-6110,-6.11,66.98999786376953,53.040000915527344
TEAMLEASE,14,30,14,1,0,1,-4930,-4.93,3617.35009765625,3003.35009765625
TECHM,14,30,14,3,2,1,33410,33.41,"237.1125030517578, 670.5999755859375, 918.8499755859375","521.6500244140625, 565.5, 1000.0"
TECHNOE,14,30,14,2,1,1,24964,24.96,"274.6499938964844, 138.0500030517578","170.6999969482422, 308.95001220703125"
TEGA,14,30,14,0,0,0,0,0.0,,
TEJASNET,14,30,14,0,0,0,0,0.0,,
TEMBO,14,30,14,0,0,0,0,0.0,,
TEXINFRA,14,30,14,2,0,2,-13699,-13.7,"43.54999923706055, 70.19999694824219","30.399999618530273, 57.79999923706055"
TEXMOPIPES,14,30,14,1,1,0,23926,23.93,28.450000762939453,50.5
TEXRAIL,14,30,14,0,0,0,0,0.0,,
TFCILTD,14,30,14,4,2,2,-13651,-13.65,"33.45000076293945, 30.799999237060547, 39.04999923706055, 99.1500015258789","16.399999618530273, 26.299999237060547, 38.849998474121094, 118.8499984741211"
THANGAMAYL,14,30,14,0,0,0,0,0.0,,
THEINVEST,14,30,14,0,0,0,0,0.0,,
THEJO,14,30,14,0,0,0,0,0.0,,
THEMISMED,14,30,14,2,1,1,59905,59.91,"24.530000686645508, 15.835000038146973","16.489999771118164, 52.025001525878906"
THERMAX,14,30,14,1,0,1,-5740,-5.74,718.0,571.8499755859375
THOMASCOOK,14,30,14,1,0,1,-5807,-5.81,70.19999694824219,56.150001525878906
THOMASCOTT,14,30,14,0,0,0,0,0.0,,
THYROCARE,14,30,14,1,1,0,3518,3.52,758.25,858.0999755859375
TI,14,30,14,0,0,0,0,0.0,,
TIDEWATER,14,30,14,2,1,1,31172,31.17,"460.3374938964844, 2479.97998046875","1194.47998046875, 1111.300048828125"
TIIL,14,30,14,0,0,0,0,0.0,,
TIINDIA,14,30,14,0,0,0,0,0.0,,
TIL,14,30,14,4,0,4,-38802,-38.8,"507.29998779296875, 372.6000061035156, 618.5, 279.25","396.54998779296875, 297.6000061035156, 308.20001220703125, 163.4499969482422"
TIMETECHNO,14,30,14,0,0,0,0,0.0,,
TIPSINDLTD,14,30,14,2,0,2,-19483,-19.48,"6.145792007446289, 5.349899768829346","3.6215429306030273, 4.615231037139893"
TIRUMALCHM,14,30,14,1,1,0,8922,8.92,139.14999389648438,180.0500030517578
TIRUPATIFL,14,30,14,1,1,0,2151,2.15,8.428570747375488,9.100000381469727
TITAGARH,14,30,14,1,1,0,11655,11.66,71.91000366210938,102.0
TITAN,14,30,14,2,2,0,73318,73.32,"92.02999877929688, 462.75","223.5, 933.7000122070312"
TNPETRO,14,30,14,1,1,0,15444,15.44,50.45000076293945,79.1500015258789
TNPL,14,30,14,3,1,2,33740,33.74,"131.5, 111.19999694824219, 124.4000015258789","98.5, 95.8499984741211, 318.0"
TORNTPHARM,14,30,14,1,1,0,165598,165.6,94.11250305175781,616.5999755859375
TORNTPOWER,14,30,14,1,0,1,-111,-0.11,227.5500030517578,239.5
TPLPLASTEH,14,30,14,0,0,0,0,0.0,,
TREJHARA,14,30,14,0,0,0,0,0.0,,
TRENT,14,30,14,2,1,1,1925,1.92,"67.18888092041016, 137.74000549316406","85.05999755859375, 113.87000274658203"
TRF,14,30,14,1,0,1,-14725,-14.72,394.6000061035156,200.6999969482422
TRIDENT,14,30,14,1,1,0,85622,85.62,7.900000095367432,30.299999237060547
TRIGYN,14,30,14,2,1,1,57129,57.13,"28.0, 103.5","77.5, 94.30000305175781"
TRIL,14,30,14,1,1,0,21196,21.2,18.229999542236328,30.399999618530273
TRITURBINE,14,30,14,0,0,0,0,0.0,,
TRIVENI,14,30,14,1,0,1,-15385,-15.38,79.25,36.400001525878906
TTKHLTCARE,14,30,14,1,1,0,13746,13.75,553.3499755859375,810.4000244140625
TTKPRESTIG,14,30,14,2,1,1,303149,303.15,"21.679166793823242, 866.844970703125","240.35833740234375, 802.0499877929688"
TTL,14,30,14,3,1,2,-1949,-1.95,"23.5, 67.69999694824219, 64.05000305175781","20.200000762939453, 62.70000076293945, 71.19999694824219"
TTML,14,30,14,2,1,1,170086,170.09,"36.72636413574219, 7.949999809265137","20.347248077392578, 56.04999923706055"
TV18BRDCST,14,30,14,0,0,0,0,0.0,,
TVSELECT,14,30,14,1,1,0,154183,154.18,34.95000076293945,223.8000030517578
TVSHLTD,14,30,14,2,2,0,321156,321.16,"263.25689697265625, 2930.589111328125","3053.813720703125, 3206.90869140625"
TVSMOTOR,14,30,14,2,2,0,159543,159.54,"36.82500076293945, 86.0","52.45000076293945, 500.0"
TVSSRICHAK,14,30,14,2,2,0,125597,125.6,"184.89999389648438, 662.5499877929688","306.6000061035156, 3042.10009765625"
TVTODAY,14,30,14,0,0,0,0,0.0,,
UBL,14,30,14,2,0,2,-8449,-8.45,"1146.550048828125, 1571.5","918.8499755859375, 1424.449951171875"
UCOBANK,14,30,14,3,1,2,-14413,-14.41,"41.79999923706055, 60.25, 104.94999694824219","27.700000762939453, 69.25, 72.0999984741211"
UFLEX,14,30,14,2,2,0,31497,31.5,"148.1999969482422, 376.1000061035156","307.3999938964844, 378.6000061035156"
UFO,14,30,14,0,0,0,0,0.0,,
UGARSUGAR,14,30,14,1,1,0,65,0.06,23.200000762939453,23.100000381469727
UGROCAP,14,30,14,0,0,0,0,0.0,,
UJJIVANSFB,14,30,14,0,0,0,0,0.0,,
ULTRACEMCO,14,30,14,3,2,1,9636,9.64,"1040.050048828125, 4760.10009765625, 5288.14990234375","1474.8499755859375, 4052.25, 5607.2998046875"
UMANGDAIRY,14,30,14,0,0,0,0,0.0,,
UNICHEMLAB,14,30,14,2,1,1,5145,5.15,"101.16000366210938, 287.70001220703125","143.6999969482422, 210.9499969482422"
UNIDT,14,30,14,0,0,0,0,0.0,,
UNIENTER,14,30,14,1,1,0,1030,1.03,133.5500030517578,138.85000610351562
UNIONBANK,14,30,14,2,1,1,-1661,-1.66,"155.89999389648438, 205.25","109.30000305175781, 242.5500030517578"
UNITECH,14,30,14,0,0,0,0,0.0,,
UNIVASTU,14,30,14,0,0,0,0,0.0,,
UNIVCABLES,14,30,14,1,1,0,41126,41.13,65.30000305175781,155.4499969482422
UNIVPHOTO,14,30,14,0,0,0,0,0.0,,
UNOMINDA,14,30,14,2,1,1,346146,346.15,"9.064396858215332, 11.493841171264648","7.5918049812316895, 144.24928283691406"
UPL,14,30,14,3,1,2,52470,52.47,"131.96665954589844, 665.9666748046875, 808.5499877929688","412.5333251953125, 526.5499877929688, 685.0999755859375"
URAVI,14,30,14,1,0,1,-2988,-2.99,62.75,56.0
URJA,14,30,14,1,1,0,15961,15.96,6.0784912109375,9.449999809265137
USHAMART,14,30,14,0,0,0,0,0.0,,
UTIAMC,14,30,14,0,0,0,0,0.0,,
UTTAMSUGAR,14,30,14,1,1,0,67416,67.42,26.450000762939453,84.0
V2RETAIL,14,30,14,0,0,0,0,0.0,,
VADILALIND,14,30,14,1,1,0,23124,23.12,273.8999938964844,485.75
VAIBHAVGBL,14,30,14,1,1,0,63088,63.09,131.16000366210938,410.1000061035156
VAKRANGEE,14,30,14,1,1,0,923924,923.92,4.528512001037598,151.60267639160156
VALIANTORG,14,30,14,0,0,0,0,0.0,,
VARDHACRLC,14,30,14,3,1,2,60886,60.89,"12.5, 66.94999694824219, 63.0","42.849998474121094, 48.20000076293945, 51.0"
VARDMNPOLY,14,30,14,2,0,2,-18378,-18.38,"7.829999923706055, 2.744999885559082","4.994999885559082, 1.940000057220459"
VARROC,14,30,14,0,0,0,0,0.0,,
VASCONEQ,14,30,14,0,0,0,0,0.0,,
VBL,14,30,14,0,0,0,0,0.0,,
VEDL,14,30,14,4,0,4,-24094,-24.09,"368.25, 280.45001220703125, 274.95001220703125, 274.20001220703125","282.04998779296875, 189.5, 222.1999969482422, 268.3500061035156"
VENKEYS,14,30,14,2,1,1,-1966,-1.97,"210.1999969482422, 3090.050048828125","273.1000061035156, 1896.5999755859375"
VENUSREM,14,30,14,0,0,0,0,0.0,,
VERTOZ,14,30,14,1,0,1,-12767,-12.77,182.1999969482422,103.8499984741211
VESUVIUS,14,30,14,2,2,0,60008,60.01,"265.6499938964844, 435.0","335.0, 1174.699951171875"
VETO,14,30,14,1,0,1,-11347,-11.35,130.5500030517578,83.25
VGUARD,14,30,14,0,0,0,0,0.0,,
VHL,14,30,14,2,1,1,8902,8.9,"290.0, 3386.300048828125","437.0, 2560.5"
VIDHIING,14,30,14,0,0,0,0,0.0,,
VIJAYA,14,30,14,0,0,0,0,0.0,,
VIKASECO,14,30,14,1,0,1,-15282,-15.28,5.300000190734863,2.799999952316284
VIKASLIFE,14,30,14,0,0,0,0,0.0,,
VIMTALABS,14,30,14,1,1,0,19963,19.96,101.69999694824219,173.0500030517578
VINATIORGA,14,30,14,0,0,0,0,0.0,,
VINDHYATEL,14,30,14,3,1,2,13795,13.8,"192.4499969482422, 343.25, 1126.199951171875","170.4499969482422, 610.0, 923.6500244140625"
VINYLINDIA,14,30,14,1,0,1,-15559,-15.56,18.700000762939453,9.399999618530273
VIPCLOTHNG,14,30,14,2,2,0,22653,22.65,"24.087987899780273, 23.399999618530273","27.617361068725586, 35.400001525878906"
VIPIND,14,30,14,4,3,1,81039,81.04,"45.81999969482422, 109.19999694824219, 127.25, 543.2999877929688","77.19999694824219, 80.30000305175781, 409.8500061035156, 597.6500244140625"
VIPULLTD,14,30,14,1,1,0,65489,65.49,20.200000762939453,62.75
VISAKAIND,14,30,14,2,0,2,-12951,-12.95,"24.700000762939453, 116.18000030517578","20.010000228881836, 87.9000015258789"
VISHNU,14,30,14,0,0,0,0,0.0,,
VISHWARAJ,14,30,14,0,0,0,0,0.0,,
VLSFINANCE,14,30,14,2,1,1,42418,42.42,"31.5, 21.549999237060547","17.549999237060547, 60.20000076293945"
VMART,14,30,14,2,1,1,34486,34.49,"824.5999755859375, 2765.85009765625","1871.0999755859375, 2485.199951171875"
VOLTAMP,14,30,14,1,1,0,11616,11.62,672.9500122070312,952.5999755859375
VOLTAS,14,30,14,2,1,1,2713,2.71,"180.9499969482422, 186.6999969482422","159.60000610351562, 223.39999389648438"
VRLLOG,14,30,14,1,1,0,16345,16.34,381.95001220703125,583.0999755859375
VSSL,14,30,14,0,0,0,0,0.0,,
VSTIND,14,30,14,3,2,1,54793,54.79,"528.75, 2269.14990234375, 3801.550048828125","1458.050048828125, 2771.949951171875, 3210.35009765625"
VSTTILLERS,14,30,14,1,1,0,35557,35.56,795.8499755859375,1790.6500244140625
VTL,14,30,14,2,0,2,-2209,-2.21,"47.70000076293945, 273.4800109863281","43.06999969482422, 265.04998779296875"
WABAG,14,30,14,0,0,0,0,0.0,,
WALCHANNAG,14,30,14,1,0,1,-7562,-7.56,196.8000030517578,146.9499969482422
WANBURY,14,30,14,0,0,0,0,0.0,,
WEALTH,14,30,14,0,0,0,0,0.0,,
WEBELSOLAR,14,30,14,0,0,0,0,0.0,,
WEIZMANIND,14,30,14,2,1,1,11975,11.97,"3.150485038757324, 3.7344970703125","1.8156009912490845, 7.199999809265137"
WEL,14,30,14,0,0,0,0,0.0,,
WELCORP,14,30,14,0,0,0,0,0.0,,
WELENT,14,30,14,2,0,2,-24691,-24.69,"128.14999389648438, 190.3000030517578","90.4000015258789, 98.55000305175781"
WELSPUNLIV,14,30,14,2,0,2,-16689,-16.69,"8.015000343322754, 79.5","4.84499979019165, 65.3499984741211"
WENDT,14,30,14,3,2,1,33374,33.37,"750.0, 1940.5999755859375, 2143.050048828125","1428.6500244140625, 1777.0, 2551.39990234375"
WESTLIFE,14,30,14,0,0,0,0,0.0,,
WHEELS,14,30,14,2,2,0,121076,121.08,"80.28268432617188, 656.2750244140625","385.0249938964844, 802.9500122070312"
WINDLAS,14,30,14,0,0,0,0,0.0,,
WINDMACHIN,14,30,14,2,1,1,357,0.36,"17.725000381469727, 28.0","22.850000381469727, 20.0"
WIPRO,14,30,14,2,1,1,1375,1.37,"145.78875732421875, 350.5","125.71878051757812, 416.04998779296875"
WOCKPHARMA,14,30,14,2,0,2,-28333,-28.33,"1332.970703125, 599.6524658203125","700.7314453125, 312.54754638671875"
WONDERLA,14,30,14,0,0,0,0,0.0,,
WSI,14,30,14,0,0,0,0,0.0,,
WSTCSTPAPR,14,30,14,1,0,1,-8021,-8.02,86.94999694824219,68.9000015258789
XCHANGING,14,30,14,1,1,0,20053,20.05,28.25,47.54999923706055
XPROINDIA,14,30,14,1,1,0,5443,5.44,25.899999618530273,30.433332443237305
YESBANK,14,30,14,2,2,0,18553,18.55,"47.31999969482422, 111.7699966430664","47.7599983215332, 183.64999389648438"
YUKEN,14,30,14,0,0,0,0,0.0,,
ZEEL,14,30,14,2,1,1,41962,41.96,"142.54042053222656, 195.35000610351562","115.44999694824219, 499.95001220703125"
ZEELEARN,14,30,14,0,0,0,0,0.0,,
ZEEMEDIA,14,30,14,0,0,0,0,0.0,,
ZENITHEXPO,14,30,14,1,0,1,-4752,-4.75,60.599998474121094,50.349998474121094
ZENSARTECH,14,30,14,4,1,3,74528,74.53,"32.459999084472656, 43.61000061035156, 247.16000366210938, 285.79998779296875","25.049999237060547, 173.0399932861328, 201.6999969482422, 272.1000061035156"
ZENTEC,14,30,14,0,0,0,0,0.0,,
ZFCVINDIA,14,30,14,2,1,1,155165,155.17,"800.25, 7423.0","5086.7998046875, 6301.7001953125"
ZODIACLOTH,14,30,14,2,1,1,3900,3.9,"230.86666870117188, 228.3000030517578","207.89999389648438, 270.95001220703125"
ZOMATO,14,30,14,0,0,0,0,0.0,,
ZOTA,14,30,14,0,0,0,0,0.0,,
ZUARI,14,30,14,1,0,1,-3698,-3.7,363.6499938964844,318.20001220703125
ZUARIIND,14,30,14,2,1,1,-5261,-5.26,"466.1000061035156, 158.25","547.5, 113.19999694824219"
ZYDUSLIFE,14,30,14,3,2,1,74272,74.27,"61.99333572387695, 195.63999938964844, 450.1000061035156","152.1199951171875, 405.1000061035156, 406.5"
ZYDUSWELL,14,30,14,0,0,0,0,0.0,,
