ticker,buy_date,buy_price,sell_date,sell_price,profit,profit_percent
,2010-08-01,3315.10009765625,2011-12-01,3544.050048828125,2149.200439453125,64.15523699860076
,2014-09-01,6297.14990234375,2016-12-01,11123.099609375,19399.6015625,305.50553641732284
,2010-04-01,14.706250190734863,2011-08-01,14.118749618530273,-1223.4007778167725,-8311.85241828805
,2012-12-01,26.056249618530273,2016-02-01,115.4625015258789,103877.75,395724.7619047619
,2020-02-01,173.2375030517578,2020-03-01,125.57499694824219,-8390.5,-4780.911680911681
,2014-10-01,1061.059814453125,2015-09-01,962.103271484375,-2623.347412109375,-247.39717063844364
,2022-02-01,268.3999938964844,2023-01-01,256.6499938964844,-1159.9479675292969,-432.17138372091836
,2015-02-01,1673.449951171875,2015-08-01,1334.8499755859375,-6103.0,-363.2738095238095
,2021-07-01,2394.10009765625,2023-01-01,1968.300048828125,-4746.0,-198.16283924843424
,2010-07-01,112.30000305175781,2011-02-01,95.9000015258789,-4699.199592590332,-4098.734871389971
,2015-02-01,37.849998474121094,2016-02-01,35.349998474121094,-1742.4006042480469,-4585.264748021175
,2010-06-01,82.57693481445312,2011-08-01,81.15148162841797,-353.3068542480469,-430.20737423727917
,2014-09-01,72.14656829833984,2015-06-01,49.504276275634766,-9186.655960083008,-12779.478281283797
,2018-02-01,110.91464233398438,2020-03-01,137.60000610351562,7569.545745849609,6824.6586623399235
,2014-04-01,188.1999969482422,2015-11-01,268.0,12847.200485229492,6826.355310070842
,2017-11-01,398.0,2018-09-01,328.8999938964844,-5467.499542236328,-1363.8063420993917
,2021-01-01,509.70001220703125,2023-01-01,612.6500244140625,6536.6007080078125,1270.970418657509
,2021-01-01,316.6000061035156,2022-01-01,315.20001220703125,-61.09942626953125,-19.240884464894357
,2010-09-01,36.494998931884766,2011-06-01,22.30500030517578,-11129.880752563477,-30924.924238674328
,2014-06-01,24.1200008392334,2018-09-01,198.6999969482422,222012.230758667,910259.2714819544
,2021-04-01,304.20001220703125,2021-09-01,227.60000610351562,-7325.5,-2417.656765676568
,2010-07-01,33.8677978515625,2011-12-01,34.04728698730469,-268.8145637512207,-797.2926064785057
,2014-09-01,98.49689483642578,2015-08-01,72.6507797241211,-7613.781494140625,-7828.735447425595
,2017-11-01,141.6842041015625,2018-05-01,94.2168197631836,-10499.210739135742,-7337.360063102832
,2021-04-01,153.14999389648438,2022-06-01,203.3000030517578,10412.998809814453,6873.266541131652
,2013-11-01,419.3999938964844,2015-11-01,878.0,33423.25,7878.196817913966
,2010-05-01,16.288888931274414,2017-05-01,1046.5333251953125,1895984.5335674286,11751970.342009287
,2021-10-01,328.95001220703125,2022-06-01,230.39999389648438,-10487.75,-3036.8466236124486
,2010-07-01,865.5999755859375,2011-11-01,809.3499755859375,-2143.6995849609375,-241.4076109190245
,2010-11-01,33.45622253417969,2011-04-01,11.399999618530273,-19473.342041015625,-58772.11761516087
,2014-03-01,17.850000381469727,2016-01-01,39.45000076293945,36791.99935913086,206117.63906361043
,2018-01-01,65.0999984741211,2018-06-01,39.54999923706055,-11707.000350952148,-17941.76298996498
,2020-06-01,81.0,2022-01-01,99.0999984741211,6696.999435424805,8217.177221380129
,2010-09-01,110.0999984741211,2011-02-01,60.0,-15218.399169921875,-13124.967288024225
,2021-12-01,814.2999877929688,2023-03-01,676.7999877929688,-4896.0,-597.0731707317074
,2020-03-01,2325.85009765625,2022-05-01,3149.050048828125,9408.6005859375,397.8350823566211
,2014-08-01,29.806249618530273,2016-02-01,34.17499923706055,4910.537883758545,16440.38651257131
,2010-10-01,140.10000610351562,2013-07-01,167.5,5970.598693847656,4234.467158757203
,2021-04-01,309.04998779296875,2022-03-01,299.25,-543.2005920410156,-178.39099902824816
,2014-11-01,217.9499969482422,2016-02-01,189.10000610351562,-3401.0245819091797,-1561.3564235317324
,2019-12-01,440.29998779296875,2020-03-01,329.95001220703125,-7299.8004150390625,-1657.726879495729
,2017-07-01,26.692760467529297,2018-03-01,19.60413932800293,-7535.331113815308,-28053.017126634048
,2021-02-01,49.54999923706055,2022-05-01,53.650001525878906,1210.0,2326.923076923077
,2010-08-01,204.25,2011-10-01,180.0500030517578,-2460.1008911132812,-1201.2211203393174
,2014-07-01,340.0,2018-05-01,705.5,32212.39892578125,9514.813199603448
,2021-10-01,392.1499938964844,2023-01-01,417.1000061035156,1786.0,447.11476916273887
,2010-02-01,341.5,2016-09-01,1313.4000244140625,86269.19787597656,25261.84418037381
,2010-06-01,64.9000015258789,2011-01-01,51.20000076293945,-6144.601409912109,-9556.144818478559
,2017-08-01,253.39999389648438,2018-09-01,212.25,-5310.0,-2074.21875
,2010-11-01,19.924598693847656,2012-06-01,27.31092071533203,11144.20166015625,55520.228665257775
,2021-12-01,120.75,2022-07-01,92.3499984741211,-6956.4007568359375,-5760.99441559912
,2010-10-01,108.15283203125,2011-08-01,67.89727783203125,-11191.624626159668,-10333.885773931921
,2014-11-01,126.94999694824219,2018-10-01,279.79998779296875,36355.797119140625,28853.807237413195
,2021-08-01,357.95001220703125,2023-02-01,481.8500061035156,10043.0,2789.722222222222
,2021-01-01,117.0,2021-11-01,90.9000015258789,-6336.0,-5438.62660944206
,2021-11-01,170.4499969482422,2022-05-01,129.0500030517578,-7339.2021484375,-4283.164217691218
,2014-08-01,85.5,2016-04-01,90.80000305175781,1925.0,2254.9784702721736
,2010-06-01,31.825000762939453,2011-02-01,23.375,-7889.25,-24946.245059288536
,2014-11-01,52.400001525878906,2016-09-01,79.5999984741211,15243.800872802734,29035.811186290925
,2014-07-01,62.70000076293945,2018-09-01,522.7999877929688,220573.11130523682,369469.19344457384
,2020-10-01,1142.550048828125,2023-01-01,1381.949951171875,6663.80126953125,584.7491586778058
,2010-09-01,16.12800407409668,2011-11-01,12.519002914428711,-6202.168807983398,-38922.88929904515
,2009-11-01,923.25,2012-11-01,1522.5999755859375,18702.3984375,2011.0105846774193
,2018-09-01,1563.8499755859375,2021-03-01,3009.300048828125,28024.049072265625,1790.6167980538012
,2010-07-01,108.1500015258789,2011-12-01,134.39999389648438,6925.0,6295.454545454545
,2014-09-01,231.88650512695312,2015-06-01,146.9346466064453,-10212.591201782227,-4460.169869566701
,2010-04-01,95.2249984741211,2011-02-01,84.94999694824219,-2779.874038696289,-2919.2691869160426
,2013-11-01,146.77499389648438,2016-11-01,740.7999877929688,121767.60498046875,82275.40877058699
,2021-04-01,980.8499755859375,2021-08-01,727.2999877929688,-7521.0003662109375,-767.6840127079219
,2014-12-01,708.5499877929688,2016-01-01,585.4500122070312,-4998.0,-705.9322033898305
,2017-11-01,1438.5999755859375,2019-01-01,1125.25,-7060.0,-481.5825375170532
,2021-12-01,1571.0999755859375,2024-01-01,2055.60009765625,7866.0,488.268156424581
,2010-05-01,246.47000122070312,2011-08-01,214.5500030517578,-3926.4496307373047,-1589.6557209462771
,2017-12-01,563.9500122070312,2018-03-01,510.5,-3023.6493530273438,-536.2982296015318
,2008-07-01,23.100000381469727,2008-10-01,13.300000190734863,-13758.800495147705,-56737.32162947507
,2015-01-01,179.6999969482422,2016-02-01,188.0,1369.5,758.7257617728532
,2010-04-01,1046.675048828125,2012-05-01,1511.4000244140625,12894.0,1230.9307875894988
,2018-05-01,476.54998779296875,2018-06-01,405.29998779296875,-4247.0,-888.4937238493724
,2014-04-01,269.8889465332031,2014-11-01,186.5213165283203,-9269.094497680664,-3434.4105665477236
,2017-07-01,300.8763732910156,2019-01-01,420.69439697265625,12007.417785644531,3988.380350434166
,2021-04-01,1083.0902099609375,2022-11-01,1046.814697265625,-877.8131103515625,-81.3297253366126
,2021-09-01,15.899999618530273,2022-07-01,9.949999809265137,-10750.199640274048,-68691.37317770506
,2010-08-01,59.59679412841797,2011-12-01,58.892398834228516,34.20823669433594,58.07162739234647
,2010-07-01,34.90999984741211,2011-08-01,34.29999923706055,-4380.901966094971,-11119.040092466708
,2021-01-01,1124.4000244140625,2022-10-01,3025.0,49696.3974609375,4417.457552083333
,2010-11-01,74.892578125,2013-06-01,100.7630386352539,12493.731689453125,17474.90110746619
,2020-12-01,1646.300048828125,2022-02-01,1822.550048828125,3177.90087890625,193.06809713889731
,2010-06-01,59.766666412353516,2011-01-01,50.83333206176758,-3769.4294815063477,-6302.3899800927475
,2009-07-01,118.80000305175781,2010-04-01,83.3499984741211,-8794.800384521484,-7344.300947408338
,2021-09-01,2196.800048828125,2023-09-01,2650.60009765625,6424.6025390625,297.9318693197733
,2014-09-01,143.75,2015-05-01,101.25,-8840.0,-6136.7579401048315
,2015-01-01,193.14999389648438,2015-06-01,144.14999389648438,-7339.250946044922,-3822.526534398397
,2009-11-01,346.95001220703125,2011-11-01,534.2999877929688,16606.600524902344,4705.752567899883
,2021-06-01,2599.300048828125,2022-11-01,2661.25,600.60107421875,22.923705122853054
,2010-07-01,143.02499389648438,2013-02-01,373.7749938964844,47861.0,33236.805555555555
,2017-11-01,734.25,2020-03-01,1231.0999755859375,20070.0,2723.202170963365
,2013-01-01,37.849998474121094,2013-02-01,23.780000686645508,-10945.439758300781,-28940.87743686232
,2020-02-01,84.43000030517578,2022-02-01,168.3800048828125,28605.900650024414,32580.751316331196
,2010-12-01,111.22000122070312,2011-02-01,74.56999969482422,-9737.799179077148,-8694.463552747455
,2014-10-01,21.046968460083008,2016-02-01,31.21060562133789,14178.030824661255,67159.09472835128
,2014-12-01,668.5324096679688,2016-02-01,796.2509155273438,6822.0947265625,1017.7658198548708
,2021-05-01,1096.5767822265625,2022-06-01,1056.99365234375,-1478.0489501953125,-132.9546465256718
,2010-09-01,27.600000381469727,2011-07-01,20.16666603088379,-8688.0,-30844.97111043921
,2015-11-01,15.866665840148926,2016-02-01,10.666666030883789,-9765.00060081482,-61415.0995917914
,2021-06-01,117.56666564941406,2022-02-01,86.0999984741211,-8245.000648498535,-6961.722975806552
,2010-05-01,20.37202262878418,2011-12-01,25.699403762817383,6965.715087890625,33627.591406496955
,2014-07-01,82.55000305175781,2016-01-01,124.0,15336.75,18455.776512169436
,2010-10-01,188.5749969482422,2011-06-01,153.875,-6081.75,-3175.8485639686683
,2014-06-01,313.0,2015-10-01,429.67498779296875,11359.626159667969,3607.6621388385765
,2017-12-01,731.5,2018-09-01,601.0999755859375,-5194.700500488281,-710.143609089307
,2021-08-01,767.2000122070312,2022-06-01,651.7999877929688,-4896.449523925781,-635.3249573597334
,2010-04-01,86.19999694824219,2011-02-01,80.19999694824219,591.5989379882812,736.7358848130589
,2014-09-01,365.189453125,2015-08-01,319.3154602050781,-3916.8638305664062,-1075.7424908991964
,2017-11-01,447.4291687011719,2018-05-01,336.709716796875,-7508.778411865234,-1669.9636473168714
,2010-06-01,327.9599914550781,2010-11-01,293.8666687011719,-2824.6407775878906,-864.0511112783158
,2010-07-01,51.59166717529297,2011-08-01,55.15833282470703,1931.8254432678223,3726.994515740852
,2014-02-01,76.40833282470703,2015-08-01,73.96666717529297,-1156.3988037109375,-1506.708539037052
,2010-05-01,369.70001220703125,2011-01-01,321.3999938964844,-3572.1004943847656,-975.7171359824414
,2014-07-01,379.54998779296875,2016-01-01,391.45001220703125,276.5,71.0796915167095
,2021-03-01,949.8499755859375,2022-05-01,974.5,1054.0,109.22279792746114
,2015-02-01,15.449999809265137,2015-06-01,10.649999618530273,-9802.05037021637,-61262.81481385231
,2010-07-01,1119.6500244140625,2016-02-01,5349.25,110890.0,9856.888888888889
,2021-05-01,6012.64990234375,2023-01-01,6315.5,1062.0,17.553719008264462
,2014-08-01,173.02499389648438,2016-02-01,156.4250030517578,-1993.8239440917969,-1152.3329082066846
,2017-10-01,194.25,2018-09-01,167.75,-5682.601409912109,-2894.855487299099
,2010-08-01,5976.10009765625,2013-08-01,8251.650390625,11450.0,191.31161236424396
,2021-08-01,399.4666748046875,2022-12-01,544.9000244140625,10774.999237060547,2691.5068184678557
,2010-08-01,51.14476776123047,2011-12-01,45.51899719238281,-3342.2346725463867,-6503.234936176543
,2018-01-01,131.5373077392578,2019-01-01,114.30000305175781,-3998.2000122070312,-3033.858736963374
,2021-04-01,245.6999969482422,2022-06-01,353.25,13261.401489257812,5412.816934390944
,2010-03-01,79.79660034179688,2011-07-01,89.27998352050781,4231.049537658691,5330.883960932442
,2021-05-01,597.4500122070312,2022-12-01,713.2999877929688,5904.998779296875,985.8094790145034
,2010-07-01,105.9000015258789,2013-01-01,148.8000030517578,11270.474136352539,10418.741685599976
,2010-09-01,33.25,2011-02-01,17.985000610351562,-14197.479793548584,-41954.72733312869
,2021-08-01,402.8500061035156,2024-05-01,572.7999877929688,13338.5,3295.4910438542315
,2020-11-01,489.70001220703125,2022-12-01,1115.300048828125,38271.40148925781,7755.096553041096
,2015-05-01,105.9000015258789,2015-08-01,67.8499984741211,-11008.70043182373,-10395.373251371975
,2014-01-01,155.89999389648438,2016-02-01,484.8999938964844,62419.201171875,38141.89031461731
,2022-01-01,582.3499755859375,2022-02-01,422.70001220703125,-9246.299377441406,-1530.8442677883124
,2014-11-01,170.64999389648438,2016-01-01,149.5,-3307.4989318847656,-1935.3417495662093
,2021-05-01,397.8999938964844,2022-12-01,514.5,8598.751831054688,2149.687957763672
,2021-03-01,3907.300048828125,2022-06-01,4132.75,1537.9013671875,39.21217152441356
,2013-10-01,33.43196487426758,2015-04-01,49.18736267089844,14325.85757446289,43128.72991905376
,2017-06-01,77.97350311279297,2018-09-01,73.69126892089844,-2151.1376953125,-2740.3486059842667
,2010-07-01,95.81119537353516,2011-02-01,84.7767105102539,-3741.1561889648438,-3856.6057317797986
,2014-09-01,69.67141723632812,2015-06-01,56.29838562011719,-5512.045440673828,-7915.423518402933
,2010-10-01,80.05000305175781,2011-12-01,75.75,-3122.899429321289,-3722.1685012222943
,2021-01-01,237.75,2022-06-01,266.1499938964844,3502.8023071289062,1460.109377343439
,2015-09-01,222.89999389648438,2018-03-01,327.3500061035156,13962.799591064453,6213.97409020912
,2010-12-01,37.869998931884766,2011-09-01,29.459999084472656,-6819.1204833984375,-18131.136327399
,2010-06-01,80.93643188476562,2011-11-01,82.994140625,1208.4957885742188,1491.9377884390237
,2021-08-01,684.2999877929688,2022-06-01,593.2000122070312,-4289.25,-621.6304347826087
,2014-05-01,116.1500015258789,2016-02-01,158.0,10448.998031616211,8788.055422641823
,2021-07-01,572.2999877929688,2022-03-01,429.75,-7540.0,-1311.304347826087
,2009-09-01,279.8999938964844,2011-02-01,299.6499938964844,1819.0,642.756183745583
,2012-12-01,414.25,2014-02-01,384.29998779296875,-2160.0,-519.2307692307693
,2021-01-01,825.9000244140625,2023-02-01,906.4000244140625,3340.799560546875,409.914056508819
,2010-10-01,219.39999389648438,2011-06-01,179.75,-9016.800415039062,-3653.484725909059
,2017-10-01,1064.6500244140625,2019-05-01,1152.3499755859375,2657.20068359375,251.27193225472814
,2010-04-01,276.54400634765625,2011-01-01,257.17333984375,-1428.4786376953125,-519.471969243892
,2017-06-01,419.6000061035156,2018-06-01,393.6000061035156,-1562.0,-370.14218009478674
,2020-05-01,644.2999877929688,2021-11-01,740.2000122070312,3857.098876953125,584.4531866972864
,2010-04-01,552.7949829101562,2013-03-01,884.3499755859375,18775.800659179688,3430.623255610623
,2010-08-01,31.254934310913086,2011-12-01,31.004608154296875,-205.7681007385254,-653.8651819455883
,2010-07-01,454.5714416503906,2011-08-01,422.8571472167969,-2678.9291381835938,-577.2665365178347
,2018-01-01,641.8499755859375,2018-11-01,598.5999755859375,-2012.5,-313.54679076879484
,2021-09-01,1062.75,2022-05-01,783.4000244140625,-7616.0,-717.813383600377
,2009-07-01,68.82499694824219,2011-11-01,95.30000305175781,12180.0,17652.17391304348
,2013-12-01,39.70000076293945,2015-06-01,52.650001525878906,9626.25,23536.06269160925
,2016-12-01,128.5,2018-03-01,102.1500015258789,-5463.8510665893555,-4271.971072247264
,2021-08-01,314.3999938964844,2022-12-01,277.04998779296875,-3325.0,-1049.5581212499646
,2013-12-01,294.8999938964844,2015-07-01,327.5,3504.7012329101562,1188.034316240731
,2021-10-01,35.900001525878906,2023-02-01,59.599998474121094,21042.000637054443,58450.00176959568
,2014-04-01,60.400001525878906,2015-10-01,86.80000305175781,13565.599243164062,22459.60082857244
,2012-12-01,68.44999694824219,2013-08-01,52.099998474121094,-6723.301002502441,-9652.980409489806
,2021-06-01,912.0,2022-11-01,871.9500122070312,-1110.400390625,-121.75442879660088
,2010-10-01,172.8815460205078,2011-11-01,143.64779663085938,-4898.0836181640625,-2787.85830837005
,2021-06-01,393.95001220703125,2023-03-01,548.7000122070312,11548.200927734375,2901.558022043813
,2022-02-01,263.1499938964844,2022-06-01,166.4499969482422,-10955.398956298828,-4163.176595249463
,2017-04-01,110.48796844482422,2019-01-01,340.25,62414.55724334717,56489.91299402516
,2020-12-01,769.0999755859375,2021-11-01,739.0,-1285.0504760742188,-166.2527273147935
,2015-07-01,116.05000305175781,2016-02-01,67.75,-12629.099212646484,-10845.083335004005
,2018-12-01,1482.6500244140625,2022-05-01,3591.300048828125,42843.9990234375,2885.1177793560605
,2017-07-01,193.35000610351562,2018-09-01,162.5500030517578,-5502.5,-2829.0488431876606
,2021-02-01,302.5,2022-06-01,312.70001220703125,455.4006042480469,148.92106684986527
,2021-11-01,447.04998779296875,2022-11-01,428.3999938964844,-1236.1508178710938,-275.3119861628271
,2014-07-01,446.20001220703125,2015-06-01,357.8999938964844,-5859.150817871094,-1321.1163061716106
,2017-05-01,579.6500244140625,2018-05-01,558.25,-877.2006225585938,-152.02783753181868
,2009-12-01,1146.5999755859375,2012-07-01,1614.949951171875,12178.400634765625,1062.1315972505754
,2014-09-01,2119.64990234375,2016-01-01,1969.4000244140625,-2967.29931640625,-138.65884656103972
,2013-11-01,542.6001586914062,2017-02-01,898.7000122070312,19258.701171875,3518.37348746024
,2021-08-01,1509.300048828125,2022-10-01,1319.699951171875,-3275.59814453125,-218.56263770276158
,2010-01-01,56.78499984741211,2018-07-01,2779.85498046875,1439908.8515625,2504189.3070652173
,2021-02-01,317.79998779296875,2023-02-01,502.3500061035156,17042.198852539062,5343.219376168868
,2014-08-01,183.8000030517578,2018-09-01,325.79998779296875,21923.5,11508.398950131234
,2022-03-01,438.0,2023-01-01,391.3999938964844,-2985.1995849609375,-678.6086897885713
,2015-01-01,110.63661193847656,2016-02-01,105.24209594726562,-1847.3287963867188,-1652.1503815052124
,2015-04-01,68.30000305175781,2016-02-01,42.95000076293945,-10909.15100479126,-15972.401928773405
,2017-04-01,36.400001525878906,2017-09-01,23.799999237060547,-10382.401885986328,-28523.080908677617
,2021-06-01,37.150001525878906,2022-06-01,31.100000381469727,-5084.099384307861,-13557.598358154297
,2010-05-01,26.125,2011-09-01,35.42499923706055,10619.0,41238.83495145631
,2021-08-01,597.2000122070312,2022-03-01,447.1499938964844,-7560.0006103515625,-1263.791450364451
,2021-08-01,1662.8499755859375,2022-02-01,1318.25,-6313.5,-378.28040742959854
,2017-05-01,158.10000610351562,2018-05-01,131.5,-4866.75,-3072.443300206475
,2014-01-01,25.450000762939453,2018-03-01,119.6500015258789,110820.35089874268,427465.20408888476
,2020-04-01,179.9499969482422,2021-10-01,214.8000030517578,5951.101013183594,3307.0859205934125
,2021-09-01,760.5499877929688,2022-06-01,667.2000122070312,-3564.6009521484375,-467.82609029998827
,2010-07-01,589.25,2011-01-01,501.70001220703125,-4045.001220703125,-679.8321379332983
,2014-10-01,662.0499877929688,2015-08-01,567.8499755859375,-2794.4989013671875,-422.09787068843843
,2017-10-01,889.0,2018-05-01,650.8499755859375,-8481.0,-940.2439024390244
,2010-07-01,195.6999969482422,2011-01-01,131.4499969482422,-9623.701400756836,-4890.092099351153
,2014-04-01,126.44999694824219,2015-05-01,111.3499984741211,-3341.699638366699,-2642.704404124664
,2020-11-01,1403.8499755859375,2022-06-01,1444.800048828125,796.948974609375,56.44114551057896
,2010-07-01,72.55000305175781,2010-11-01,55.099998474121094,-7000.348739624023,-9709.221758356436
,2014-06-01,67.5,2016-02-01,220.85000610351562,68154.0,100968.88888888889
,2021-07-01,366.6000061035156,2022-09-01,319.1499938964844,-4422.5980224609375,-1195.9432580990008
,2014-11-01,166.0500030517578,2015-06-01,148.3000030517578,-3320.9994506835938,-1989.2180361723333
,2021-01-01,83.5999984741211,2022-06-01,96.4000015258789,4439.200546264648,5284.762555076962
,2009-10-01,57.20000076293945,2011-08-01,87.55000305175781,15903.40119934082,27803.1485790553
,2014-01-01,122.1500015258789,2017-03-01,203.89999389648438,20825.0,17354.166666666664
,2020-11-01,343.45001220703125,2021-11-01,285.1000061035156,-5111.25,-1478.3080260303689
,2010-08-01,34.005001068115234,2011-09-01,36.81999969482422,1993.3185195922852,5841.226431039664
,2017-06-01,112.8499984741211,2018-03-01,89.19999694824219,-6028.75,-5344.636380225746
,2010-07-01,88.94999694824219,2011-12-01,73.125,-7835.25,-8754.469273743016
,2015-07-01,3.8450000286102295,2019-05-01,21.799999237060547,138680.5507440567,3488818.970346006
,2021-07-01,49.67499923706055,2022-11-01,47.599998474121094,-1401.9754600524902,-2792.779758456716
,2010-10-01,23.25,2011-06-01,14.989999771118164,-10603.800344467163,-45568.54377254372
,2013-10-01,25.809999465942383,2015-08-01,51.400001525878906,30572.21937942505,121898.80172418841
,2021-04-01,151.25,2022-05-01,157.0,1544.4006042480469,1029.6004028320312
,2014-12-01,407.75,2016-01-01,305.0,-7646.75,-1843.701024713683
,2021-03-01,199.14999389648438,2023-02-01,267.25,10140.000915527344,5044.776574889226
,2014-11-01,1100.050048828125,2016-02-01,1089.0,1215.0,111.36571952337304
,2014-01-01,24.25,2015-10-01,34.75,12679.25,51752.04081632653
,2021-03-01,113.9000015258789,2022-03-01,125.05000305175781,2932.4483947753906,2565.571580472755
,2010-06-01,31.200000762939453,2011-02-01,20.299999237060547,-9009.375,-28806.954787817143
,2014-04-01,32.650001525878906,2016-02-01,75.80000305175781,40483.798599243164,123993.25178332708
,2021-06-01,86.80000305175781,2023-02-01,114.125,9435.749473571777,10802.231984431319
,2014-10-01,99.1500473022461,2015-03-01,72.71253967285156,-8182.317108154297,-8181.290327256139
,2021-09-01,75.19999694824219,2022-08-01,63.5,-4557.100303649902,-6084.245942338688
,2014-09-01,104.16666412353516,2015-03-01,69.03333282470703,-9628.80029296875,-9199.490949290353
,2017-07-01,143.6999969482422,2018-06-01,103.5,-8164.0,-5667.476450567403
,2016-12-01,119.69999694824219,2018-06-01,195.35000610351562,18799.999237060547,15562.912882548128
,2021-11-01,316.6000061035156,2023-02-01,392.1000061035156,8323.701721191406,2702.0620194880576
,2014-05-01,19.25,2016-11-01,39.150001525878906,29757.800594329834,149536.6892701861
,2017-07-01,108.25,2018-06-01,73.69999694824219,-9972.0,-9081.966960692498
,2021-07-01,87.25,2022-05-01,50.099998474121094,-13051.15104675293,-14780.46500078022
,2010-10-01,756.9500122070312,2011-01-01,580.6500244140625,-6877.6490478515625,-904.5372879181773
,2014-10-01,530.6500244140625,2015-11-01,579.7999877929688,3480.4013671875,653.9034978276186
,2018-04-01,850.0,2019-07-01,768.8499755859375,-2805.2508544921875,-330.02951229319854
,2014-07-01,58.95000076293945,2017-09-01,210.5,76022.20077514648,124933.77597614563
,2021-11-01,394.5,2023-03-01,503.54998779296875,9268.200927734375,2349.3538473344424
,2010-03-01,1412.75,2013-02-01,2105.10009765625,15260.698974609375,1067.1817464761803
,2015-01-01,3417.25,2016-08-01,4469.39990234375,8464.0,247.70266315481416
,2008-01-01,105.19999694824219,2008-06-01,75.80000305175781,-8578.499565124512,-8162.226155728068
,2009-09-01,776.0250244140625,2011-09-01,1045.5,9561.75,1220.3892788768346
,2013-10-01,1215.675048828125,2016-07-01,1657.4749755859375,10374.0,843.4146341463414
,2020-11-01,310.95001220703125,2022-08-01,878.5999755859375,54312.0,17324.401913875598
,2017-10-01,175.0500030517578,2018-03-01,123.05000305175781,-9165.599739074707,-5157.906525875927
,2016-05-01,138.85000610351562,2018-09-01,349.45001220703125,45306.0,32535.72710951526
,2021-10-01,460.6000061035156,2023-01-01,550.4000244140625,6077.5,1314.054054054054
,2010-04-01,380.0,2013-02-01,603.1599731445312,17394.0,4577.368421052632
,2015-10-01,939.75,2016-11-01,928.9500122070312,-633.9503784179688,-66.70002317595623
,2021-07-01,697.2000122070312,2021-12-01,517.75,-7875.4510498046875,-1120.2633072268404
,2009-09-01,81.23332977294922,2011-12-01,128.53334045410156,17158.5,20925.0
,2021-08-01,1099.300048828125,2022-02-01,767.9500122070312,-9121.950988769531,-824.9186639516381
,2021-12-01,628.2999877929688,2022-03-01,464.0,-7611.649139404297,-1211.467338419305
,2015-09-01,329.1000061035156,2016-02-01,267.3500061035156,-6033.298889160156,-1804.7559406124074
,2017-11-01,41.974998474121094,2018-11-01,72.51249694824219,22321.428268432617,52244.421452590344
,2021-05-01,240.78750610351562,2022-06-01,249.6999969482422,248.0,101.22448979591836
,2014-06-01,117.05000305175781,2015-10-01,161.35000610351562,11212.80078125,9383.096888075313
,2012-09-01,18.450000762939453,2013-02-01,10.425000190734863,-12772.22925567627,-69414.29087212378
,2020-06-01,202.60000610351562,2021-11-01,300.6000061035156,14104.400451660156,6856.782042252084
,2010-07-01,95.19999694824219,2011-07-01,88.0,-2331.0004806518555,-2393.224275291736
,2014-07-01,109.8499984741211,2015-01-01,77.69999694824219,-8708.700416564941,-7978.653499606368
,2017-06-01,164.14999389648438,2019-01-01,565.5499877929688,81872.70111083984,49589.76261909203
,2021-06-01,1492.814208984375,2022-06-01,1315.5191650390625,-3650.4833984375,-243.80499617963758
,2017-09-01,131.10000610351562,2018-09-01,89.19999694824219,-10009.202087402344,-7634.783845470724
,2010-09-01,86.38999938964844,2011-11-01,79.5,-2116.6994705200195,-2416.323638573279
,2014-09-01,132.9499969482422,2016-01-01,128.9499969482422,-1136.2506866455078,-841.6671752929688
,2022-03-01,190.9499969482422,2022-09-01,149.64999389648438,-6711.75,-3514.925429309773
,2021-07-01,271.67999267578125,2023-01-01,312.70001220703125,4833.4002685546875,1767.8212954226758
,2021-12-01,206.0500030517578,2022-06-01,171.10000610351562,-4335.501327514648,-2132.563336170182
,2021-12-01,17.863035202026367,2023-02-01,7.9647040367126465,-18087.981090068817,-96532.18697364176
,2010-08-01,103.0999984741211,2011-12-01,108.75,348.00132751464844,331.5877442914753
,2010-09-01,58.599998474121094,2011-12-01,66.55000305175781,4190.200389862061,7126.191231684669
,2017-05-01,131.14999389648438,2018-03-01,114.0999984741211,-3887.398956298828,-2946.115230168344
,2010-06-01,102.30000305175781,2011-02-01,89.9000015258789,-3120.4504470825195,-3088.0260790137972
,2015-01-01,118.80000305175781,2018-04-01,178.4499969482422,15750.0,13583.441495932502
,2014-08-01,20.200000762939453,2018-10-01,95.25,110186.99546813965,524699.9784197126
,2021-05-01,182.0500030517578,2023-02-01,212.0500030517578,4879.0,2676.357607418567
,2016-07-01,274.6000061035156,2018-06-01,531.6500244140625,27876.746673583984,10114.929628526006
,2022-01-01,689.8499755859375,2023-01-01,686.9000244140625,96.75,14.060456827892562
,2021-01-01,683.1423950195312,2022-05-01,908.1896362304688,9529.289733886719,1387.9393608156106
,2010-09-01,80.15499877929688,2011-08-01,67.01000213623047,-5082.658630371094,-6306.028196766064
,2015-01-01,34.900001525878906,2016-02-01,29.600000381469727,-4681.549016952515,-13337.747066867189
,2017-12-01,71.94999694824219,2018-03-01,44.150001525878906,-11627.19873046875,-15960.465304057823
,2022-03-01,15.699999809265137,2023-02-01,14.0,-3246.999635696411,-20681.52659326938
,2021-10-01,225.60000610351562,2023-03-01,262.45001220703125,4362.600402832031,1935.0634117921845
,2010-08-01,95.63749694824219,2011-09-01,102.2874984741211,1631.5129776000977,1698.8291068823874
,2018-04-01,526.375,2020-03-01,436.3999938964844,-5229.0,-993.3982426976964
,2010-04-01,200.0449981689453,2011-11-01,221.25,4615.275909423828,2325.076024898654
,2014-10-01,302.6000061035156,2015-02-01,215.75,-8573.400604248047,-2816.954306658387
,2017-08-01,689.0999755859375,2019-01-01,2393.050048828125,83359.80419921875,12015.827632319819
,2012-11-01,61.8043212890625,2018-06-01,309.5413818359375,120453.77513885498,197529.11793794544
,2009-02-01,929.7000122070312,2011-01-01,1633.0999755859375,23456.0,2516.7381974248924
,2014-07-01,2597.14990234375,2015-04-01,2328.89990234375,-2735.7021484375,-106.13369199221432
,2011-04-01,19.649999618530273,2011-08-01,12.100000381469727,-12208.0,-60736.31725527033
,2014-12-01,18.149999618530273,2015-05-01,12.0,-9994.598739624023,-55066.660879816336
,2021-06-01,67.5,2023-01-01,69.30000305175781,954.6006774902344,1406.9280751042786
,2014-03-01,276.25,2015-05-01,262.5,-1620.0,-583.7837837837837
,2017-11-01,348.8500061035156,2018-09-01,333.625,-373.9994812011719,-105.68688977779495
,2021-03-01,863.0999755859375,2022-05-01,960.2000122070312,3825.0,446.06413994169094
,2021-06-01,490.8500061035156,2022-05-01,330.45001220703125,-9384.850372314453,-1911.9588989747872
,2009-11-01,411.70001220703125,2010-11-01,442.0,2026.799560546875,486.1013313846585
,2015-02-01,641.7000122070312,2016-01-01,564.5499877929688,-3033.7005615234375,-463.1957408933489
,2021-06-01,4615.10009765625,2022-05-01,3780.300048828125,-4980.0,-107.90899241603466
,2010-10-01,210.5,2011-06-01,180.5500030517578,-4338.0982666015625,-2018.659092513139
,2017-07-01,219.64999389648438,2018-07-01,213.39999389648438,-897.600830078125,-405.97051347790654
,2021-05-01,394.25,2022-06-01,338.6499938964844,-4636.0,-1170.7070707070707
,2017-11-01,94.9000015258789,2018-03-01,62.900001525878906,-9985.599517822266,-10456.12514955211
,2021-04-01,154.8000030517578,2022-05-01,105.0999984741211,-9379.799705505371,-6051.483680971207
,2017-04-01,82.19999694824219,2019-01-01,109.4000015258789,9354.801666259766,11380.537729399288
,2021-12-01,182.4499969482422,2022-09-01,133.0500030517578,-8101.5989990234375,-4369.794641712264
,2014-10-01,117.86666870117188,2018-03-01,344.8500061035156,57996.66731262207,48873.597097366786
,2021-06-01,31.399999618530273,2022-05-01,25.600000381469727,-5538.999271392822,-17640.125282434903
,2010-07-01,2799.39990234375,2011-02-01,2108.050048828125,-6930.50048828125,-243.34622500987538
,2010-06-01,439.0,2011-02-01,353.1499938964844,-5096.600830078125,-1202.028497659935
,2010-10-01,49.654998779296875,2011-01-01,38.25,-7368.80046081543,-14591.684080822633
,2017-01-01,42.04999923706055,2018-09-01,114.55000305175781,52369.84782409668,124690.11386689685
,2014-05-01,114.30000305175781,2016-02-01,202.75,22807.09880065918,19763.516896960005
,2014-06-01,99.9000015258789,2015-03-01,65.4000015258789,-10485.001373291016,-10443.22830073705
,2016-05-01,102.05000305175781,2018-06-01,156.39999389648438,15719.45044708252,15351.025598480916
,2021-10-01,151.8000030517578,2022-03-01,101.4000015258789,-10076.548797607422,-6579.529349781276
,2010-10-01,211.4545440673828,2011-08-01,158.77272033691406,-8024.183578491211,-3720.3800671301806
,2017-12-01,314.0,2018-06-01,275.3999938964844,-3800.0,-1210.1910828025477
,2010-11-01,3.930000066757202,2011-06-01,2.240000009536743,-11754.819708824158,-313461.85890197754
,2013-10-01,6.019999980926514,2016-09-01,145.22999572753906,696025.4391446114,11013060.446826585
,2021-02-01,129.10000610351562,2022-03-01,158.9499969482422,5881.1978759765625,4402.094017435678
,2010-08-01,1219.6500244140625,2011-08-01,995.0,-5616.0,-456.95687550854353
,2010-09-01,152.39999389648438,2011-07-01,128.75,-4635.3988037109375,-3015.8743628810143
,2011-07-01,56.8901252746582,2012-04-01,47.33306884765625,-5243.115650177002,-9153.155659704184
,2010-09-01,99.00743865966797,2011-01-01,71.90552520751953,-8197.082542419434,-8269.063366228731
,2020-11-01,72.56666564941406,2022-06-01,158.75,35036.16771697998,47885.42451221317
,2014-07-01,191.60000610351562,2016-01-01,411.04998779296875,32494.80047607422,17302.875371689224
,2017-10-01,961.5499877929688,2018-10-01,884.9500122070312,-2218.0496215820312,-229.84970171834522
,2021-09-01,1189.6500244140625,2022-02-01,890.0999755859375,-7252.4993896484375,-614.514462777862
,2010-10-01,69.1500015258789,2011-01-01,53.099998474121094,-7014.600330352783,-10020.857614789691
,2021-12-01,16.25,2022-05-01,10.0,-11906.699647903442,-72161.81604789966
,2017-06-01,229.64999389648438,2018-05-01,227.6999969482422,-227.5,-100.7751937984496
,2014-10-01,79.83000183105469,2018-09-01,242.9499969482422,62362.50114440918,78740.53478204495
,2014-05-01,58.71057891845703,2016-02-01,89.12006378173828,14902.27066040039,25059.547250913336
,2021-11-01,309.5,2024-03-01,340.1000061035156,4080.0,1342.1052631578948
,2017-03-01,384.29998779296875,2018-03-01,214.625,-13104.0,-3416.949152542373
,2021-05-01,213.6999969482422,2022-06-01,260.3999938964844,6432.999572753906,3005.372334051493
,2014-08-01,87.61835479736328,2015-08-01,78.9518051147461,-3398.4684448242188,-3862.7144270862063
,2021-02-01,162.5,2022-05-01,169.10000610351562,1021.2005615234375,620.9793739581781
,2017-03-01,159.85000610351562,2018-11-01,299.95001220703125,26011.701141357422,16166.377954055208
,2021-06-01,642.5999755859375,2022-10-01,747.25,4544.7994384765625,700.8712087163228
,2010-06-01,225.9499969482422,2011-06-01,212.85000610351562,-1551.0,-686.587003942428
,2017-03-01,278.25,2018-09-01,227.39999389648438,-5879.649673461914,-2099.874883379255
,2010-10-01,86.4000015258789,2011-01-01,63.349998474121094,-9542.5,-10602.777777777777
,2014-05-01,96.7249984741211,2016-02-01,135.9250030517578,13678.75,14029.48717948718
,2010-08-01,55.2066650390625,2011-08-01,50.62666702270508,-2555.7191162109375,-4618.769593268005
,2020-12-01,304.04998779296875,2022-05-01,353.1499938964844,4728.5,1549.058149058149
,2010-06-01,46.79999923706055,2010-11-01,40.0,-4358.799510955811,-9373.76238915228
,2014-06-01,45.5,2016-02-01,47.599998474121094,1482.75,3212.892634832392
,2008-01-01,94.69999694824219,2008-06-01,54.04999923706055,-13588.0,-14154.166666666666
,2010-02-01,148.89999389648438,2011-12-01,225.85000610351562,15396.60122680664,10340.229588934968
,2021-05-01,24.975000381469727,2022-02-01,19.524999618530273,-7416.176374435425,-28856.716553603696
,2010-03-01,326.9937438964844,2011-07-01,346.98748779296875,1818.8641662597656,555.3359896663719
,2014-02-01,478.10626220703125,2016-07-01,536.9249877929688,3572.75,747.2418300653595
,2018-10-01,686.4000244140625,2019-10-01,685.5999755859375,12.89947509765625,1.870302286406824
,2010-08-01,421.54998779296875,2011-11-01,412.5,2343.0,546.1538461538462
,2014-10-01,899.25,2015-12-01,770.2999877929688,-4521.0,-498.4564498346196
,2021-10-01,29.700000762939453,2022-05-01,22.149999618530273,-7486.625385284424,-25038.881206689548
,2021-04-01,681.2999877929688,2022-07-01,630.4000244140625,-2021.800537109375,-297.7614929468888
,2010-12-01,146.60000610351562,2011-08-01,110.0,-7752.0,-5237.8378378378375
,2014-08-01,59.900001525878906,2016-02-01,61.275001525878906,1000.0,1662.510348515553
,2014-08-01,60.29999923706055,2015-03-01,28.600000381469727,-16102.800758361816,-26204.720192735014
,2019-03-01,190.6999969482422,2021-10-01,551.4500122070312,56504.30383300781,28828.72644541215
,2010-03-01,134.60000610351562,2011-09-01,128.60000610351562,-1265.3993225097656,-933.5295418817446
,2014-11-01,27.2450008392334,2016-01-01,24.30500030517578,-2774.518404006958,-10287.42482256247
,2017-03-01,280.29998779296875,2017-11-01,256.04998779296875,-2765.9473876953125,-978.0578172161019
,2015-02-01,31.399999618530273,2015-03-01,20.149999618530273,-8738.249635696411,-29521.113253656422
,2010-10-01,91.04499816894531,2011-11-01,75.16500091552734,-5560.10050201416,-6017.424686358816
,2010-08-01,125.5999984741211,2011-02-01,111.5,-4343.498184204102,-3343.7247023008936
,2014-09-01,124.69999694824219,2017-10-01,177.64999389648438,12707.999267578125,10244.255505802706
,2015-03-01,24.204999923706055,2018-12-01,64.9000015258789,50916.70887565613,212551.48836493446
,2021-09-01,89.3499984741211,2023-02-01,101.0,4070.2505111694336,4578.459439041267
,2021-05-01,18.200000762939453,2023-01-01,22.399999618530273,6509.601257324219,34717.87337239583
,2010-07-01,49.150001525878906,2011-08-01,47.125,-1753.75,-3507.5000000000005
,2014-03-01,64.05000305175781,2017-08-01,137.6999969482422,34550.098571777344,53524.54986574394
,2010-07-01,304.8500061035156,2011-02-01,178.9499969482422,-12348.0,-4022.1498371335506
,2014-05-01,236.85000610351562,2016-02-01,988.7000122070312,93970.79846191406,39818.134941489014
,2020-12-01,2661.199951171875,2021-05-01,2254.0,-4671.699462890625,-173.6691250145214
,2014-11-01,282.0187683105469,2015-03-01,176.41990661621094,-11431.955078125,-4027.5101549936785
,2020-10-01,455.95001220703125,2022-09-01,898.7999877929688,29367.001190185547,6385.51893453505
,2010-08-01,201.9499969482422,2011-05-01,159.3000030517578,-6512.0,-3192.156862745098
,2017-11-01,125.80000305175781,2018-06-01,79.44999694824219,-10591.0,-8445.773421951933
,2017-12-01,205.0500030517578,2018-10-01,171.35000610351562,-4818.0,-2355.9902200489
,2021-04-01,441.5,2022-06-01,329.25,-7490.599182128906,-1710.1824616732663
,2021-12-01,233.0,2023-12-01,303.3999938964844,9344.0,4010.3004291845496
,2017-06-01,66.05000305175781,2018-03-01,63.5,-930.7013854980469,-1409.086059797355
,2021-09-01,197.39999389648438,2023-01-01,101.94999694824219,-15605.849769592285,-7529.963700647664
,2012-12-01,360.3500061035156,2013-07-01,181.4499969482422,-14296.75,-4003.0100082106514
,2012-11-01,138.3000030517578,2013-07-01,60.70000076293945,-16858.799835205078,-12216.521619713825
,2021-06-01,577.4500122070312,2022-02-01,448.79998779296875,-6589.200622558594,-1140.0001077090992
,2010-08-01,57.53233337402344,2011-02-01,43.50822830200195,-7481.117115020752,-12917.354662879057
,2021-09-01,229.3000030517578,2023-06-01,320.25,12330.500793457031,5410.487548787619
,2010-08-01,33.4900016784668,2010-12-01,26.889999389648438,-6166.549453735352,-18244.229564875077
,2021-08-01,145.25,2022-02-01,105.55000305175781,-8332.69937133789,-5707.328336532802
,2021-06-01,5.650000095367432,2023-03-01,5.550000190734863,-530.8994936943054,-9233.03467294444
,2017-07-01,88.4000015258789,2018-06-01,67.55000305175781,-6593.548965454102,-7412.646646059724
,2021-04-01,89.25,2022-05-01,112.0,7828.801025390625,8727.760637392132
,2021-06-01,167.75,2022-06-01,207.9499969482422,6390.201629638672,3794.6566872007934
,2014-12-01,957.4000244140625,2019-12-01,2189.14990234375,38435.34924316406,3988.517435729251
,2010-09-01,133.34500122070312,2011-01-01,90.55000305175781,-9812.318359375,-7295.675464224807
,2021-05-01,710.9000244140625,2022-05-01,551.25,-6822.9005126953125,-952.2540841165825
,2014-05-01,30.850000381469727,2016-02-01,38.099998474121094,7824.599258422852,26038.600522734134
,2015-02-01,165.80999755859375,2016-01-01,127.21499633789062,-6472.7984619140625,-3940.5811995474573
,2018-05-01,250.86000061035156,2019-07-01,240.25,-1610.6636199951172,-638.1014055568799
,2015-09-01,276.6499938964844,2016-02-01,138.25,-13802.398681640625,-4986.415928588864
,2021-02-01,215.3000030517578,2022-06-01,373.79998779296875,21795.198303222656,10043.870185816893
,2015-07-01,198.07827758789062,2018-06-01,524.669189453125,49921.46725463867,25121.997253794845
,2021-05-01,873.5499877929688,2021-11-01,583.8499755859375,-9819.199584960938,-1117.341798060446
,2021-07-01,964.1500244140625,2021-11-01,653.5999755859375,-9455.0,-974.742268041237
,2013-03-01,83.0,2014-06-01,85.80000305175781,1525.2244491577148,1853.812726673689
,2009-11-01,21.875,2016-12-01,465.6000061035156,612974.1162128448,2837843.08049691
,2020-12-01,703.5999755859375,2022-06-01,947.7000122070312,10151.400512695312,1437.8754267273814
,2010-04-01,46.51499938964844,2013-11-01,70.13333129882812,16097.85287475586,34253.18061989819
,2020-12-01,405.1666564941406,2022-02-01,303.1000061035156,-7644.1990966796875,-1880.9545303848527
,2010-07-01,57.91111755371094,2011-12-01,58.71151351928711,519.5748825073242,892.744724844275
,2017-08-01,120.52291870117188,2018-03-01,91.31818389892578,-6999.3966064453125,-5819.792746403233
,2012-12-01,45.150001525878906,2013-02-01,30.25,-11387.601013183594,-24280.598385268793
,2021-10-01,130.6999969482422,2022-06-01,106.3499984741211,-5965.450698852539,-4485.301277332736
,2014-07-01,119.80000305175781,2016-02-01,100.80000305175781,-4600.000381469727,-3880.2195386375565
,2021-04-01,401.3999938964844,2022-03-01,378.95001220703125,-1391.1990966796875,-348.84632378722847
,2014-10-01,34.849998474121094,2018-10-01,308.25,247077.99934387207,701926.1192857976
,2014-08-01,1001.8499755859375,2016-01-01,1515.1500244140625,13134.100708007812,1275.155408544448
,2018-04-01,2610.550048828125,2018-10-01,1967.3499755859375,-7075.2008056640625,-271.0233733630243
,2021-08-01,250.0,2022-05-01,197.9499969482422,-6120.0,-2438.2470119521913
,2017-10-01,252.3000030517578,2018-09-01,228.0500030517578,-2696.3007202148438,-1068.6883422913452
,2021-07-01,429.75,2022-05-01,265.0,-10350.0,-2487.9807692307695
,2010-08-01,332.5,2011-01-01,155.4499969482422,-15763.499450683594,-4774.64780920944
,2010-07-01,360.3999938964844,2011-08-01,276.45001220703125,-7021.7979736328125,-1944.8270907183114
,2021-07-01,1683.949951171875,2022-06-01,1306.25,-6554.350830078125,-380.0945683879378
,2010-11-01,117.5199966430664,2012-05-01,116.68000030517578,-2080.798988342285,-1706.1323417205585
,2014-09-01,28.354999542236328,2018-06-01,108.19999694824219,85454.66048431396,304055.0146812573
,2020-12-01,162.1999969482422,2022-06-01,233.0500030517578,12521.200561523438,7707.7259444411
,2013-03-01,88.94999694824219,2013-07-01,61.75,-9065.300514221191,-10197.188254920637
,2018-01-01,365.45001220703125,2018-09-01,216.60000610351562,-12533.700500488281,-3388.8604281867392
,2022-01-01,316.6499938964844,2022-06-01,217.4499969482422,-9531.599426269531,-2969.34561566029
,2010-10-01,232.125,2011-01-01,192.625,-5505.075393676758,-2337.115399003887
,2010-10-01,22.7450008392334,2011-05-01,14.324999809265137,-11558.86060333252,-49672.79920906098
,2013-12-01,15.704999923706055,2014-02-01,11.65999984741211,-8002.8991985321045,-50587.22726240247
,2010-02-01,25.350000381469727,2011-02-01,21.350000381469727,-3963.0504512786865,-15633.334878273163
,2013-12-01,34.04999923706055,2018-06-01,337.25,260864.09865570068,769510.5808669648
,2022-09-01,367.54998779296875,2024-02-01,321.25,-3539.698516845703,-963.052274358807
,2010-07-01,284.9750061035156,2011-06-01,230.8000030517578,-6510.0,-2244.8275862068963
,2010-10-01,67.4800033569336,2015-08-01,490.95001220703125,185636.39932250977,265574.2421604698
,2021-06-01,730.0999755859375,2021-10-01,520.9500122070312,-8308.648498535156,-1138.0151727668665
,2014-06-01,103.0999984741211,2016-02-01,133.3000030517578,9744.001770019531,9744.001770019531
,2021-05-01,372.5,2022-02-01,291.29998779296875,-6692.001953125,-1784.7717656373793
,2016-10-01,99.47569274902344,2018-09-01,120.54277801513672,6103.2232666015625,6067.315233058258
,2019-08-01,1244.25,2022-02-01,2516.25,30528.0,2453.526220614828
,2010-09-01,5.994999885559082,2016-12-01,223.64999389648438,1120395.5694580078,18673259.490966797
,2021-07-01,279.04998779296875,2022-05-01,265.95001220703125,-1423.0986938476562,-504.1086629062551
,2020-09-01,287.1499938964844,2022-06-01,464.70001220703125,17888.0,6126.027397260274
,2010-10-01,2675.949951171875,2011-08-01,1969.25,-7775.89892578125,-290.56290602298407
,2013-12-01,2768.0,2015-08-01,3525.39990234375,7288.49853515625,260.62464135803486
,2017-06-01,5055.5498046875,2018-10-01,5761.0498046875,3647.001953125,71.51615520594936
,2021-09-01,8171.7998046875,2023-03-01,9982.2998046875,5820.0,71.32352941176471
,2014-07-01,212.25,2015-09-01,219.6750030517578,250.27413940429688,116.95053243191443
,2017-07-01,376.9750061035156,2018-09-01,396.5,2765.0,737.3333333333333
,2008-02-01,62.130001068115234,2008-10-01,39.029998779296875,-9929.199264526367,-16384.81768075717
,2014-12-01,436.0,2016-02-01,421.8500061035156,-822.8004150390625,-188.71569152272076
,2017-11-01,518.7999877929688,2018-06-01,425.0,-5355.150695800781,-1031.820943314216
,2010-09-01,912.5111083984375,2011-01-01,729.3777465820312,-5845.333984375,-638.1368978575327
,2017-11-01,1216.550048828125,2019-08-01,1328.25,2690.3994140625,221.22265839354208
,2010-11-01,289.8999938964844,2013-02-01,345.54998779296875,5253.0,1817.6470588235293
,2010-07-01,28.989999771118164,2011-11-01,28.729999542236328,-1240.8007888793945,-4054.9044882717694
,2014-12-01,74.66999816894531,2016-02-01,56.2400016784668,-6881.158409118652,-9400.49002185634
,2021-05-01,3105.85009765625,2022-03-01,2190.949951171875,-8399.25,-268.0682996888215
,2010-04-01,263.07501220703125,2011-12-01,340.8999938964844,9279.599304199219,3535.08544921875
,2010-05-01,50.95850372314453,2011-12-01,74.41355895996094,13192.875411987305,25883.25369379545
,2010-10-01,77.6500015258789,2011-05-01,57.599998474121094,-8067.400588989258,-10276.943425464024
,2021-05-01,24.299999237060547,2022-02-01,17.799999237060547,-7959.300941467285,-32821.859552442416
,2018-05-01,181.6999969482422,2018-09-01,145.6666717529297,-6066.499328613281,-3327.147805031501
,2021-10-01,648.1500244140625,2022-02-01,403.3500061035156,-10057.899719238281,-1617.0256783341288
,2010-10-01,411.20001220703125,2011-08-01,333.8500061035156,-6195.59912109375,-1475.4939774114684
,2010-10-01,209.0500030517578,2011-01-01,172.39999389648438,-4869.150436401367,-2329.1797968526384
,2017-06-01,193.77499389648438,2019-05-01,225.5749969482422,5998.3018798828125,3107.526004171039
,2014-12-01,91.0,2018-08-01,578.2999877929688,161687.05401611328,176707.1628591402
,2021-06-01,1011.4000244140625,2022-06-01,795.7999877929688,-6742.5,-664.2857142857143
,2021-08-01,437.45001220703125,2022-05-01,325.8999938964844,-7864.1995849609375,-1780.6407095307645
,2018-04-01,133.1999969482422,2018-09-01,75.05000305175781,-12768.75,-9586.148868277813
,2021-07-01,133.1999969482422,2022-02-01,80.0,-12206.25,-9092.17877094972
,2021-08-01,44.666664123535156,2022-12-01,74.19999694824219,19995.799488067627,45239.36457673906
,2013-08-01,6.25,2016-01-01,64.25,282480.0064086914,4669090.867819956
,2021-01-01,55.400001525878906,2022-01-01,56.099998474121094,568.0495872497559,1016.1888582181474
,2009-11-01,1557.3499755859375,2011-01-01,1252.8499755859375,-5681.0,-363.0031948881789
,2018-01-01,479.6499938964844,2019-01-01,411.45001220703125,-4417.5,-919.8334200937012
,2020-12-01,1132.449951171875,2022-06-01,2145.0,25771.19873046875,2263.013490119573
,2021-09-01,463.1499938964844,2022-03-01,357.95001220703125,-6838.400390625,-1470.6237399193549
,2019-12-01,19.725000381469727,2020-06-01,14.962499618530273,-7239.001159667969,-36699.62494129282
,2013-06-01,433.55999755859375,2015-12-01,598.2899780273438,11053.800842285156,2512.2274641557174
,2021-10-01,947.3499755859375,2023-01-01,768.6500244140625,-5857.450378417969,-607.0211207128567
,2012-10-01,242.10000610351562,2013-06-01,200.0,-5172.150375366211,-2136.8107044643352
,2010-10-01,71.9000015258789,2011-09-01,50.150001525878906,-8986.349681854248,-12819.329354438933
,2014-06-01,112.375,2016-01-01,235.0500030517578,31068.800811767578,25740.51499362532
,2017-12-01,587.0499877929688,2019-01-01,501.3500061035156,-3752.3256225585938,-638.6665191496788
,2021-12-01,725.3499755859375,2023-10-01,869.9500122070312,6102.8489990234375,847.3825181315174
,2021-07-01,50.45000076293945,2022-06-01,39.20000076293945,-6474.5986404418945,-12871.965683195227
,2021-04-01,445.54998779296875,2023-11-01,869.9500122070312,28629.099182128906,6426.284889366758
,2014-08-01,7.349999904632568,2016-12-01,20.350000381469727,52848.94922161102,686350.0068924646
,2021-04-01,65.4000015258789,2022-02-01,40.349998474121094,-11885.102096557617,-17926.246680983386
,2010-05-01,7.577210903167725,2011-09-01,9.536276817321777,7478.17697429657,100409.39935065975
,2021-07-01,96.04252624511719,2022-06-01,78.76666259765625,-5947.311950683594,-6123.133887133091
,2014-06-01,205.0500030517578,2016-02-01,267.1499938964844,7738.0,3738.164251207729
,2021-07-01,943.0999755859375,2022-06-01,766.5,-5872.950378417969,-622.4312918656511
,2024-01-01,1788.4000244140625,2024-05-01,554.9249877929688,-19895.19921875,-1088.3886184080393
,2009-10-01,675.5999755859375,2011-02-01,431.5,-10164.0,-1508.0118694362018
,2021-01-01,1531.3499755859375,2022-06-01,2294.050048828125,14139.799072265625,921.1595486817996
,2013-01-01,116.30000305175781,2016-01-01,656.2000122070312,142378.0,123806.95652173914
,2010-07-01,7329.5498046875,2011-01-01,6059.2001953125,-4853.400390625,-66.36357245061187
,2015-05-01,70.5,2015-08-01,55.400001525878906,-6629.999351501465,-9404.254399292859
,2022-05-01,81.1500015258789,2023-02-01,49.849998474121094,-11789.550281524658,-14377.500343322754
,2021-07-01,21.200000762939453,2022-06-01,18.850000381469727,-3678.9978408813477,-17272.290951448216
,2014-12-01,49.29999923706055,2015-08-01,35.20000076293945,-8572.799072265625,-17567.211488304943
,2021-07-01,143.0,2022-06-01,105.9000015258789,-8088.299362182617,-5578.137491160425
,2010-07-01,39.06999969482422,2011-09-01,46.45000076293945,4763.07222366333,11973.535369091629
,2017-05-01,67.55000305175781,2018-03-01,66.44999694824219,-244.20135498046875,-363.6654496371919
,2021-10-01,96.9000015258789,2022-06-01,68.80000305175781,-9270.0,-9459.183673469388
,2010-11-01,318.1000061035156,2011-12-01,283.67498779296875,-1365.3494262695312,-427.33941354288925
,2017-03-01,125.25,2018-06-01,129.85000610351562,1039.6514587402344,823.4863039526608
,2014-10-01,122.05999755859375,2018-06-01,630.1500244140625,123823.00598144531,99857.26288826234
,2010-07-01,50.400001525878906,2011-11-01,54.04999923706055,2052.7504539489746,4021.058735802582
,2014-05-01,75.5,2015-10-01,89.4000015258789,5359.5,6964.912556923019
,2014-11-01,67.1500015258789,2016-01-01,64.4000015258789,-691.3013610839844,-1039.5509189232848
,2013-07-01,224.7710723876953,2017-09-01,981.7999877929688,100703.91213989258,44831.472226248916
,2021-01-01,1289.25,2022-02-01,1062.75,-5249.75,-406.6421378776143
,2021-08-01,284.875,2022-05-01,194.27499389648438,-9712.5,-3378.260869565217
,2017-02-01,77.5999984741211,2018-03-01,54.349998474121094,-8569.198822021484,-11186.943854726764
,2021-06-01,65.9000015258789,2022-02-01,45.25,-9259.249305725098,-14114.709635820844
,2014-06-01,26.399999618530273,2014-09-01,19.450000762939453,-8065.600433349609,-30493.762573537482
,2010-10-01,375.5,2011-06-01,251.14999389648438,-9756.5,-2598.2689747003997
,2014-11-01,354.54998779296875,2018-03-01,1519.8499755859375,99535.7958984375,28038.252365757042
,2021-06-01,2224.300048828125,2022-05-01,1952.199951171875,-3783.0,-169.56521739130434
,2017-06-01,100.0,2018-03-01,83.75,-5400.0,-5268.292682926829
,2021-05-01,140.0082244873047,2022-05-01,96.92581176757812,-9186.737609863281,-6522.182734462935
,2014-08-01,33.79999923706055,2016-02-01,38.849998474121094,4656.75,13636.163373143952
,2021-08-01,276.70001220703125,2022-11-01,236.35000610351562,-4179.601318359375,-1510.5172150235153
,2010-10-01,57.75,2011-08-01,45.04999923706055,-7447.6511878967285,-12538.132990875423
,2014-06-01,96.75,2016-01-01,118.5,6665.0,6871.134020618557
,2018-02-01,158.8000030517578,2019-05-01,169.0,2086.8011474609375,1320.7602199119858
,2013-12-01,139.8000030517578,2015-03-01,169.10000610351562,6056.200653076172,4321.2279106835485
,2021-09-01,964.2000122070312,2023-01-01,820.9500122070312,-4219.0992431640625,-439.48950449625653
,2010-06-01,2261.39990234375,2011-02-01,2048.050048828125,-1365.0,-60.66666666666667
,2021-11-01,4235.2001953125,2022-02-01,3389.550048828125,-5918.850341796875,-139.7570353785128
,2022-02-01,222.9499969482422,2022-09-01,174.4499969482422,-5514.099182128906,-2473.2447892381015
,2021-11-01,824.0499877929688,2022-11-01,499.8999938964844,-11170.799560546875,-1370.6502528278374
,2022-04-01,160.4499969482422,2022-09-01,126.80000305175781,-4919.699432373047,-3110.7806653430484
,2021-09-01,306.20001220703125,2022-10-01,230.14999389648438,-8691.200592041016,-2703.328333449772
,2010-12-01,303.8500061035156,2011-07-01,206.4499969482422,-9618.699401855469,-3141.8257695957195
,2020-12-01,123.25,2021-09-01,424.70001220703125,70615.8014831543,54571.71933071694
,2021-09-01,158.9499969482422,2022-06-01,116.1500015258789,-8281.400573730469,-5239.734523142335
,2010-10-01,39.525001525878906,2011-07-01,29.049999237060547,-6717.1502895355225,-17005.443770976006
,2020-10-01,2124.75,2021-11-01,2295.39990234375,2877.0,136.91197878967787
,2018-06-01,15.109999656677246,2020-01-01,13.082500457763672,-4754.075908660889,-31082.549100665485
,2014-11-01,26.488887786865234,2016-02-01,25.55555534362793,-2213.688217163086,-8046.524449787486
,2021-08-01,267.95001220703125,2023-05-01,278.8999938964844,1143.3020324707031,423.994829723454
,2010-10-01,13210.0,2011-04-01,10325.0,-5820.0,-43.75939849624061
,2021-12-01,29.03362274169922,2022-11-01,18.157390594482422,-11423.182542800903,-38917.67263898766
,2015-04-01,13.15999984741211,2016-01-01,10.694999694824219,-5116.354739189148,-38878.075976537875
,2021-09-01,133.60000610351562,2022-06-01,104.75,-6608.0,-4949.812734082397
,2018-01-01,65.0,2018-09-01,49.400001525878906,-6269.599296569824,-9951.744915190196
,2013-04-01,316.34033203125,2013-11-01,292.99749755859375,-2175.6748657226562,-687.7639824654827
,2014-10-01,60.29999923706055,2016-01-01,49.95000076293945,-5069.400379180908,-8351.565593844349
,2013-04-01,129.9875030517578,2015-06-01,300.1499938964844,39746.871490478516,30577.455953325218
,2020-12-01,758.5750122070312,2022-09-01,1620.5999755859375,33540.0,4442.3841059602655
,2010-09-01,52.974998474121094,2012-04-01,69.2750015258789,8787.150863647461,16348.187653297604
,2010-03-01,103.33999633789062,2011-01-01,98.08000183105469,-1490.5998229980469,-1442.4229493140633
,2014-05-01,116.77999877929688,2015-08-01,89.66000366210938,-7546.87890625,-6417.414119193851
,2010-03-01,951.5499877929688,2011-11-01,1171.199951171875,7595.0,798.6330178759201
,2014-09-01,1663.050048828125,2016-02-01,1840.3499755859375,2700.0,161.19402985074626
,2018-08-01,3621.300048828125,2022-01-01,4529.75,6894.0,187.94983642311885
,2014-06-01,32.54999923706055,2015-11-01,40.54999923706055,7828.5,24236.842677747478
,2009-09-01,1435.550048828125,2011-01-01,1669.699951171875,4300.0,297.57785467128025
,2010-02-01,614.5499877929688,2011-02-01,582.7000122070312,-1562.3994140625,-254.23471566138005
,2014-06-01,740.4500122070312,2015-10-01,772.75,1323.9990234375,179.61052426063546
,2012-11-01,56.525001525878906,2015-09-01,97.375,21080.75080871582,36822.272154962135
,2013-04-01,271.45001220703125,2013-08-01,189.5500030517578,-9075.001678466797,-3343.15758716762
,2017-07-01,487.3999938964844,2020-03-01,570.2999877929688,5429.0,1117.0781893004114
,2010-07-01,136.0,2011-12-01,144.25,1397.0013427734375,1022.3208233962304
,2015-04-01,65.75,2016-01-01,44.0,-9918.0,-15084.410646387832
,2017-12-01,106.44999694824219,2018-09-01,64.5999984741211,-10411.048713684082,-9743.611476237524
,2021-06-01,342.04998779296875,2022-06-01,414.3999938964844,6755.549468994141,1958.1302808678668
,2017-11-01,269.1499938964844,2018-05-01,231.8000030517578,-4156.951354980469,-1539.8967093924045
,2020-08-01,400.8500061035156,2022-05-01,749.7999877929688,26266.300903320312,6608.705521850186
,2010-08-01,256.0,2011-06-01,186.39999389648438,-8213.399642944336,-3183.488233699355
,2020-10-01,778.1500244140625,2022-10-01,1677.8499755859375,34386.200927734375,4436.929151965726
,2017-06-01,162.3000030517578,2018-09-01,115.05000305175781,-9052.799438476562,-5579.537404299885
,2014-10-01,82.01251983642578,2015-10-01,72.42189025878906,-3644.299659729004,-4422.357099773126
,2018-10-01,110.44999694824219,2019-07-01,105.55000305175781,-1693.75,-1527.9657404735292
,2021-05-01,337.8500061035156,2022-12-01,356.1499938964844,1478.39892578125,435.8487242267276
,2017-06-01,85.30658721923828,2018-09-01,98.7601089477539,4646.267166137695,5496.724099882257
,2014-09-01,7.706665992736816,2016-02-01,8.779999732971191,3463.881336212158,44032.394493403095
,2017-12-01,318.1499938964844,2018-05-01,248.0,-6457.799713134766,-2014.9141070623293
,2020-02-01,496.6019592285156,2020-03-01,318.2162170410156,-10994.044189453125,-2174.4294544292375
,2010-09-01,59.900001525878906,2011-01-01,47.54999923706055,-6000.0,-9917.355371900827
,2015-01-01,103.3499984741211,2015-12-01,82.9000015258789,-6002.999114990234,-5772.114533644456
,2021-09-01,124.8499984741211,2022-05-01,107.94999694824219,-4524.00146484375,-3567.82441321955
,2014-05-01,85.69999694824219,2015-04-01,72.3499984741211,-4795.001602172852,-5572.343326110899
,2017-08-01,119.5999984741211,2018-03-01,87.4000015258789,-8087.499618530273,-6748.0181239022595
,2021-10-01,126.25,2022-03-01,82.25,-10534.651084899902,-8285.215067618996
,2017-12-01,167.14999389648438,2018-08-01,94.30000305175781,-12905.901092529297,-7769.958228951646
,2021-10-01,126.05000305175781,2022-06-01,82.80000305175781,-10495.79963684082,-8320.09473633472
,2021-12-01,856.3499755859375,2022-02-01,633.7999877929688,-7906.5008544921875,-919.6813705044078
,2010-09-01,173.4499969482422,2011-02-01,126.5999984741211,-7834.600524902344,-4489.742421147475
,2010-10-01,118.1500015258789,2011-04-01,85.8499984741211,-8273.099227905273,-6940.519664188862
,2015-04-01,232.89999389648438,2016-07-01,439.45001220703125,26636.80078125,11437.012228127878
,2020-11-01,281.95001220703125,2021-10-01,265.3500061035156,-1431.0,-505.02910505575073
,2012-06-01,159.8000030517578,2013-07-01,159.60000610351562,-682.5488586425781,-424.7348298720949
,2010-07-01,69.9000015258789,2011-01-01,48.25,-9009.0,-12869.999999999998
,2021-07-01,334.8999938964844,2022-02-01,220.5,-10635.5,-3128.0882352941176
,2010-11-01,342.95001220703125,2011-12-01,309.8999938964844,-2784.0,-809.3023255813954
,2017-08-01,95.6500015258789,2018-05-01,71.55000305175781,-7652.849044799805,-7963.422649648274
,2010-10-01,40.0,2011-11-01,38.95000076293945,0.0,0.0
,2014-12-01,68.6500015258789,2015-06-01,48.275001525878906,-8719.998336791992,-12739.223850346605
,2017-10-01,78.8499984741211,2018-05-01,59.54999923706055,-7277.000579833984,-9193.93612071466
,2021-01-01,67.5,2022-07-01,124.6500015258789,25174.79864501953,36485.21542756454
,2021-06-01,39.349998474121094,2023-05-01,41.95000076293945,1409.6988372802734,3524.247093200684
,2015-04-01,116.4000015258789,2015-08-01,92.3499984741211,-6527.800392150879,-5608.075864758103
,2021-07-01,351.1499938964844,2024-02-01,570.5499877929688,18700.0,5267.605633802817
,2014-09-01,47.2400016784668,2016-01-01,84.98999786376953,25044.40155029297,52614.29065782213
,2018-02-01,150.39999389648438,2018-09-01,120.1500015258789,-6525.211700439453,-4304.2291805607865
,2010-08-01,98.44999694824219,2011-07-01,80.9000015258789,-5806.3995361328125,-5692.54856483609
,2014-09-01,121.94999694824219,2017-07-01,344.8500061035156,54722.69924926758,44291.944878660215
,2021-07-01,6.5,2022-05-01,4.0,-12460.499119758606,-184599.98695938676
,2021-09-01,450.8999938964844,2022-05-01,378.54998779296875,-4412.100402832031,-984.8438399178642
,2012-10-01,43.0,2013-07-01,37.220001220703125,-4035.6306381225586,-9563.105604648941
,2021-08-01,279.95001220703125,2022-06-01,172.0500030517578,-11882.348693847656,-4172.173175261987
,2017-12-01,92.1500015258789,2018-09-01,68.25,-7946.249008178711,-8581.262569242319
,2021-06-01,130.60000610351562,2022-05-01,75.94999694824219,-12766.75,-9693.811917867626
,2014-08-01,9.8100004196167,2016-11-01,19.309999465942383,28928.680116653442,295190.6076900208
,2010-10-01,47.70000076293945,2011-07-01,37.900001525878906,-8007.0,-15777.339901477833
,2014-12-01,77.94999694824219,2017-05-01,270.1000061035156,74457.59765625,95458.45853365384
,2021-06-01,105.5,2023-01-01,213.39999389648438,31523.997833251953,29215.93826455247
,2015-01-01,220.85000610351562,2016-05-01,280.95001220703125,8876.25,4147.780373831776
,2010-02-01,1615.0,2012-05-01,2081.75,8010.0,495.97523219814246
,2014-07-01,28.219999313354492,2015-03-01,12.399999618530273,-17204.654432296753,-59956.977226941715
,2017-06-01,24.989999771118164,2018-09-01,33.69499969482422,10697.998809814453,42903.545373748166
,2014-11-01,14.15729808807373,2016-02-01,20.849573135375977,14994.507224082947,106978.63783716848
,2021-04-01,178.6307830810547,2023-01-01,329.5107421875,25777.263900756836,14491.58311658221
,2013-12-01,187.75,2016-02-01,239.64999389648438,7210.650970458984,3802.083418149085
,2021-07-01,1308.4000244140625,2022-02-01,894.1500244140625,-9258.699462890625,-704.0836093452947
,2010-05-01,226.8800048828125,2011-05-01,229.7949981689453,761.6405639648438,338.34150499745505
,2014-12-01,311.8500061035156,2015-08-01,247.35000610351562,-6489.6005859375,-2077.0044270753465
,2017-11-01,320.3500061035156,2018-02-01,268.0,-5133.601135253906,-1596.76551640868
,2010-09-01,167.74000549316406,2013-04-01,272.20001220703125,19033.541412353516,11516.633944641997
,2021-11-01,1558.760009765625,2024-02-01,2892.800048828125,25696.549072265625,1647.2146841195915
,2010-10-01,173.10000610351562,2010-12-01,130.6999969482422,-7542.801055908203,-4307.710332944848
,2021-02-01,100.0,2022-06-01,97.6500015258789,-1409.9990844726562,-1383.0300408821809
,2017-10-01,165.0,2020-03-01,270.04998779296875,21620.449447631836,13508.55922235759
,2020-07-01,122.80000305175781,2021-11-01,151.64999389648438,7234.5985107421875,5843.778943783689
,2010-10-01,51.400001525878906,2011-08-01,40.25,-5684.25,-11368.5
,2021-03-01,988.5250244140625,2022-11-01,1290.199951171875,9336.749267578125,939.8071916276947
,2017-08-01,534.7000122070312,2018-08-01,424.8999938964844,-6204.79931640625,-1151.5960387865514
,2021-08-01,717.9500122070312,2022-03-01,459.1499938964844,-10770.700500488281,-1486.6391305021782
,2012-09-01,75.05000305175781,2013-07-01,50.45000076293945,-10374.0,-13695.049504950495
,2017-08-01,137.35000610351562,2018-03-01,129.3000030517578,-1754.9006652832031,-1280.0150161614051
,2021-07-01,628.9500122070312,2023-02-01,605.75,-1179.6988525390625,-184.32794570922852
,2010-10-01,328.5207214355469,2011-12-01,248.94674682617188,-7495.383514404297,-2236.440418144864
,2018-02-01,510.34320068359375,2019-02-01,453.68048095703125,-3294.6754150390625,-644.4445983195958
,2010-04-01,2170.300048828125,2011-01-01,1665.5,-7143.5,-324.92608596770526
,2010-10-01,817.5499877929688,2011-11-01,688.9500122070312,-4338.0,-525.4996971532405
,2014-12-01,907.1500244140625,2016-01-01,1020.7999877929688,3851.1004028320312,425.9595738110903
,2014-05-01,24.700000762939453,2018-05-01,30.850000381469727,7101.898147583008,28752.623191165592
,2010-08-01,561.3499755859375,2012-07-01,609.9000244140625,1836.4512939453125,322.5522741184555
,2014-06-01,1076.199951171875,2015-11-01,1226.699951171875,3996.0,370.6692471600721
,2021-08-01,3078.75,2024-03-01,4158.64990234375,9774.45263671875,315.87554760829124
,2010-11-01,403.79998779296875,2012-07-01,382.04998779296875,-1402.3009033203125,-350.4875985824162
,2014-11-01,879.8499755859375,2016-01-01,944.0499877929688,2403.8004150390625,271.92312387319714
,2017-12-01,619.0,2018-09-01,398.45001220703125,-10233.6005859375,-1668.8846024488316
,2021-12-01,895.4500122070312,2022-05-01,549.5999755859375,-11418.0,-1268.6666666666667
,2010-11-01,128.60000610351562,2013-07-01,165.61000061035156,11556.80142211914,9172.064620729476
,2009-12-01,22.649999618530273,2011-06-01,40.099998474121094,24825.00252532959,109602.66200190094
,2021-09-01,755.2000122070312,2022-06-01,561.75,-7215.0,-973.6842105263157
,2014-03-01,16.462499618530273,2016-02-01,47.868751525878906,58759.5,358562.9123684642
,2021-05-01,252.2062530517578,2022-09-01,257.79998779296875,212.3985595703125,83.41622368986255
,2010-06-01,108.83000183105469,2011-11-01,88.0,-5530.25016784668,-5105.946166100608
,2014-07-01,136.72999572753906,2015-03-01,107.56999969482422,-5781.6003341674805,-4347.067920426677
,2017-03-01,186.63999938964844,2018-08-01,219.55999755859375,5503.9990234375,2949.624246198673
,2010-07-01,17.3574161529541,2011-12-01,18.194738388061523,2799.925048828125,16101.610723649805
,2014-05-01,25.75324821472168,2015-04-01,21.95136260986328,-4478.0790939331055,-17357.89843580244
,2017-10-01,30.549999237060547,2018-03-01,22.799999237060547,-7897.0492515563965,-25474.352424375473
,2023-11-01,1032.1500244140625,2024-05-01,756.3499755859375,-6365.5,-612.3617123617124
,2010-06-01,22.75,2011-11-01,25.899999618530273,5733.3005027771,25883.975627614585
,2021-04-01,363.8999938964844,2023-02-01,371.6000061035156,328.0,88.17204301075269
,2010-05-01,44.81999969482422,2011-12-01,47.79999923706055,1485.17826461792,3285.7925653745847
,2014-08-01,136.42999267578125,2018-06-01,339.32000732421875,45015.45066833496,32990.437284809974
,2010-10-01,41.66999816894531,2011-09-01,21.68000030517578,-14868.91884803772,-35571.5768407352
,2014-12-01,34.5,2016-02-01,29.149999618530273,-4779.5,-13853.623188405796
,2021-12-01,172.19000244140625,2023-01-01,142.0,-5046.0,-2916.7630057803467
,2010-07-01,395.81231689453125,2011-06-01,314.2721862792969,-6237.890625,-1565.2785604686205
,2015-10-01,1206.2252197265625,2016-02-01,820.1100463867188,-9064.2421875,-753.5814065170842
,2021-01-01,814.1500244140625,2021-08-01,613.4000244140625,-7308.0,-893.398533007335
,2010-05-01,101.6500015258789,2011-01-01,53.849998474121094,-13599.499549865723,-13464.851039471012
,2014-10-01,71.44999694824219,2016-02-01,73.44999694824219,1236.0487213134766,1753.2605976077682
,2021-11-01,276.3500061035156,2022-01-01,203.8000030517578,-7884.0,-2826.819710482389
,2010-07-01,376.54998779296875,2013-02-01,616.7000122070312,19750.0,5266.666666666666
,2015-07-01,743.25,2016-02-01,494.8500061035156,-9881.99951171875,-1324.6648139033177
,2017-10-01,986.3499755859375,2018-05-01,818.0499877929688,-4971.0003662109375,-503.90272338681575
,2021-03-01,930.75,2022-03-01,975.3499755859375,1227.19921875,130.97110125400212
,2010-09-01,49.5,2011-01-01,38.5,-6696.299537658691,-13129.999093448416
,2014-08-01,48.04999923706055,2018-11-01,274.6499938964844,143332.8076171875,298610.0158691406
,2009-07-01,20.079999923706055,2011-11-01,52.0,49451.397720336914,241226.33034310688
,2014-10-01,91.5999984741211,2016-01-01,95.8499984741211,2665.0504989624023,2938.313769164964
,2021-01-01,506.45001220703125,2022-02-01,537.9000244140625,1469.1014404296875,286.3745497913621
,2010-07-01,214.02044677734375,2011-10-01,207.5436553955078,-2159.6136474609375,-977.6170785578072
,2017-11-01,1494.8128662109375,2018-11-01,1461.1500244140625,-811.78466796875,-54.278584643466985
,2021-02-01,2647.050048828125,2022-02-01,1897.9000244140625,-8251.099731445312,-311.5974218823759
,2010-08-01,55.04999923706055,2011-02-01,47.650001525878906,-4352.0,-7876.923076923077
,2014-08-01,133.60000610351562,2016-01-01,155.6999969482422,4491.20068359375,3326.8153211805557
,2021-07-01,763.6500244140625,2022-06-01,724.9000244140625,-1677.0,-218.64406779661016
,2010-08-01,31.100000381469727,2011-01-01,25.399999618530273,-5880.400367736816,-18817.281176757813
,2015-01-01,27.200000762939453,2015-04-01,21.200000762939453,-6391.599159240723,-23672.589478669342
,2017-02-01,36.79999923706055,2018-09-01,56.79999923706055,16096.25,43211.409395973154
,2021-07-01,91.9000015258789,2022-03-01,62.95000076293945,-9959.299751281738,-10651.65748800186
,2017-07-01,231.3000030517578,2018-10-01,324.1499938964844,11622.900787353516,4988.36943663241
,2010-08-01,477.70001220703125,2011-05-01,390.04998779296875,-5883.799621582031,-1221.2120736105792
,2010-07-01,18.25,2011-08-01,18.100000381469727,1067.9493732452393,6120.0534472947675
,2021-08-01,323.6499938964844,2022-10-01,325.1000061035156,4.598876953125,1.407675782457783
,2010-04-01,99.83999633789062,2018-09-01,1006.2999877929688,267839.9917602539,271093.10069549497
,2010-08-01,50.275001525878906,2011-06-01,41.95000076293945,-4499.801818847656,-8906.089426920369
,2021-06-01,270.0,2022-03-01,206.72500610351562,-6906.975677490234,-2558.1391398111978
,2013-08-01,1.683974027633667,2016-02-01,7.10985803604126,97613.83820354939,5788650.2072186675
,2014-09-01,117.05000305175781,2015-02-01,75.5999984741211,-10035.19921875,-8636.144132791915
,2014-11-01,15.550000190734863,2017-05-01,36.150001525878906,41955.748160362244,278775.731751759
,2019-11-01,69.05000305175781,2020-03-01,48.45000076293945,-8137.501655578613,-11784.940327198807
,2010-10-01,172.14834594726562,2011-08-01,147.59036254882812,-4622.145812988281,-2654.050262393695
,2015-02-01,202.48207092285156,2015-09-01,168.31253051757812,-4632.94921875,-2304.386216167356
,2021-01-01,475.29998779296875,2023-10-01,959.2000122070312,30051.0,6241.121495327103
,2020-07-01,759.75,2022-04-01,1094.5,11545.951904296875,1472.6979469766422
,2010-06-01,121.55000305175781,2011-01-01,99.44999694824219,-5067.599624633789,-4167.433954131402
,2012-10-01,150.14999389648438,2014-01-01,141.0,-2198.9475708007812,-1447.6284787077102
,2017-10-01,226.9499969482422,2018-10-01,217.85000610351562,-1181.3995971679688,-520.5550178691549
,2014-01-01,207.52499389648438,2016-09-01,696.125,71380.80395507812,34367.26288102251
,2018-07-01,1428.199951171875,2018-12-01,1020.4000244140625,-8443.051025390625,-591.8717858668507
,2021-02-01,2657.85009765625,2022-12-01,6285.89990234375,39991.050537109375,1491.2017976353009
,2010-11-01,552.7999877929688,2011-05-01,491.6000061035156,-2975.398681640625,-540.8832600785679
,2014-09-01,573.4500122070312,2015-09-01,539.8499755859375,-1973.400634765625,-343.7980199940113
,2017-06-01,740.1500244140625,2018-09-01,725.4500122070312,-396.0009765625,-53.44142733636977
,2010-08-01,199.92559814453125,2011-07-01,187.6077117919922,-1780.8998107910156,-886.7003438371644
,2021-06-01,339.6000061035156,2022-12-01,387.95001220703125,4488.0,1314.2020497803808
,2021-08-01,136.5500030517578,2023-03-01,208.75,16216.950668334961,11876.19941845633
,2021-07-01,125.0,2023-02-01,202.5500030517578,18420.0,14555.511304465466
,2017-07-01,54.029693603515625,2018-10-01,55.3849983215332,722.9413604736328,1331.9379644904143
,2021-06-01,116.66000366210938,2022-06-01,86.70500183105469,-7837.215705871582,-6687.614593907109
,2010-10-01,62.13820266723633,2011-02-01,47.78711700439453,-7013.294532775879,-10914.617402186614
,2014-05-01,82.86754608154297,2016-02-01,112.59123229980469,10922.320938110352,13328.732024707691
,2021-11-01,686.6500244140625,2023-03-01,626.8499755859375,-2795.0,-402.158273381295
,2010-05-01,371.5249938964844,2015-11-01,1186.7750244140625,64793.99658203125,17440.01013296144
,2018-01-01,1556.175048828125,2020-02-01,2000.1500244140625,8987.0,575.3521126760563
,2014-10-01,69.56999969482422,2015-06-01,61.650001525878906,-3659.1907234191895,-5190.341451658425
,2021-10-01,4478.75,2022-05-01,3301.75,-7660.19970703125,-166.70728415737216
,2013-01-01,249.7375030517578,2015-06-01,477.79998779296875,27229.498901367188,10903.247837680152
,2018-06-01,655.4500122070312,2019-07-01,636.25,-1165.5010986328125,-177.14128383754397
,2010-08-01,274.8500061035156,2010-11-01,189.89999389648438,-9788.200332641602,-3561.2880172013215
,2015-01-01,199.75,2018-04-01,340.45001220703125,21386.251831054688,10807.960495795167
,2021-10-01,430.6499938964844,2024-03-01,656.4000244140625,15801.0,3591.136363636364
,2010-10-01,161.8000030517578,2010-11-01,50.599998474121094,-7474.000282287598,-7917.3730524132125
,2014-11-01,111.81985473632812,2016-02-01,89.84632110595703,-5487.389556884766,-4885.528935140137
,2021-03-01,292.57501220703125,2022-10-01,487.7749938964844,19280.549377441406,6514.249169640405
,2010-09-01,800.5499877929688,2011-02-01,556.1500244140625,-8469.300903320312,-1058.662612915039
,2013-12-01,710.9500122070312,2015-09-01,851.7999877929688,6258.0,892.5336635664656
,2018-01-01,1238.5,2018-09-01,946.7000122070312,-7140.0,-576.5038352846185
,2022-04-01,76.25,2023-02-01,62.5,-4991.09880065918,-6601.982673806138
,2020-12-01,913.0,2022-01-01,971.3499755859375,2158.400390625,235.23518275191893
,2021-07-01,3111.550048828125,2022-02-01,1264.0999755859375,-15227.100219726562,-515.1251765807361
,2013-09-01,78.0,2016-02-01,186.10000610351562,44006.40234375,56418.46454326923
,2012-11-01,7.605711936950684,2013-06-01,4.841282844543457,-11070.075180053711,-141945.91346578608
,2020-09-01,29.18427276611328,2023-02-01,150.39500427246094,124395.21437454224,420607.1660860919
,2015-07-01,19.950000762939453,2016-02-01,13.21500015258789,-10032.523853302002,-50037.527356897954
,2021-08-01,208.89999389648438,2022-10-01,187.5,-2288.0,-1110.6796116504854
,2015-05-01,96.9000015258789,2016-02-01,88.3499984741211,-2410.200942993164,-2464.4180652199316
,2010-06-01,118.51249694824219,2011-12-01,171.0,13560.801544189453,11492.204698465637
,2017-05-01,474.8999938964844,2020-03-01,933.7000122070312,28586.25,6006.145449485859
,2009-12-01,98.5250015258789,2011-09-01,134.7624969482422,12532.399536132812,12720.019631606918
,2018-11-01,886.9000244140625,2019-06-01,773.6500244140625,-3743.0245971679688,-419.42176074929705
,2010-06-01,76.56769561767578,2011-12-01,85.05999755859375,3039.4080963134766,3987.3337957416397
,2014-05-01,1.6749999523162842,2018-02-01,7.144999980926514,97609.50085401535,5741735.18330251
,2021-01-01,14.5,2022-11-01,35.349998474121094,42911.0,290922.0338983051
,2014-12-01,20.604999542236328,2015-09-01,17.854999542236328,-3586.575222015381,-17326.44970929981
,2021-06-01,937.3900146484375,2022-11-01,884.25,-1360.0,-145.06666666666666
,2021-01-01,17.149999618530273,2022-12-01,92.75,130912.6473312378,727292.4851735432
,2012-11-01,263.2994384765625,2018-07-01,3610.1552734375,379262.0951843262,145642.5897268072
,2021-10-01,3266.86181640625,2023-03-01,3206.90869140625,-283.383544921875,-8.751658269292754
,2010-05-01,52.04999923706055,2011-06-01,53.70000076293945,1022.40087890625,1948.3580917309864
,2014-04-01,95.4000015258789,2018-06-01,552.8499755859375,147030.50718688965,154120.0260327093
,2010-03-01,269.54998779296875,2011-11-01,305.6499938964844,5039.399322509766,1845.933817769145
,2014-09-01,995.9500122070312,2017-09-01,3068.550048828125,60886.50146484375,5860.106012015761
,2008-01-01,58.099998474121094,2008-06-01,32.150001525878906,-14215.799606323242,-23772.240447643886
,2014-06-01,104.94999694824219,2015-01-01,75.30000305175781,-8735.250434875488,-8256.380135076335
,2010-11-01,235.3000030517578,2011-09-01,140.89999389648438,-12630.149612426758,-5319.077605707359
,2015-01-01,151.8000030517578,2016-02-01,133.60000610351562,-3437.649398803711,-2270.574331168144
,2021-04-01,405.25,2022-12-01,562.25,12002.800903320312,2978.362507027373
,2010-02-01,133.0,2011-05-01,162.0500030517578,6975.0,5244.360902255639
,2021-04-01,322.75,2021-10-01,239.85000610351562,-7438.199157714844,-2324.0741888502753
,2010-09-01,108.0,2011-01-01,76.0,-9099.451690673828,-8421.519142683443
,2010-10-01,12.011238098144531,2011-02-01,8.10920238494873,-10352.085506439209,-83244.4397511382
,2021-03-01,271.04998779296875,2023-03-01,481.0,23465.747985839844,8588.433511444216
,2014-03-01,122.96666717529297,2016-02-01,254.43333435058594,31897.80086517334,25793.370502263617
,2014-10-01,32.150001525878906,2016-02-01,42.29999923706055,10822.80213546753,33715.89610570491
,2018-03-01,137.82000732421875,2019-02-01,121.87999725341797,-3398.219139099121,-2450.0499018519904
,2011-01-01,6.7310380935668945,2015-03-01,47.870853424072266,184040.43308258057,2811561.51731945
,2014-08-01,277.1499938964844,2015-01-01,201.9499969482422,-8575.199340820312,-3074.6502432707316
,2017-08-01,308.8999938964844,2018-05-01,248.3000030517578,-6018.848815917969,-1941.2511055917105
,2021-09-01,287.6499938964844,2022-06-01,223.0,-6728.798095703125,-2354.373122149121
,2010-04-01,268.76666259765625,2011-08-01,273.1000061035156,1232.1006774902344,470.267434156578
,2016-09-01,512.75,2018-09-01,2185.10009765625,92886.99645996094,17873.194973672205
,2010-10-01,295.3500061035156,2011-12-01,311.0,4019.7987670898438,1339.9329223632812
,2014-04-01,512.0999755859375,2016-02-01,699.1500244140625,10895.302124023438,2127.5732558973837
,2021-02-01,137.64999389648438,2023-01-01,343.54998779296875,44354.79867553711,31909.927104702954
,2010-05-01,254.89999389648438,2011-01-01,221.75,-4387.5,-1694.015444015444
,2010-05-01,51.75,2011-12-01,77.19999694824219,15661.949558258057,30739.841655999368
,2022-02-01,639.4500122070312,2023-03-01,572.7000122070312,-3148.7005615234375,-492.4076161412286
,2021-05-01,71.62999725341797,2023-11-01,312.0,101406.79936218262,140064.63705105783
,2021-09-01,3549.300048828125,2022-06-01,2485.199951171875,-8555.201171875,-239.83967297250626
,2014-11-01,709.9000244140625,2016-02-01,685.8499755859375,-802.198974609375,-113.77902113302825
,2010-10-01,245.1999969482422,2011-02-01,164.60000610351562,-10004.0,-4033.870967741935
,2014-06-01,218.0500030517578,2016-02-01,223.39999389648438,753.5,344.06392694063925
,2022-01-01,444.0,2024-02-01,583.0999755859375,8951.198364257812,1978.3839369556563
,2010-03-01,528.6500244140625,2013-03-01,1515.949951171875,54600.0,10205.607476635514
,2021-07-01,2028.800048828125,2022-09-01,2246.699951171875,2676.79931640625,130.2578742776764
,2010-05-01,51.560001373291016,2011-05-01,48.68000030517578,-2905.0,-5419.776273692581
,2013-09-01,66.77999877929688,2018-03-01,244.44000244140625,78862.3631515503,117041.20861707197
,2021-08-01,368.4200134277344,2022-05-01,286.79998779296875,-6528.600494384766,-1766.3962084882296
,2015-02-01,39.5,2015-08-01,17.049999237060547,-15976.949420928955,-42044.60373928672
,2021-06-01,64.5999984741211,2023-02-01,78.19999694824219,4825.59716796875,7117.399632393734
,2015-06-01,114.75,2016-02-01,79.5999984741211,-9069.75,-7928.103041107298
,2010-07-01,167.0,2010-11-01,109.1500015258789,-10471.5,-6221.925020868637
,2015-04-01,37.400001525878906,2018-09-01,125.19999694824219,70415.59632873535,188276.98784988374
,2021-06-01,96.4000015258789,2022-03-01,90.8499984741211,-1866.0,-1905.053658129274
,2010-09-01,937.4500122070312,2012-10-01,1568.0999755859375,20382.400390625,2184.4917911458756
,2010-10-01,81.0862045288086,2011-01-01,64.66947174072266,-6727.4511795043945,-8098.7968639383025
,2010-06-01,144.18753051757812,2011-06-01,156.60003662109375,3104.400634765625,2155.8333172621583
,2014-01-01,215.643798828125,2015-04-01,201.9750518798828,-1282.2758483886719,-607.1380191048368
,2011-01-01,342.4149169921875,2011-12-01,254.8407745361328,-6921.217987060547,-2057.0143450317537
,2015-11-01,1529.9664306640625,2016-02-01,700.7314453125,-15784.363647460938,-1028.3963450457625
,2010-10-01,97.6500015258789,2011-08-01,75.44999694824219,-6968.901405334473,-7100.256033615043
,2022-03-01,334.25,2024-05-01,595.4000244140625,23758.55108642578,7092.104801918144
,2010-10-01,47.900001525878906,2011-11-01,32.666664123535156,-9494.331741333008,-19508.901857815148
,2015-07-01,39.36666488647461,2016-02-01,25.66666603088379,-11633.199806213379,-28190.306650819955
,2021-05-01,99.16666412353516,2023-02-01,545.9500122070312,133111.53440856934,141257.38178762794
,2010-07-01,59.130001068115234,2011-02-01,51.20000076293945,-3194.0996131896973,-5395.438466259744
,2010-10-01,138.10000610351562,2011-01-01,115.1500015258789,-5566.050331115723,-3961.6016591570983
,2010-05-01,29.645000457763672,2011-07-01,29.1299991607666,-1385.0708484649658,-4541.215896606445
,2018-08-01,334.5899963378906,2019-02-01,201.6999969482422,-12184.100814819336,-3598.3758402811295
,2021-09-01,477.79998779296875,2022-04-01,323.1000061035156,-9783.599243164062,-2068.4142163137553
,2010-09-01,1068.3499755859375,2013-03-01,1391.199951171875,9238.5986328125,863.3800487117621
,2018-01-01,7423.0,2018-10-01,6301.7001953125,-4587.80078125,-61.87189185772084
,2009-10-01,75.67333221435547,2011-11-01,141.1300048828125,28292.878509521484,37388.17583634071
,2021-04-01,571.1500244140625,2022-01-01,406.5,-8629.400634765625,-1500.895808600888
,2017-12-01,1043.199951171875,2020-03-01,1299.3499755859375,7812.0,743.2921027592769
