ticker,buy_date,buy_price,sell_date,sell_price,profit,profit_percent,Ticker,Fast Period,Slow Period
,2021-11-01,97.94999694824219,2023-09-01,40.45000076293945,-16110.899299621582,-17304.940455074135,3IINFOLTD,22,100
,2022-04-01,57.75,2024-05-01,34.849998474121094,-11080.651187896729,-19473.903147185498,3IINFOLTD,30,100
,2015-04-01,200.4499969482422,2020-05-01,37.04999923706055,-24316.799545288086,-12131.104971563995,ACLGATI,50,100
,2015-02-01,109.03221130371094,2016-10-01,36.45389175415039,-19504.990577697754,-18127.467874730522,ADANIENT,22,100
,2015-10-01,50.348873138427734,2017-02-01,53.67277145385742,2107.4059104919434,4181.082006054822,ADANIENT,30,100
,2019-05-01,17.899999618530273,2020-04-01,12.800000190734863,-8961.249041557312,-49373.273993947136,ADSL,50,100
,2016-05-01,160.39999389648438,2020-05-01,81.5999984741211,-15829.550285339355,-9478.77262595171,AJMERA,22,100
,2016-09-01,137.0,2020-10-01,83.55000305175781,-12360.599334716797,-8879.741096052434,AJMERA,30,100
,2014-12-01,40.96875,2019-10-01,25.962499618530273,-11066.92472076416,-26939.114380144936,ALLCARGO,22,100
,2015-02-01,42.54999923706055,2020-04-01,18.799999237060547,-16796.625537872314,-39405.57310937787,ALLCARGO,30,100
,2015-05-01,40.75,2021-04-01,31.225000381469727,-7603.800842285156,-18554.340584356924,ALLCARGO,50,100
,2016-02-01,501.95001220703125,2021-06-01,302.25,-11357.5,-2271.5,ALPHAGEO,50,100
,2014-11-01,414.8500061035156,2020-11-01,349.0,-4536.0,-1093.012048192771,APARINDS,22,100
,2014-12-01,408.8500061035156,2021-05-01,533.75,9417.0,2319.458128078818,APARINDS,30,100
,2013-07-01,29.102102279663086,2021-05-01,80.0999984741211,53031.711654663086,181535.26292683222,ARVIND,50,100
,2017-03-01,73.4000015258789,2020-01-01,31.649999618530273,-17013.600311279297,-23179.2914953561,ASAL,22,100
,2017-09-01,94.19999694824219,2019-12-01,31.0,-19970.39915084839,-21199.999785372653,ASAL,22,150
,2017-01-01,66.75,2017-05-01,65.3499984741211,-1661.2986297607422,-2400.72066911116,ASAL,30,100
,2017-06-01,71.19999694824219,2020-06-01,21.0,-21218.40064239502,-29717.64732344497,ASAL,30,100
,2017-12-01,99.9000015258789,2020-05-01,14.0,-25995.000457763672,-25827.12375923799,ASAL,30,150
,2018-05-01,68.0,2021-08-01,54.25,-5534.551345825195,-8073.743398153319,ASAL,50,150
,2016-02-01,73.55000305175781,2019-06-01,17.0,-22690.251552581787,-30850.1028023268,ASHAPURMIN,22,100
,2016-03-01,76.44999694824219,2019-09-01,29.200000762939453,-18130.001495361328,-23606.771842369562,ASHAPURMIN,30,100
,2016-07-01,71.4000015258789,2020-05-01,30.149999618530273,-17052.000160217285,-23765.853881835938,ASHAPURMIN,50,100
,2021-10-01,106.94999694824219,2022-02-01,101.19999694824219,-1904.0008544921875,-1762.9637541594327,ASHAPURMIN,50,100
,2015-03-01,6.142910957336426,2020-05-01,4.599999904632568,-8057.227544784546,-124917.15201360268,ASHIMASYN,22,100
,2022-02-01,14.699999809265137,2023-08-01,12.899999618530273,-3875.999221801758,-26367.34198703042,ASHIMASYN,22,100
,2015-06-01,10.212590217590332,2020-10-01,7.199999809265137,-8611.96229839325,-86272.92012670524,ASHIMASYN,30,100
,2015-11-01,12.699999809265137,2022-04-01,14.100000381469727,1535.3013515472412,11675.295787718327,ASHIMASYN,50,100
,2014-08-01,36.45000076293945,2020-10-01,78.94999694824219,35635.90251159668,97632.60962081281,ASHOKLEY,22,100
,2018-07-01,228.75,2020-03-01,68.75,-20396.70059967041,-9063.186102236801,ASIANHOTNR,22,100
,2018-10-01,151.75,2020-09-01,55.0,-18715.0,-12394.039735099337,ASIANHOTNR,30,100
,2019-07-01,110.0,2022-03-01,80.5,-7357.600830078125,-6873.050556122623,ASIANHOTNR,50,100
,2014-08-01,131.89999389648438,2019-11-01,89.19999694824219,-10158.25,-7649.284462772865,ASTRAMICRO,22,100
,2014-10-01,127.55000305175781,2020-04-01,64.6500015258789,-14957.750358581543,-11658.417773027957,ASTRAMICRO,30,100
,2015-03-01,147.5,2021-07-01,171.1999969482422,4922.75,3360.238907849829,ASTRAMICRO,50,100
,2015-10-01,1178.1500244140625,2017-04-01,972.7999877929688,-5181.251525878906,-439.07048951222566,ASTRAZEN,22,100
,2016-06-01,1072.5999755859375,2016-09-01,928.7999877929688,-4156.648681640625,-382.766137348695,ASTRAZEN,30,100
,2015-05-01,59.349998474121094,2016-11-01,63.04999923706055,2323.0011558532715,3933.956284279384,ATLANTAA,22,100
,2017-04-01,104.69999694824219,2019-05-01,13.899999618530273,-26025.999181747437,-24857.688577214794,ATLANTAA,22,100
,2015-06-01,51.150001525878906,2019-10-01,7.150000095367432,-25989.10078239441,-50562.45138302068,ATLANTAA,30,100
,2015-03-01,66.4000015258789,2016-03-01,30.850000381469727,-16484.048795700073,-24529.835631385784,ATLANTAA,50,100
,2017-05-01,113.0999984741211,2019-09-01,8.649999618530273,-27838.249292373657,-24537.902195866907,ATLANTAA,50,100
,2019-10-01,7.150000095367432,2020-09-01,6.699999809265137,-419.50160026550293,-5950.377147745521,ATLANTAA,50,100
,2015-09-01,164.96368408203125,2016-11-01,84.27630615234375,-13664.414596557617,-8416.85300061093,AURIONPRO,22,100
,2018-08-01,190.14999389648438,2020-02-01,39.95000076293945,-23463.650119781494,-12268.57522602954,AURIONPRO,22,100
,2016-03-01,107.49873352050781,2017-05-01,98.08309173583984,-1060.2093658447266,-992.4900476926553,AURIONPRO,30,100
,2018-11-01,146.3000030517578,2020-05-01,44.0,-20920.249843597412,-14328.938249039322,AURIONPRO,30,100
,2017-11-01,155.88583374023438,2020-01-01,58.54999923706055,-19566.56396484375,-12262.887588457388,AURIONPRO,50,100
,2015-12-01,140.25,2020-03-01,37.75,-21608.849349975586,-15385.439529727262,BALAJITELE,22,100
,2016-02-01,91.3499984741211,2020-08-01,80.8499984741211,-3444.0,-3770.115005503437,BALAJITELE,30,100
,2016-06-01,106.44999694824219,2021-11-01,56.5,-13923.549785614014,-13012.663351041136,BALAJITELE,50,100
,2018-02-01,138.0500030517578,2022-06-01,40.95000076293945,-21222.599006652832,-15356.439562441517,BALAJITELE,50,150
,2014-05-01,1010.0,2020-08-01,1300.449951171875,8454.951416015625,837.1239025758043,BANARISUG,22,100
,2014-09-01,1215.1500244140625,2021-03-01,1584.3499755859375,8714.3994140625,719.6035849762593,BANARISUG,30,100
,2015-09-01,37.5,2019-07-01,29.25,-8200.0,-21409.922097505856,BANSWRAS,22,100
,2016-02-01,42.5,2020-03-01,36.42499923706055,-4935.0,-11611.764705882353,BANSWRAS,30,100
,2016-12-01,72.19999694824219,2021-10-01,98.17500305175781,14307.124366760254,19605.5151297248,BANSWRAS,50,100
,2022-01-01,144.47500610351562,2022-02-01,100.125,-9620.326263427734,-6562.295950134363,BANSWRAS,50,100
,2022-04-01,80.75,2023-11-01,50.45000076293945,-10907.400566101074,-13566.418357082037,BASML,22,150
,2014-06-01,46.99187469482422,2020-06-01,33.63459777832031,-9230.393211364746,-19189.08961485215,BASML,30,100
,2023-01-01,48.79999923706055,2024-04-01,52.349998474121094,1995.5,4064.1549124523067,BASML,30,150
,2013-07-01,19.219999313354492,2014-07-01,12.609999656677246,-9983.999404907227,-52547.365288985406,BBOX,22,100
,2014-06-01,15.149999618530273,2015-02-01,20.739999771118164,9206.999244689941,60772.27377239451,BBOX,30,100
,2015-07-01,27.639999389648438,2016-12-01,17.93000030517578,-10557.049503326416,-38194.8253851271,BBOX,50,100
,2019-02-01,21.0,2019-09-01,23.040000915527344,2227.6792373657227,10782.571412481224,BBOX,50,100
,2019-06-01,22.0,2019-07-01,17.219999313354492,-7264.7898960113525,-32533.76587923263,BBOX,50,150
,2019-08-01,21.93000030517578,2019-09-01,23.040000915527344,396.42864418029785,1807.7001307051294,BBOX,50,150
,2015-01-01,33.71666717529297,2021-02-01,45.70000076293945,11019.111320495605,32563.94199263652,BEL,30,100
,2015-08-01,1092.239501953125,2020-06-01,537.8662109375,-14098.304443359375,-1328.5715567527325,BEML,22,100
,2020-07-01,539.5084838867188,2020-10-01,518.4957885742188,-1111.6921997070312,-206.89620898942698,BEML,22,150
,2020-12-01,816.0424194335938,2021-01-01,767.0689086914062,-1685.7333984375,-205.94721620610935,BEML,22,150
,2016-01-01,883.7968139648438,2020-09-01,514.1163940429688,-12117.465454101562,-1370.2856891227373,BEML,30,100
,2017-01-01,1013.831298828125,2022-02-01,1315.2520751953125,8687.470031738281,855.3318559754543,BEML,50,100
,2013-08-01,12.566665649414062,2015-01-01,11.5,-2943.964997291565,-23426.77906313861,BEPL,50,100
,2016-11-01,449.75,2017-01-01,359.54998779296875,-6032.399597167969,-1333.4216796095423,BFUTILITIE,22,100
,2016-08-01,613.5,2017-04-01,457.1000061035156,-7571.99853515625,-1231.5196935545641,BFUTILITIE,30,100
,2018-03-01,382.3500061035156,2018-07-01,331.8500061035156,-4344.6009521484375,-1126.4197082307576,BFUTILITIE,50,100
,2016-10-01,19.100000381469727,2020-10-01,16.899999618530273,-3689.5005989074707,-19166.236877441406,BHAGYANGR,22,100
,2017-11-01,39.849998474121094,2020-10-01,16.899999618530273,-18123.200286865234,-44202.927528939596,BHAGYANGR,22,150
,2015-06-01,378.5731201171875,2017-05-01,334.8621520996094,-3823.4042358398438,-1001.2510312376602,BHARTIARTL,22,100
,2022-11-01,217.5500030517578,2023-04-01,182.25,-4911.450836181641,-2251.926042519479,BIL,22,200
,2013-05-01,220.5500030517578,2020-02-01,131.39999389648438,-11233.600830078125,-5249.346182279498,BIL,30,100
,2013-11-01,203.25,2020-11-01,142.1999969482422,-10290.0,-4877.933230084242,BIL,50,100
,2014-06-01,61.04999923706055,2021-02-01,60.29999923706055,-1473.0,-2297.9719735792037,BIRLACABLE,22,100
,2014-07-01,65.55000305175781,2021-11-01,76.75,6786.44930267334,10554.353002457307,BIRLACABLE,30,100
,2017-05-01,30.899999618530273,2020-03-01,4.699999809265137,-25219.999537467957,-81618.12248807892,BLKASHYAP,22,100
,2017-07-01,41.150001525878906,2020-09-01,6.599999904632568,-25478.549513339996,-61320.216561194036,BLKASHYAP,30,100
,2017-12-01,65.75,2022-02-01,23.299999237060547,-19425.601043701172,-29477.390886057485,BLKASHYAP,50,100
,2020-09-01,6.599999904632568,2022-02-01,23.299999237060547,75901.49696588516,1150022.6979186707,BLKASHYAP,50,150
,2017-12-01,277.8999938964844,2020-06-01,72.3499984741211,-21983.149673461914,-7907.607796209322,BOMDYEING,22,100
,2017-12-01,277.8999938964844,2020-06-01,72.3499984741211,-21983.149673461914,-7907.607796209322,BOMDYEING,22,150
,2018-01-01,228.14999389648438,2021-01-01,73.8499984741211,-20311.550399780273,-8856.136847283444,BOMDYEING,30,100
,2018-02-01,258.6499938964844,2021-02-01,73.9000015258789,-21073.75087738037,-8172.871971513614,BOMDYEING,30,150
,2018-04-01,310.20001220703125,2022-08-01,100.1500015258789,-20203.201171875,-6512.9595025261115,BOMDYEING,50,100
,2018-05-01,241.0500030517578,2022-09-01,96.30000305175781,-17824.999053955078,-7430.179036038857,BOMDYEING,50,150
,2016-02-01,26.350000381469727,2020-01-01,22.5,-6145.199565887451,-22427.735954169613,BPL,22,100
,2016-06-01,35.70000076293945,2020-07-01,18.350000381469727,-14406.001281738281,-39576.92493912729,BPL,30,100
,2016-11-01,71.6500015258789,2022-02-01,53.79999923706055,-7607.600318908691,-10566.11155403985,BPL,50,100
,2015-01-01,86.20639038085938,2015-03-01,71.5484848022461,-5172.034240722656,-6002.9812793382025,CANBK,30,100
,2015-04-01,189.9499969482422,2020-06-01,175.4499969482422,-2331.4485626220703,-1227.4012108867505,CENTENKA,22,100
,2015-09-01,202.0500030517578,2020-11-01,197.14999389648438,-1080.4004516601562,-528.8303649150927,CENTENKA,30,100
,2016-07-01,97.9000015258789,2016-12-01,83.5,-4498.199066162109,-4592.342221857348,CENTRALBK,22,100
,2014-07-01,415.45001220703125,2020-03-01,252.85000610351562,-11001.59912109375,-2670.2910488091625,CENTUM,22,100
,2014-09-01,467.95001220703125,2020-07-01,316.6000061035156,-9945.599609375,-2096.679557584871,CENTUM,30,100
,2014-11-01,625.5,2021-06-01,397.8500061035156,-10398.75,-1655.8519108280254,CENTUM,50,100
,2014-09-01,116.19999694824219,2020-07-01,128.4499969482422,3134.700393676758,2693.041540020795,CENTURYPLY,22,100
,2015-05-01,673.0999755859375,2020-08-01,333.3999938964844,-14777.400268554688,-2200.655289434801,CENTURYTEX,22,100
,2015-09-01,517.5999755859375,2020-11-01,351.8500061035156,-9627.301391601562,-1842.898342587138,CENTURYTEX,30,100
,2016-03-01,529.7000122070312,2022-02-01,764.6500244140625,13140.4013671875,2479.3210126768868,CENTURYTEX,50,100
,2015-08-01,59.22590255737305,2019-07-01,18.25,-20403.71593093872,-34745.37271146612,CGPOWER,22,100
,2016-04-01,57.650001525878906,2019-11-01,13.699999809265137,-23088.00079345703,-40048.569266893945,CGPOWER,30,100
,2017-10-01,82.9000015258789,2020-08-01,22.399999618530273,-21551.69889831543,-25903.48520291714,CGPOWER,50,100
,2016-08-01,67.94999694824219,2016-09-01,58.25,-3307.5,-5018.968017324166,CHAMBLFERT,22,100
,2016-08-01,294.5,2020-05-01,54.75,-24214.75,-8166.863406408094,CHENNPETRO,22,100
,2016-11-01,278.8500061035156,2020-09-01,68.94999694824219,-22710.750816345215,-8057.743595720977,CHENNPETRO,30,100
,2017-09-01,402.95001220703125,2021-12-01,102.6500015258789,-22151.90101623535,-5497.431528765893,CHENNPETRO,50,100
,2017-12-01,428.6000061035156,2021-12-01,102.6500015258789,-22431.9009475708,-5232.540309968036,CHENNPETRO,50,150
,2016-12-01,81.0999984741211,2020-06-01,23.899999618530273,-20534.851266860962,-25813.765529965247,CINELINE,22,100
,2017-02-01,77.1500015258789,2020-12-01,36.79999923706055,-15714.0,-20407.79220779221,CINELINE,30,100
,2016-05-01,62.25,2019-11-01,36.25,-12842.700366973877,-20401.43004181623,CONSOFINVT,22,100
,2016-09-01,59.349998474121094,2020-04-01,25.5,-17851.749229431152,-29337.3043173096,CONSOFINVT,30,100
,2017-09-01,65.8499984741211,2020-07-01,27.649999618530273,-17449.249305725098,-26498.480956810676,CONSOFINVT,50,150
,2017-02-01,117.69999694824219,2021-02-01,89.3499984741211,-6286.5,-5509.640739763756,CREST,22,100
,2017-03-01,176.5,2021-09-01,122.0,-7976.79948425293,-4742.4492443406625,CREST,30,100
,2021-10-01,895.7000122070312,2021-11-01,878.5,-528.0,-58.92857142857143,CUMMINSIND,30,150
,2017-11-01,145.1999969482422,2018-05-01,66.6500015258789,-16819.89874267578,-11315.102208741886,DALMIASUG,22,150
,2019-04-01,111.75,2019-09-01,89.19999694824219,-5909.400817871094,-5288.0544231508675,DALMIASUG,30,150
,2014-07-01,56.650001525878906,2020-11-01,77.5,11109.0,19837.5,DATAMATICS,22,100
,2015-10-01,181.89999389648438,2020-10-01,151.6999969482422,-4739.5989990234375,-2598.464450450176,DCAL,22,100
,2021-06-01,214.5,2023-08-01,156.35000610351562,-7964.698303222656,-3714.8780456906798,DCAL,22,150
,2016-01-01,165.125,2021-03-01,109.0,-10271.75,-6187.801204819278,DCAL,30,100
,2016-08-01,176.6999969482422,2022-06-01,112.94999694824219,-10393.5,-5888.6685552407935,DCAL,50,100
,2015-05-01,133.1999969482422,2022-08-01,94.3499984741211,-8797.501373291016,-6634.616114891542,DCBBANK,50,100
,2014-06-01,28.049999237060547,2020-04-01,10.449999809265137,-19188.54979610443,-67565.31709100585,DCW,30,100
,2015-09-01,20.299999237060547,2021-12-01,44.29999923706055,35817.25,175145.47023836727,DCW,50,100
,2014-07-01,158.8221893310547,2019-12-01,94.24613952636719,-11538.75244140625,-7414.579353114927,DEEPAKFERT,22,100
,2016-07-01,29.619964599609375,2022-09-01,48.0,18702.155235290527,62403.73198583796,DHANI,22,100
,2018-02-01,258.6499938964844,2023-01-01,34.0,-25598.999824523926,-9960.70032082643,DHANI,22,150
,2016-07-01,29.619964599609375,2022-08-01,65.3499984741211,35551.95291900635,118626.67770741222,DHANI,30,100
,2018-05-01,467.29998779296875,2023-07-01,37.650001525878906,-27014.39990234375,-5872.695630944293,DHANI,30,150
,2017-01-01,20.129587173461914,2023-03-01,26.549999237060547,9492.29024887085,46578.01670641063,DHANI,50,100
,2018-09-01,538.9000244140625,2024-03-01,38.04999923706055,-26042.5,-5086.42578125,DHANI,50,150
,2016-09-01,62.650001525878906,2020-08-01,27.850000381469727,-17757.69981765747,-27007.908467920104,DONEAR,22,100
,2020-06-01,28.700000762939453,2020-11-01,29.600000381469727,2037.7507972717285,7369.804070109583,DONEAR,22,150
,2016-10-01,73.5,2020-12-01,34.5,-17768.401245117188,-22663.77665726454,DONEAR,30,100
,2017-03-01,78.44999694824219,2022-07-01,51.150001525878906,-10906.098251342773,-13683.93810406954,DONEAR,50,100
,2016-01-01,347.8500061035156,2020-03-01,145.4499969482422,-17840.699737548828,-5032.637443596284,DREDGECORP,22,100
,2016-05-01,384.3500061035156,2020-08-01,288.29998779296875,-6267.300476074219,-1630.6232279299793,DREDGECORP,30,100
,2017-09-01,550.9500122070312,2020-07-01,259.8999938964844,-16251.300659179688,-2949.6869587277392,DREDGECORP,30,150
,2017-05-01,579.6500244140625,2021-11-01,315.45001220703125,-13209.0,-2289.2547660311957,DREDGECORP,50,100
,2018-02-01,683.0999755859375,2022-01-01,322.6000061035156,-15351.0,-2254.185022026432,DREDGECORP,50,150
,2015-02-01,2840.75,2019-12-01,973.4500122070312,-19664.999389648438,-668.8889170310499,DYNAMATECH,30,100
,2015-03-01,3857.25,2020-12-01,847.4500122070312,-21105.0,-545.630816959669,DYNAMATECH,50,100
,2015-09-01,95.97333526611328,2021-03-01,92.94999694824219,-1201.8993530273438,-1238.404566494123,EIHOTEL,22,100
,2016-03-01,102.29962921142578,2021-09-01,129.35000610351562,7793.906852722168,7618.704889549756,EIHOTEL,30,100
,2017-04-01,129.46836853027344,2023-05-01,208.8000030517578,18302.50616455078,14136.66239276903,EIHOTEL,50,100
,2015-04-01,408.95001220703125,2020-04-01,245.89999389648438,-11902.651336669922,-2910.5394256949417,EIMCOELECO,22,100
,2015-07-01,601.4000244140625,2020-08-01,321.1000061035156,-14540.75,-2383.7295081967213,EIMCOELECO,30,100
,2016-02-01,285.1000061035156,2021-10-01,388.04998779296875,10920.0,3791.6666666666665,EIMCOELECO,50,100
,2018-05-01,43.45000076293945,2020-06-01,18.649999618530273,-16835.99973678589,-38927.16702147026,EKC,22,100
,2016-06-01,64.69999694824219,2017-08-01,48.650001525878906,-8125.647880554199,-12274.393134650982,ELECON,22,100
,2017-12-01,102.9000015258789,2019-12-01,36.70000076293945,-19264.199111938477,-18712.190075754443,ELECON,22,100
,2016-09-01,57.95000076293945,2020-06-01,26.100000381469727,-16802.5,-28478.813559322032,ELECON,30,100
,2018-02-01,88.5,2021-02-01,57.0,-10511.79948425293,-11877.739530229299,ELECON,50,100
,2017-12-01,37.70000076293945,2019-10-01,13.399999618530273,-18920.999393463135,-50726.5409664234,ELECTCAST,22,100
,2018-03-01,24.450000762939453,2020-03-01,9.300000190734863,-20842.0,-79096.77304846207,ELECTCAST,30,100
,2018-12-01,21.649999618530273,2022-02-01,37.5,21952.25052833557,101396.07812993493,ELECTCAST,50,100
,2017-06-01,240.4499969482422,2022-06-01,87.1500015258789,-19468.0,-7978.688524590164,ELECTHERM,22,100
,2017-10-01,215.10000610351562,2022-04-01,122.0,-13747.099151611328,-6307.4555375543,ELECTHERM,30,100
,2018-08-01,178.0500030517578,2023-03-01,55.20000076293945,-20462.400512695312,-11492.502197119898,ELECTHERM,50,100
,2022-02-01,495.3500061035156,2023-06-01,424.70001220703125,-4110.0,-829.7163519447124,EMAMILTD,22,100
,2017-08-01,190.35000610351562,2020-07-01,33.150001525878906,-24939.450958251953,-12999.452783335064,EMAMIREAL,22,100
,2018-07-01,159.5500030517578,2020-04-01,26.25,-26028.59942626953,-15803.64293172947,EMAMIREAL,22,150
,2017-10-01,179.0,2021-01-01,58.099998474121094,-19731.04898071289,-11029.094272708431,EMAMIREAL,30,100
,2018-09-01,136.35000610351562,2020-10-01,35.54999923706055,-20405.001678466797,-15744.599319053023,EMAMIREAL,30,150
,2018-02-01,285.79998779296875,2022-06-01,63.599998474121094,-23275.199920654297,-8109.825756325538,EMAMIREAL,50,100
,2018-12-01,146.25,2022-07-01,69.0,-16400.0,-11099.830795262267,EMAMIREAL,50,150
,2016-04-01,53.349998474121094,2020-07-01,43.099998474121094,-4720.800857543945,-9166.603606881448,EMKAY,22,100
,2022-03-01,104.5,2023-05-01,72.69999694824219,-9083.550437927246,-8651.000417073568,EMKAY,22,100
,2016-07-01,76.8499984741211,2021-01-01,67.9000015258789,-2788.5005950927734,-3621.429344276329,EMKAY,30,100
,2017-07-01,166.0500030517578,2022-05-01,79.94999694824219,-16299.000549316406,-9559.531113968565,EMKAY,50,100
,2017-03-01,143.9499969482422,2020-01-01,91.5,-11076.0,-7678.3362218370885,ENGINERSIN,22,100
,2016-01-01,96.32499694824219,2016-12-01,151.0,17703.67594909668,18620.748374816536,ENGINERSIN,30,100
,2017-08-01,155.5,2020-06-01,75.4000015258789,-15350.3994140625,-9871.639494573956,ENGINERSIN,30,100
,2018-02-01,173.10000610351562,2021-08-01,73.0999984741211,-17507.5994720459,-10035.884080433805,ENGINERSIN,50,100
,2014-07-01,439.45001220703125,2020-04-01,142.75,-19941.0,-4573.623853211009,ENIL,30,100
,2014-12-01,532.5,2021-02-01,158.85000610351562,-21011.199829101562,-3927.3270708601053,ENIL,50,100
,2014-11-01,183.75,2020-01-01,55.75,-20864.0,-11354.557823129253,EVEREADY,22,100
,2014-12-01,179.75,2020-06-01,81.8499984741211,-16027.300506591797,-8951.29865033222,EVEREADY,30,100
,2015-03-01,260.70001220703125,2021-12-01,293.04998779296875,3858.2485961914062,1481.3777751426985,EVEREADY,50,100
,2014-03-01,110.69999694824219,2021-03-01,380.95001220703125,73495.19917297363,66632.0916949443,FINCABLES,22,100
,2014-06-01,179.6999969482422,2022-02-01,413.6000061035156,38545.20202636719,21248.733915814213,FINCABLES,30,100
,2014-08-01,217.6999969482422,2022-10-01,521.5,41511.0,18698.64864864865,FINCABLES,50,100
,2013-06-01,201.35000610351562,2022-04-01,271.0,10500.599548339844,5248.987447214926,FMGOETZE,50,100
,2017-03-01,94.2375259399414,2020-11-01,68.43333435058594,-7997.707763671875,-8485.629518796193,GAIL,22,100
,2017-04-01,105.9875259399414,2023-02-01,102.6500015258789,-1071.870704650879,-1011.3177896597588,GAIL,50,100
,2015-02-01,25.549999237060547,2021-01-01,41.70000076293945,19018.800895690918,74583.53292427812,GALLANTT,22,100
,2016-10-01,80.19999694824219,2019-11-01,30.0,-19541.5,-23758.662613981764,GANESHHOUC,22,100
,2016-07-01,87.30000305175781,2020-04-01,24.549999237060547,-22037.751308441162,-24817.286656619006,GANESHHOUC,30,100
,2017-10-01,116.80000305175781,2021-05-01,65.44999694824219,-12672.0,-10698.185163767583,GANESHHOUC,50,100
,2015-12-01,136.9499969482422,2020-09-01,66.4000015258789,-14815.348663330078,-10861.693054453966,GEECEE,22,100
,2016-03-01,103.75,2021-03-01,101.55000305175781,-433.5,-418.0327991874143,GEECEE,30,100
,2016-09-01,146.14999389648438,2022-10-01,151.3000030517578,245.99937438964844,163.0754818934776,GEECEE,50,100
,2017-09-01,311.54998779296875,2020-02-01,54.650001525878906,-24628.798828125,-7905.24788737637,GENESYS,22,100
,2017-12-01,326.54998779296875,2020-08-01,51.650001525878906,-25457.251041412354,-7738.942117865107,GENESYS,30,100
,2015-07-01,27.0,2020-02-01,24.549999237060547,-1555.3995761871338,-5760.739171063458,GENUSPOWER,22,100
,2015-11-01,48.349998474121094,2020-07-01,21.899999618530273,-16677.99976348877,-34176.22955785391,GENUSPOWER,30,100
,2015-05-01,55.349998474121094,2020-02-01,24.950000762939453,-16449.70020675659,-29639.0994716335,GEOJITFSL,22,100
,2021-11-01,71.30000305175781,2023-08-01,56.95000076293945,-6510.001602172852,-8942.309518235195,GEOJITFSL,22,100
,2015-08-01,43.099998474121094,2020-08-01,38.45000076293945,-3166.8021240234375,-7425.092639450211,GEOJITFSL,30,100
,2016-06-01,39.95000076293945,2022-03-01,62.5,16800.00114440918,41379.31471873748,GEOJITFSL,50,100
,2015-06-01,719.6500244140625,2021-01-01,266.3999938964844,-19005.550750732422,-2603.678393437987,GEPIL,22,100
,2015-10-01,618.9000244140625,2021-04-01,259.8999938964844,-17464.80029296875,-2821.4540053261308,GEPIL,30,100
,2016-06-01,621.2999877929688,2022-02-01,153.14999389648438,-22312.80029296875,-3610.485484299151,GEPIL,50,100
,2014-07-01,367.25,2019-08-01,239.89999389648438,-10133.100494384766,-2776.191916269799,GESHIP,22,100
,2014-10-01,398.54998779296875,2020-02-01,241.75,-11388.749313354492,-2882.1332378251154,GESHIP,30,100
,2016-01-01,336.3999938964844,2020-11-01,252.5,-6541.5,-1938.7967155704682,GESHIP,50,100
,2014-10-01,72.77106475830078,2023-03-01,47.599998474121094,-10245.961776733398,-14022.340813084802,GFLLIMITED,22,100
,2023-12-01,97.19999694824219,2024-05-01,69.6500015258789,-7854.0,-7897.436139779411,GFLLIMITED,30,100
,2015-01-01,11.5,2019-11-01,8.25,-8345.599502563477,-72887.33311427975,GINNIFILA,22,100
,2015-05-01,17.200000762939453,2020-04-01,6.900000095367432,-15870.3998336792,-99189.998960495,GINNIFILA,30,100
,2015-10-01,19.700000762939453,2021-10-01,31.299999237060547,16742.0,82472.90950353874,GINNIFILA,50,100
,2016-02-01,76.6500015258789,2019-11-01,68.05000305175781,-3616.75,-4721.60583818014,GIPCL,22,100
,2016-07-01,90.0,2020-05-01,55.599998474121094,-11155.5,-12258.791208791208,GIPCL,30,100
,2017-10-01,142.8000030517578,2021-10-01,86.5,-12043.49967956543,-8378.086733610733,GIPCL,50,100
,2015-10-01,626.4000244140625,2021-04-01,526.5499877929688,-4845.6988525390625,-770.3813756023947,GKWLIMITED,22,100
,2016-01-01,714.6500244140625,2021-11-01,628.75,-4614.549499511719,-623.6298970721025,GKWLIMITED,30,100
,2016-08-01,590.25,2023-02-01,505.25,-4114.9993896484375,-697.4575236692267,GKWLIMITED,50,100
,2018-08-01,1714.175048828125,2018-11-01,1360.5,-6273.0,-362.81087333718915,GLAXO,22,100
,2018-12-01,1515.3499755859375,2019-01-01,1409.25,-1821.1495361328125,-121.38164866644476,GLAXO,22,100
,2019-02-01,1334.699951171875,2019-07-01,1207.3499755859375,-2854.5,-214.9472891566265,GLAXO,22,100
,2019-10-01,1662.9000244140625,2023-05-01,1305.3499755859375,-6405.299560546875,-385.58269617262675,GLAXO,22,100
,2022-05-01,1511.75,2022-11-01,1337.1500244140625,-3387.700927734375,-222.29008712167814,GLAXO,50,100
,2021-11-01,523.7999877929688,2022-10-01,404.54998779296875,-6395.400695800781,-1225.1725470882723,GLENMARK,22,200
,2015-09-01,81.69999694824219,2020-03-01,35.849998474121094,-17671.05055999756,-21036.964952378046,GLOBALVECT,22,100
,2015-11-01,96.0,2020-09-01,50.150001525878906,-13712.40023803711,-14373.584925276318,GLOBALVECT,30,100
,2016-05-01,80.3499984741211,2021-11-01,53.599998474121094,-9380.950569152832,-11792.520690476003,GLOBALVECT,50,100
,2017-11-01,166.60000610351562,2019-05-01,80.3499984741211,-15740.999450683594,-9372.432114741008,GMDCLTD,22,150
,2018-05-01,116.1500015258789,2019-06-01,75.0999984741211,-10449.0,-8992.254969381966,GMDCLTD,30,150
,2016-09-01,106.0,2021-03-01,275.79998779296875,48279.803886413574,45079.18260902644,GOACARBON,22,100
,2017-12-01,135.39999389648438,2020-08-01,53.20000076293945,-17735.24831390381,-13171.369563921582,GOKEX,22,100
,2022-03-01,219.89999389648438,2023-07-01,168.8000030517578,-6215.1995849609375,-2877.407215259693,GREENPLY,22,100
,2023-05-01,156.25,2023-08-01,161.39999389648438,892.8017578125,568.8447118013781,GREENPLY,30,100
,2014-06-01,17.899999618530273,2020-09-01,37.45000076293945,33500.0,186111.1111111111,GULFPETRO,22,100
,2019-03-01,7.650000095367432,2019-08-01,4.400000095367432,-13331.4003739357,-170915.38523000607,GVKPIL,22,100
,2019-10-01,4.650000095367432,2020-01-01,4.349999904632568,-2902.948769569397,-59854.61498249909,GVKPIL,30,100
,2017-11-01,118.94999694824219,2020-02-01,58.0,-15397.199615478516,-12820.316245712755,HARRMALAYA,22,150
,2015-09-01,38.95000076293945,2020-05-01,11.899999618530273,-21020.998678207397,-53420.58321052302,HBLPOWER,30,100
,2016-06-01,34.20000076293945,2021-11-01,53.95000076293945,18504.7020072937,53481.80006751794,HBLPOWER,50,100
,2017-11-01,34.54070281982422,2019-02-01,12.100000381469727,-19625.352222442627,-56378.728309776205,HCC,22,100
,2018-02-01,30.413761138916016,2019-08-01,8.149999618530273,-21907.837951660156,-72139.05133201747,HCC,30,100
,2018-04-01,21.173002243041992,2020-09-01,5.25,-22476.170906066895,-106154.86008108822,HCC,50,100
,2017-09-01,933.2000122070312,2023-08-01,1751.550048828125,26187.201171875,2806.172399198956,HEG,22,100
,2017-09-01,933.2000122070312,2024-04-01,2361.89990234375,45718.396484375,4899.099430597986,HEG,30,100
,2017-10-01,1710.949951171875,2023-06-01,1630.3499755859375,-1785.850830078125,-102.63510517690374,HEG,50,100
,2013-06-01,42.29999923706055,2013-07-01,34.45000076293945,-5317.5,-12660.714285714286,HEIDELBERG,22,100
,2013-11-01,38.0,2013-12-01,37.400001525878906,-394.5,-1038.157894736842,HEIDELBERG,22,100
,2016-04-01,15.934112548828125,2020-02-01,8.60159969329834,-12915.18766784668,-81293.50061666952,HILTON,22,100
,2016-06-01,16.592159271240234,2020-07-01,7.99055814743042,-15551.694831848145,-95625.43729498636,HILTON,30,100
,2017-07-01,47.14429473876953,2021-10-01,11.98583698272705,-23347.28465652466,-48084.8031342582,HILTON,50,100
,2014-12-01,88.44999694824219,2020-05-01,45.849998474121094,-14254.949741363525,-16043.837913531868,HIMATSEIDE,22,100
,2021-10-01,248.1999969482422,2023-05-01,94.0,-18791.99981689453,-7471.968118049515,HIMATSEIDE,22,150
,2015-02-01,81.6500015258789,2020-10-01,127.1500015258789,14863.5,17694.64285714286,HIMATSEIDE,30,100
,2015-08-01,184.35000610351562,2022-02-01,162.4499969482422,-3207.6004943847656,-1760.000271267361,HIMATSEIDE,50,100
,2015-04-01,128.60000610351562,2015-10-01,84.05000305175781,-10415.101066589355,-8098.834037539467,HINDALCO,22,100
,2018-11-01,123.4000015258789,2020-05-01,50.79999923706055,-17896.950370788574,-14357.761854557975,HINDOILEXP,22,150
,2019-05-01,129.14999389648438,2020-07-01,64.6500015258789,-14697.199645996094,-11482.187223434448,HINDOILEXP,30,150
,2014-11-01,132.56666564941406,2023-03-01,236.8000030517578,21088.31118774414,15427.963027192436,HINDPETRO,22,100
,2014-11-01,132.56666564941406,2022-05-01,227.8000030517578,21088.31118774414,15427.963027192436,HINDPETRO,30,100
,2017-06-01,78.5999984741211,2021-04-01,44.599998474121094,-12915.900581359863,-16453.376536764157,HSCL,22,100
,2017-08-01,105.0999984741211,2021-10-01,52.650001525878906,-14991.000652313232,-14222.960564789446,HSCL,30,100
,2017-11-01,164.39999389648438,2023-02-01,83.5,-15033.198333740234,-9034.374330020843,HSCL,50,100
,2017-08-01,233.89999389648438,2020-03-01,40.849998474121094,-24851.2001953125,-10563.740784404888,IBREALEST,22,100
,2022-03-01,101.4000015258789,2023-05-01,67.25,-10383.999099731445,-10180.391274246515,IBREALEST,22,100
,2018-08-01,154.35000610351562,2019-07-01,88.5999984741211,-12609.998519897461,-8301.5135132203,IBREALEST,22,150
,2022-03-01,101.4000015258789,2023-07-01,69.19999694824219,-9587.5,-9399.50980392157,IBREALEST,22,150
,2017-09-01,220.8000030517578,2020-09-01,51.25,-22815.00051498413,-10332.880525203642,IBREALEST,30,100
,2019-06-01,113.8499984741211,2020-01-01,106.5,-2879.8491973876953,-2515.1521374565027,IBREALEST,30,150
,2022-11-01,83.30000305175781,2024-04-01,132.60000610351562,17532.00164794922,20896.306709293065,IBREALEST,30,150
,2018-01-01,215.6999969482422,2022-04-01,89.30000305175781,-17812.850212097168,-8208.68673368533,IBREALEST,50,100
,2020-06-01,48.79999923706055,2022-06-01,60.95000076293945,7183.800468444824,14512.728219080453,IBREALEST,50,150
,2014-01-01,7.78000020980835,2019-12-01,46.70000076293945,153276.00367736816,2128833.440802718,ICIL,30,100
,2014-01-01,7.78000020980835,2021-03-01,131.64999389648438,487976.80073547363,6777455.745311731,ICIL,50,100
,2015-07-01,73.19957733154297,2016-06-01,47.5,-10326.600952148438,-14098.054165395943,IDFC,22,100
,2016-09-01,67.19999694824219,2016-12-01,53.75,-6043.301361083984,-8933.187324130618,IDFC,30,100
,2016-09-01,67.19999694824219,2016-10-01,69.9000015258789,981.1986389160156,1450.404459400739,IDFC,50,100
,2021-08-01,538.8499755859375,2021-09-01,565.0499877929688,1908.5006713867188,358.3702403780088,IFBAGRO,30,100
,2014-03-01,152.25645446777344,2020-04-01,238.89999389648438,17261.613983154297,11410.55606705905,IGARASHI,22,100
,2014-05-01,148.0740509033203,2020-10-01,271.20001220703125,25246.34442138672,17090.89330342137,IGARASHI,30,100
,2014-07-01,157.64013671875,2021-12-01,483.0,62639.01306152344,40315.77609661855,IGARASHI,50,100
,2015-02-01,98.14830017089844,2020-09-01,79.55000305175781,-4822.50301361084,-5041.217033048978,IIFL,22,100
,2015-06-01,93.82339477539062,2021-03-01,281.8500061035156,63491.19022369385,67244.74628027085,IIFL,30,100
,2016-09-01,144.0,2019-12-01,71.4000015258789,-15423.19873046875,-10607.427357561717,INDIACEM,22,100
,2016-09-01,144.0,2020-07-01,111.4000015258789,-7071.9984130859375,-4863.823046733244,INDIACEM,30,100
,2017-08-01,178.0,2020-04-01,103.80000305175781,-12465.599487304688,-7003.145779384656,INDIACEM,30,150
,2017-05-01,316.3500061035156,2020-05-01,43.75,-25864.101219177246,-8102.788292627615,INDIANB,22,100
,2017-04-01,319.1000061035156,2020-10-01,57.900001525878906,-24538.700645446777,-7689.971850858084,INDIANB,30,100
,2018-01-01,362.6000061035156,2022-01-01,156.6999969482422,-16732.10025024414,-4622.12714095142,INDIANB,50,100
,2021-11-01,388.20001220703125,2022-01-01,385.3500061035156,381.15093994140625,96.98497199526876,INDOCO,50,100
,2016-09-01,29.799999237060547,2020-05-01,12.399999618530273,-18359.5,-59705.69105691057,INDORAMA,22,100
,2017-05-01,31.149999618530273,2020-07-01,14.649999618530273,-16178.399265289307,-51937.07692909641,INDORAMA,30,100
,2016-06-01,268.1499938964844,2019-07-01,83.30000305175781,-20740.351524353027,-7690.155945722391,INDOTECH,22,100
,2016-09-01,181.85000610351562,2019-11-01,99.69999694824219,-14399.200500488281,-7783.3516218855575,INDOTECH,30,100
,2017-10-01,210.85000610351562,2020-11-01,96.05000305175781,-15492.198699951172,-7276.749245696899,INDOTECH,50,100
,2019-03-01,5.141249179840088,2019-12-01,2.7575790882110596,-17999.514491558075,-303236.24298668565,INDOWIND,22,100
,2019-05-01,4.440168857574463,2020-07-01,2.6641008853912354,-13893.712105751038,-288605.8301154286,INDOWIND,30,100
,2014-06-01,45.5,2019-06-01,37.900001525878906,-5667.401508331299,-12280.392894793877,INDRAMEDCO,22,100
,2014-06-01,45.5,2019-10-01,38.400001525878906,-5239.0505027771,-11352.221732515585,INDRAMEDCO,30,100
,2018-12-01,48.650001525878906,2020-03-01,20.350000381469727,-17186.39976501465,-35804.99951044719,INDSWFTLAB,22,100
,2019-01-01,43.650001525878906,2019-11-01,25.850000381469727,-13877.400524139404,-30907.349782919096,INDSWFTLAB,22,150
,2019-05-01,36.099998474121094,2021-02-01,76.19999694824219,35317.49682998657,98240.60105833177,INDSWFTLAB,30,100
,2013-10-01,25.649999618530273,2015-01-01,28.350000381469727,2396.4491081237793,9217.111954322227,INDSWFTLAB,50,100
,2015-04-01,70.75,2020-02-01,29.850000381469727,-17278.0,-24421.201413427563,INSPIRISYS,22,100
,2015-08-01,69.19999694824219,2019-10-01,45.70000076293945,-9937.350330352783,-14613.750485812918,INSPIRISYS,30,100
,2016-07-01,54.400001525878906,2020-06-01,23.200000762939453,-17439.148738861084,-31939.8337476635,INSPIRISYS,50,100
,2014-09-01,60.400001525878906,2020-11-01,56.400001525878906,-2248.5349731445312,-3674.07670770188,IOC,22,100
,2014-11-01,60.82500076293945,2021-02-01,65.36666870117188,2612.9015045166016,4212.092733917914,IOC,30,100
,2015-01-01,49.314998626708984,2020-06-01,49.5,304.0,608.0,ITDCEM,22,100
,2015-02-01,65.49500274658203,2020-10-01,49.0,-7396.700698852539,-11335.939768356382,ITDCEM,30,100
,2015-06-01,65.44499969482422,2022-01-01,74.9000015258789,4078.4894409179688,6133.527742620645,ITDCEM,50,100
,2016-05-01,49.29999923706055,2020-06-01,22.450000762939453,-16507.200927734375,-32558.581221562355,IZMO,22,100
,2016-08-01,55.70000076293945,2021-01-01,46.650001525878906,-4519.200820922852,-7963.349464181236,IZMO,30,100
,2017-05-01,57.0,2022-12-01,74.0999984741211,10178.101203918457,18110.50011698631,IZMO,50,100
,2018-04-01,158.9499969482422,2021-03-01,84.6500015258789,-13827.399139404297,-8699.213214773963,JAICORPLTD,22,100
,2022-04-01,284.25,2024-02-01,228.3000030517578,-5874.74967956543,-2066.754504684408,JAYAGROGN,22,100
,2023-02-01,160.35000610351562,2024-04-01,251.1999969482422,16661.701141357422,10291.353779797286,JAYAGROGN,30,100
,2014-08-01,21.799999237060547,2020-08-01,41.540000915527344,26887.041259765625,122213.82390802557,JAYBARMARU,22,100
,2014-07-01,18.219999313354492,2021-02-01,46.970001220703125,48161.9603767395,264045.83871212974,JAYBARMARU,30,100
,2017-12-01,114.6500015258789,2019-04-01,62.20000076293945,-13780.799800872803,-11983.304174672003,JAYSREETEA,30,150
,2014-05-01,236.85000610351562,2023-01-01,1070.1500244140625,105096.59692382812,44532.456323655984,JCHAC,22,100
,2014-06-01,300.5,2023-04-01,1121.300048828125,81209.70483398438,26979.968383383515,JCHAC,30,100
,2016-04-01,617.4500122070312,2019-06-01,67.8499984741211,-25958.400146484375,-4241.568651386336,JETAIRWAYS,22,100
,2017-09-01,481.8500061035156,2017-10-01,583.6500244140625,6581.299621582031,1365.8398958633973,JETAIRWAYS,22,150
,2017-11-01,679.7000122070312,2019-04-01,153.35000610351562,-23282.599731445312,-3411.369924021291,JETAIRWAYS,22,150
,2016-08-01,539.0499877929688,2019-09-01,28.100000381469727,-28517.50062942505,-5230.64930134227,JETAIRWAYS,30,100
,2017-12-01,831.9500122070312,2019-03-01,268.79998779296875,-20293.200439453125,-2439.086591280424,JETAIRWAYS,30,150
,2016-08-01,539.0499877929688,2017-03-01,525.9000244140625,-423.50067138671875,-77.67803776678952,JETAIRWAYS,50,100
,2018-02-01,746.0999755859375,2020-04-01,19.850000381469727,-29205.99998474121,-3894.1333312988286,JETAIRWAYS,50,100
,2018-09-01,180.10000610351562,2019-07-01,33.5,-23397.700443267822,-13540.335665537947,JETAIRWAYS,50,150
,2015-08-01,72.9794692993164,2018-03-01,53.20000076293945,-8100.591693878174,-11343.862009820314,JINDALPHOT,22,100
,2016-03-01,81.48783111572266,2018-05-01,41.95000076293945,-14382.183288574219,-17748.76547272397,JINDALPHOT,30,100
,2013-09-01,50.79694747924805,2014-11-01,91.28763580322266,22993.090705871582,46303.41875515992,JINDALPHOT,50,100
,2017-11-01,78.6500015258789,2018-10-01,32.0,-17373.600872039795,-22231.094731695724,JINDALPHOT,50,100
,2017-11-01,78.6500015258789,2018-12-01,31.850000381469727,-17640.300436019897,-22572.36096173129,JINDALPHOT,50,150
,2014-12-01,254.97457885742188,2019-09-01,210.72898864746094,-4864.155029296875,-1926.4709092418818,JINDALPOLY,22,100
,2015-06-01,237.39820861816406,2020-03-01,201.3000030517578,-3540.0355224609375,-1519.6838425611204,JINDALPOLY,30,100
,2018-10-01,85.1500015258789,2020-01-01,90.05000305175781,1584.0,1856.9753145716422,JINDALSAW,22,100
,2019-04-01,81.0999984741211,2020-09-01,62.900001525878906,-6568.199718475342,-8098.890064185693,JINDALSAW,30,100
,2018-05-01,103.55000305175781,2019-06-01,25.799999237060547,-22542.00110244751,-21716.763429387753,JISLJALEQS,22,100
,2018-02-01,116.94999694824219,2018-11-01,66.55000305175781,-12928.0,-11021.312586237196,JISLJALEQS,22,150
,2018-12-01,69.80000305175781,2019-09-01,19.399999618530273,-21664.5,-30949.285714285714,JISLJALEQS,30,100
,2014-03-01,35.470001220703125,2020-04-01,51.45000076293945,13198.899097442627,36837.56188369167,JKTYRE,22,100
,2014-06-01,64.76000213623047,2020-09-01,59.150001525878906,-2231.6598587036133,-3442.8569410835835,JKTYRE,30,100
,2015-04-01,46.900001525878906,2022-08-01,64.0,10607.399024963379,22617.05475448723,JMFINANCIL,22,100
,2015-09-01,43.5,2022-07-01,63.599998474121094,13607.75,30786.76417446975,JMFINANCIL,30,100
,2016-06-01,51.349998474121094,2022-10-01,68.44999694824219,10541.19955444336,20291.047929999902,JMFINANCIL,50,100
,2018-02-01,101.0999984741211,2019-11-01,38.650001525878906,-18647.99887084961,-18291.318714130808,JSL,22,100
,2018-09-01,53.75,2019-01-01,27.399999618530273,-14842.800212860107,-27486.66706085205,JSL,22,150
,2018-08-01,67.30000305175781,2020-06-01,40.599998474121094,-12148.499660491943,-17904.937264111428,JSL,30,100
,2015-12-01,308.69293212890625,2023-04-01,311.75,249.21966552734375,80.60646906388699,JUBLPHARMA,22,100
,2016-04-01,299.6876525878906,2023-10-01,374.54998779296875,8232.806396484375,2798.6375952261055,JUBLPHARMA,30,100
,2014-10-01,73.44999694824219,2020-03-01,42.349998474121094,-12382.799377441406,-16744.82743536577,KABRAEXTRU,22,100
,2014-11-01,82.30000305175781,2020-08-01,68.8499984741211,-5824.0,-6933.333333333333,KABRAEXTRU,30,100
,2018-12-01,49.150001525878906,2019-08-01,32.599998474121094,-10095.501861572266,-20540.186262774965,KAMATHOTEL,22,100
,2021-07-01,48.79999923706055,2021-11-01,50.95000076293945,1903.4014053344727,3860.854837303159,KAMATHOTEL,50,100
,2014-05-01,46.599998474121094,2020-05-01,28.899999618530273,-11831.200981140137,-24934.03749401165,KANORICHEM,22,100
,2014-05-01,46.599998474121094,2020-09-01,41.5,-3504.3504905700684,-7385.353918280905,KANORICHEM,30,100
,2015-02-01,21.0,2019-07-01,12.5,-11923.799182891846,-57325.95971276062,KCPSUGIND,22,100
,2015-01-01,22.25,2015-07-01,15.550000190734863,-8155.398971557617,-36818.95761630155,KCPSUGIND,30,100
,2015-11-01,27.950000762939453,2019-11-01,13.149999618530273,-16577.850818634033,-58475.663476427086,KCPSUGIND,30,100
,2016-02-01,19.5,2020-12-01,16.350000381469727,-5306.098239898682,-26663.81076187461,KCPSUGIND,50,100
,2017-11-01,104.15847778320312,2019-02-01,49.935733795166016,-15787.631469726562,-15065.454683649805,KESORAMIND,22,100
,2018-03-01,85.93868255615234,2019-09-01,43.187660217285156,-16485.539756774902,-18215.35043846642,KESORAMIND,30,100
,2018-07-01,66.28988647460938,2020-09-01,32.2513313293457,-14853.975524902344,-22692.96582733142,KESORAMIND,50,100
,2015-07-01,217.6999969482422,2016-09-01,163.5500030517578,-7514.450836181641,-3423.440016483663,KIRLOSBROS,22,100
,2017-09-01,237.0500030517578,2020-02-01,141.5,-11623.5,-4903.395844910456,KIRLOSBROS,22,100
,2015-11-01,168.85000610351562,2020-07-01,131.0500030517578,-7248.149459838867,-4239.923714086616,KIRLOSBROS,30,100
,2016-07-01,155.14999389648438,2022-07-01,339.25,36062.051177978516,23243.34682348683,KIRLOSBROS,50,100
,2014-06-01,251.75,2019-10-01,169.8000030517578,-9877.0,-3858.203125,KIRLOSENG,22,100
,2014-08-01,251.75,2020-03-01,86.9000015258789,-19159.0,-7663.599999999999,KIRLOSENG,30,100
,2013-05-01,173.1999969482422,2014-12-01,269.8500061035156,16002.5,9250.0,KIRLOSENG,50,100
,2015-03-01,268.8500061035156,2021-02-01,160.85000610351562,-11111.100677490234,-4240.8781211794785,KIRLOSENG,50,100
,2014-09-01,67.19999694824219,2019-12-01,31.100000381469727,-16189.801361083984,-23967.136387364953,KOPRAN,22,100
,2014-10-01,60.70000076293945,2020-05-01,27.5,-16400.80037689209,-26997.202266489036,KOPRAN,30,100
,2016-05-01,13.050000190734863,2020-03-01,8.550000190734863,-9996.298685073853,-75729.53658724607,KOTARISUG,22,100
,2015-02-01,14.300000190734863,2020-10-01,15.050000190734863,-3040.651599884033,-18484.203397329806,KOTHARIPET,22,100
,2014-09-01,160.86666870117188,2019-06-01,73.75,-15583.698486328125,-9719.562773819534,KOTHARIPRO,22,100
,2014-11-01,145.43333435058594,2019-10-01,61.349998474121094,-17317.733123779297,-12020.638532665125,KOTHARIPRO,30,100
,2015-04-01,138.03334045410156,2020-08-01,65.0999984741211,-16358.184547424316,-11850.893772192445,KOTHARIPRO,50,100
,2022-01-01,551.9500122070312,2023-04-01,531.5999755859375,-1131.3006591796875,-204.74177616009052,KSCL,22,100
,2015-09-01,93.68208312988281,2019-12-01,65.5,-9175.0,-9747.529005041444,KTKBANK,22,100
,2016-03-01,76.01949310302734,2020-04-01,44.29999923706055,-12395.355369567871,-16361.28245236959,KTKBANK,30,100
,2016-05-01,95.12619018554688,2021-02-01,67.80000305175781,-8765.770454406738,-9133.118715027844,KTKBANK,50,100
,2016-02-01,5.206546783447266,2019-02-01,2.75,-16132.965781211853,-290664.3794981814,LGBFORGE,22,100
,2016-04-01,5.2556657791137695,2019-09-01,2.549999952316284,-14592.768495559692,-280277.29515373317,LGBFORGE,30,100
,2016-08-01,5.648612976074219,2020-11-01,2.8499999046325684,-14332.333262681961,-253731.90415752152,LGBFORGE,50,100
,2020-09-01,2.4000000953674316,2021-04-01,3.75,14998.800595998764,599952.0238399506,LGBFORGE,50,150
,2014-05-01,166.5,2019-10-01,120.1500015258789,-8378.99917602539,-5026.394318787506,LIBERTSHOE,22,100
,2014-06-01,220.14999389648438,2020-03-01,101.44999694824219,-15191.199584960938,-6936.620815050656,LIBERTSHOE,30,100
,2014-07-01,281.8999938964844,2020-07-01,133.64999389648438,-14734.0,-5346.153727756412,LIBERTSHOE,50,100
,2022-04-01,378.70001220703125,2023-04-01,344.20001220703125,-2512.1990356445312,-668.1380413948222,LICHSGFIN,22,150
,2023-03-01,328.75,2023-08-01,423.3500061035156,8485.75,2557.8749058025624,LICHSGFIN,30,150
,2015-09-01,74.05000305175781,2019-09-01,34.04999923706055,-16159.499073028564,-21661.527350612923,LOKESHMACH,22,100
,2015-12-01,87.69999694824219,2020-02-01,22.799999237060547,-22554.900913238525,-25471.372259643063,LOKESHMACH,30,100
,2016-05-01,78.75,2021-01-01,40.45000076293945,-16245.0,-19957.00208289965,LOKESHMACH,50,100
,2021-06-01,1149.0999755859375,2022-06-01,610.9500122070312,-13907.400634765625,-1211.4460483245318,LUPIN,22,150
,2015-06-01,63.54999923706055,2019-08-01,15.899999618530273,-22561.600540161133,-35418.5247565765,LYKALABS,22,100
,2015-08-01,78.25,2019-12-01,19.600000381469727,-22233.14970779419,-28687.935106831213,LYKALABS,30,100
,2016-01-01,95.0,2020-10-01,17.350000381469727,-24916.500720977783,-25740.185883728976,LYKALABS,50,100
,2014-12-01,20.0,2016-05-01,13.25,-10050.00114440918,-50375.94365950492,MADRASFERT,22,100
,2015-12-01,15.199999809265137,2016-12-01,14.100000381469727,-986.5,-6364.5161290322585,MADRASFERT,30,100
,2017-09-01,11.06126880645752,2020-04-01,2.765316963195801,-22498.62139892578,-203400.00584554265,MAGNUM,22,100
,2017-11-01,12.15786075592041,2020-11-01,4.481720924377441,-17172.71751022339,-147615.58902121475,MAGNUM,30,100
,2014-10-01,158.07302856445312,2020-03-01,64.13333129882812,-18262.476837158203,-11445.50915817892,MAHLIFE,22,100
,2015-01-01,159.37429809570312,2020-06-01,70.66666412353516,-16490.802276611328,-10355.26804049429,MAHLIFE,30,100
,2015-09-01,145.66452026367188,2020-06-01,70.66666412353516,-15689.126777648926,-10596.060510751078,MAHLIFE,50,100
,2017-11-01,242.8000030517578,2021-03-01,137.64999389648438,-13446.976501464844,-5514.445833459004,MAHSEAMLES,22,100
,2018-01-01,252.0,2021-03-01,137.64999389648438,-14104.476089477539,-5573.790128187696,MAHSEAMLES,22,150
,2018-06-01,216.8000030517578,2021-09-01,158.22500610351562,-8214.451263427734,-3766.369112126001,MAHSEAMLES,30,150
,2015-04-01,15.25,2020-06-01,18.649999618530273,7572.950750350952,49658.693444924276,MANALIPETC,22,100
,2014-09-01,14.0,2014-11-01,16.549999237060547,5997.598365783691,42536.15747178104,MANALIPETC,50,100
,2014-07-01,216.60000610351562,2020-09-01,177.4499969482422,-5230.199157714844,-2432.65077103016,MANGLMCEM,22,100
,2014-07-01,216.60000610351562,2020-10-01,195.10000610351562,-2622.0,-1219.53488372093,MANGLMCEM,30,100
,2014-12-01,311.70001220703125,2022-05-01,325.8999938964844,1152.0,366.8789808917198,MANGLMCEM,50,100
,2018-08-01,105.3499984741211,2019-09-01,42.79999923706055,-17309.79913330078,-16430.75404272823,MANINDS,22,100
,2019-02-01,58.04999923706055,2019-08-01,40.20000076293945,-9778.200393676758,-16531.192124143337,MANINDS,22,150
,2019-11-01,42.25,2020-01-01,56.400001525878906,9869.001083374023,23497.621627081007,MANINDS,30,100
,2015-06-01,88.0999984741211,2016-11-01,48.70000076293945,-14875.0,-16037.735849056602,MANINDS,50,100
,2021-04-01,90.8499984741211,2022-06-01,74.3499984741211,-5445.0,-5993.395807872275,MANINDS,50,100
,2014-06-01,29.049999237060547,2020-01-01,15.449999809265137,-14602.799606323242,-49250.58952512422,MARALOVER,22,100
,2014-08-01,22.0,2020-06-01,13.850000381469727,-12812.200779914856,-56441.41123040115,MARALOVER,30,100
,2014-04-01,23.549999237060547,2019-06-01,20.549999237060547,-3628.0480575561523,-15405.724735000018,MARKSANS,22,100
,2014-07-01,33.20000076293945,2019-09-01,13.850000381469727,-16299.149311065674,-50855.38127632275,MARKSANS,30,100
,2014-10-01,63.150001525878906,2020-05-01,22.700000762939453,-19237.5,-30176.470588235294,MARKSANS,50,100
,2015-03-01,426.6000061035156,2017-01-01,187.25,-16681.000213623047,-3906.557427077997,MASTEK,22,100
,2017-07-01,13.725530624389648,2019-01-01,6.208162784576416,-16886.83685541153,-121536.46871682689,MEGASOFT,22,100
,2018-02-01,11.402749061584473,2019-10-01,6.250394821166992,-13994.975185394287,-120941.62134417424,MEGASOFT,30,100
,2019-04-01,5.067887783050537,2021-06-01,10.980424880981445,34996.307082653046,690550.157793501,MEGASOFT,50,100
,2017-01-01,57.20000076293945,2017-06-01,39.20000076293945,-9536.800399780273,-16614.634401151692,MICEL,22,100
,2017-11-01,46.400001525878906,2018-02-01,28.200000762939453,-12532.399753570557,-26664.680326745867,MICEL,30,100
,2018-09-01,7.599999904632568,2020-03-01,1.7999999523162842,-22892.599811792374,-301218.42235600855,MICEL,50,100
,2016-09-01,12.850000381469727,2020-06-01,8.449999809265137,-12020.099109649658,-90717.72912943138,MIRCELECTR,22,100
,2022-08-01,18.549999237060547,2023-05-01,12.899999618530273,-8650.950616836548,-47402.46913335095,MIRCELECTR,22,100
,2017-10-01,32.599998474121094,2020-06-01,8.449999809265137,-22769.998245239258,-69315.06637109052,MIRCELECTR,22,150
,2017-03-01,13.949999809265137,2020-12-01,12.25,-3117.501640319824,-22109.940113312736,MIRCELECTR,30,100
,2017-10-01,32.599998474121094,2020-12-01,12.25,-18583.998947143555,-56572.297748457575,MIRCELECTR,30,150
,2018-01-01,53.0,2022-06-01,12.5,-23064.5,-43111.21495327103,MIRCELECTR,50,100
,2018-02-01,47.849998474121094,2022-09-01,17.0,-18873.89976119995,-39734.525813052525,MIRCELECTR,50,150
,2014-01-01,27.649999618530273,2020-03-01,36.849998474121094,12520.199172973633,43624.386202599235,MIRZAINT,22,100
,2014-03-01,28.049999237060547,2020-08-01,52.900001525878906,26885.35163116455,96019.11296844482,MIRZAINT,30,100
,2014-06-01,34.79999923706055,2021-10-01,59.70000076293945,21550.0,61134.75177304964,MIRZAINT,50,100
,2014-04-01,362.79998779296875,2020-04-01,277.29998779296875,-7011.0,-1932.4697452858836,MPSLTD,22,100
,2014-07-01,353.3999938964844,2020-06-01,277.20001220703125,-5586.0,-1580.19801980198,MPSLTD,30,100
,2014-12-01,755.5,2021-01-01,374.3500061035156,-14656.199523925781,-1948.962702649705,MPSLTD,50,100
,2016-04-01,67.5999984741211,2019-12-01,44.95000076293945,-9967.5,-14766.666666666666,MRPL,22,100
,2016-07-01,80.94999694824219,2020-05-01,28.700000762939453,-19221.500282287598,-23730.247262083456,MRPL,30,100
,2017-07-01,124.25,2021-08-01,42.95000076293945,-19521.00091934204,-15704.746934892355,MRPL,50,100
,2016-08-01,55.75,2020-03-01,13.300000190734863,-22111.800205230713,-40203.27310041948,MUKANDLTD,22,100
,2017-08-01,88.94999694824219,2020-01-01,29.850000381469727,-20843.450771331787,-22993.32644289186,MUKANDLTD,22,150
,2016-09-01,59.099998474121094,2020-08-01,27.75,-16629.599613189697,-27808.69536012242,MUKANDLTD,30,100
,2017-11-01,89.4000015258789,2020-06-01,22.5,-22813.50012779236,-25489.94427686297,MUKANDLTD,30,150
,2022-02-01,106.6500015258789,2022-06-01,100.05000305175781,-1910.8008575439453,-1791.655724524565,MUNJALSHOW,22,150
,2016-05-01,21.299999237060547,2019-12-01,15.899999618530273,-8448.001342773438,-38487.47630586468,MURUDCERA,22,100
,2018-01-01,47.599998474121094,2019-09-01,16.100000381469727,-18962.99903869629,-39838.234551637615,MURUDCERA,22,150
,2016-07-01,26.649999618530273,2020-06-01,16.75,-11193.750858306885,-41458.336512247726,MURUDCERA,30,100
,2018-05-01,39.0,2020-05-01,11.899999618530273,-20186.25073337555,-52160.853579896175,MURUDCERA,30,150
,2016-12-01,28.5,2021-11-01,24.350000381469727,-6101.601203918457,-20271.100088340023,MURUDCERA,50,100
,2019-04-01,19.200000762939453,2022-02-01,25.049999237060547,9137.697616577148,47592.173195196265,MURUDCERA,50,150
,2015-08-01,50.70000076293945,2019-08-01,24.200000762939453,-16311.599098205566,-31489.5740124555,NAHARINDUS,22,100
,2015-12-01,59.5,2020-01-01,26.700000762939453,-16959.598846435547,-27986.137414967186,NAHARINDUS,30,100
,2016-07-01,114.25,2021-02-01,46.45000076293945,-17370.599800109863,-15372.212212486605,NAHARINDUS,50,100
,2014-04-01,101.69999694824219,2019-06-01,70.5,-8452.5,-8311.209688926245,NAHARSPING,22,100
,2014-07-01,140.9499969482422,2019-10-01,51.75,-18147.199676513672,-13079.062829919763,NAHARSPING,30,100
,2014-01-01,105.5999984741211,2020-06-01,35.099998474121094,-20320.20086669922,-19008.6067134246,NAHARSPING,50,100
,2017-12-01,86.0,2020-04-01,31.799999237060547,-18739.80079650879,-21879.51017239225,NATIONALUM,22,100
,2018-01-01,75.30000305175781,2019-08-01,41.650001525878906,-13591.700607299805,-17931.002717795553,NATIONALUM,22,150
,2018-04-01,80.55000305175781,2020-09-01,32.25,-17856.001419067383,-22167.598687232723,NATIONALUM,30,100
,2018-09-01,60.599998474121094,2019-10-01,45.400001525878906,-7598.249244689941,-12507.40616409867,NATIONALUM,30,150
,2017-10-01,141.10000610351562,2020-02-01,64.8499984741211,-15741.00161743164,-11038.570086739684,NAVA,22,100
,2018-02-01,156.3000030517578,2020-06-01,51.099998474121094,-19959.498542785645,-12802.757744838977,NAVA,30,100
,2018-07-01,132.9499969482422,2021-08-01,108.8499984741211,-5433.750343322754,-4085.5265739268825,NAVA,50,100
,2017-12-01,146.5500030517578,2020-03-01,34.20000076293945,-23133.60108947754,-15673.170821722973,NAVA,50,150
,2015-12-01,75.80000305175781,2020-07-01,29.0,-18643.998794555664,-24467.190998996164,NCC,22,100
,2022-11-01,82.75,2022-12-01,83.9000015258789,162.9016571044922,194.8584450691341,NCC,22,200
,2016-05-01,73.5999984741211,2020-11-01,43.599998474121094,-11925.098136901855,-16180.595156980235,NCC,30,100
,2017-05-01,87.9000015258789,2022-03-01,58.54999923706055,-9104.698959350586,-10381.641135887265,NCC,50,100
,2015-09-01,108.55000305175781,2023-07-01,192.6999969482422,23460.0,21366.11962473386,NCLIND,50,100
,2014-06-01,13.483332633972168,2019-10-01,11.300000190734863,-5708.264404296875,-42075.66215463865,NDL,22,100
,2022-10-01,27.549999237060547,2023-12-01,26.700000762939453,-598.4012451171875,-2140.9704070943812,NDL,22,100
,2014-08-01,15.683333396911621,2020-03-01,4.983333110809326,-20554.0,-131475.48081351633,NDL,30,100
,2014-12-01,23.216665267944336,2021-01-01,9.600000381469727,-18152.599014282227,-76755.17677412258,NDL,50,100
,2016-08-01,85.19999694824219,2017-03-01,68.75,-6230.39892578125,-7223.650928442029,NDTV,22,100
,2016-09-01,84.5999984741211,2017-08-01,35.75,-17169.0,-20294.326607171217,NDTV,30,100
,2017-01-01,74.25,2019-03-01,35.95000076293945,-15008.600616455078,-20145.77263953702,NDTV,50,100
,2015-01-01,34.650001525878906,2019-01-01,18.149999618530273,-14575.250329971313,-41643.57237134661,NECLIFE,22,100
,2022-08-01,22.899999618530273,2023-04-01,18.299999237060547,-6026.000499725342,-26314.413100903323,NECLIFE,22,150
,2022-03-01,24.049999237060547,2023-04-01,18.299999237060547,-7731.400951385498,-31556.738577083666,NECLIFE,22,200
,2015-06-01,34.04999923706055,2019-05-01,19.049999237060547,-13215.0,-38867.64705882353,NECLIFE,30,100
,2016-01-01,44.79999923706055,2020-03-01,9.800000190734863,-23682.60038280487,-52395.132705888784,NECLIFE,50,100
,2018-05-01,52.20000076293945,2019-05-01,39.04999923706055,-7576.798248291016,-14336.420940487113,NFL,22,100
,2018-12-01,36.349998474121094,2019-12-01,26.0,-8456.25,-23199.587991772813,NFL,30,100
,2020-02-01,22.600000381469727,2022-04-01,58.900001525878906,47307.54949378967,207035.22408758412,NFL,50,100
,2014-12-01,386.2250061035156,2020-01-01,260.6000061035156,-10100.47640991211,-2596.85720347421,NIPPOBATRY,22,100
,2022-01-01,479.1000061035156,2023-08-01,422.29998779296875,-4433.0,-910.9216183290339,NIPPOBATRY,22,100
,2015-03-01,343.125,2020-05-01,225.375,-10111.57553100586,-2971.8076505527874,NIPPOBATRY,30,100
,2015-04-01,347.95001220703125,2021-05-01,411.95001220703125,6574.698425292969,1889.5525778516153,NIPPOBATRY,50,100
,2016-10-01,72.55000305175781,2020-02-01,20.149999618530273,-22157.449054718018,-29962.745056265623,NITCO,22,100
,2017-01-01,62.849998474121094,2020-08-01,19.299999237060547,-20844.89945411682,-33325.17938987652,NITCO,30,100
,2017-12-01,109.75,2022-01-01,30.850000381469727,-21198.449375152588,-19430.29300791506,NITCO,50,100
,2020-03-01,12.300000190734863,2021-12-01,30.850000381469727,45243.45279121399,350724.45061334566,NITCO,50,150
,2018-03-01,83.75,2019-08-01,54.25,-10829.5,-12815.976331360946,NLCINDIA,22,100
,2018-05-01,85.94999694824219,2018-09-01,66.8499984741211,-6927.649467468262,-7962.815479848577,NLCINDIA,22,150
,2018-10-01,81.0999984741211,2018-11-01,80.55000305175781,-184.5,-227.49692166624848,NLCINDIA,22,150
,2018-08-01,77.30000305175781,2019-12-01,57.150001525878906,-7876.401184082031,-10123.908579852005,NLCINDIA,30,100
,2019-02-01,60.75,2020-12-01,55.04999923706055,-3179.8503761291504,-5153.7282606309955,NLCINDIA,50,100
,2015-10-01,24.850000381469727,2016-07-01,23.549999237060547,-1991.54953956604,-8014.283738406332,NOIDATOLL,22,100
,2016-07-01,23.549999237060547,2016-12-01,13.199999809265137,-12730.001214027405,-54870.693083608785,NOIDATOLL,30,100
,2014-06-01,96.75,2020-12-01,100.75,1209.000473022461,1246.392240229341,NRBBEARING,22,100
,2014-06-01,96.75,2021-06-01,140.14999389648438,13701.999053955078,14125.772220572244,NRBBEARING,30,100
,2017-08-01,1170.4000244140625,2021-01-01,927.3499755859375,-6028.7506103515625,-520.1009777314225,NSIL,22,100
,2018-01-01,141.875,2020-02-01,106.55000305175781,-6686.943061828613,-4741.111601075243,NTPC,22,100
,2018-01-01,141.875,2018-12-01,124.20833587646484,-3569.417739868164,-2530.7539931325446,NTPC,22,150
,2018-06-01,133.0416717529297,2020-06-01,95.80000305175781,-8505.000686645508,-6418.868442751326,NTPC,30,100
,2019-06-01,141.35000610351562,2021-08-01,115.94999694824219,-5554.399353027344,-3906.047448825915,NTPC,50,100
,2022-02-01,3389.550048828125,2023-07-01,3886.0,4131.19921875,121.88046080565434,OFSS,22,100
,2015-10-01,59.79999923706055,2020-05-01,23.049999237060547,-18912.75,-30777.460968570558,OMAXAUTO,22,100
,2015-12-01,84.19999694824219,2020-11-01,42.849998474121094,-14987.600814819336,-17674.05692859661,OMAXAUTO,30,100
,2016-02-01,55.79999923706055,2022-04-01,53.70000076293945,-993.4491806030273,-1806.2712374600499,OMAXAUTO,50,100
,2018-01-01,191.39999389648438,2022-07-01,52.349998474121094,-21956.998809814453,-11412.161905591236,OMAXAUTO,50,150
,2018-04-01,180.5500030517578,2018-09-01,177.1999969482422,-207.5,-114.92661118400342,ONGC,22,150
,2013-10-01,45.54999923706055,2020-03-01,43.25,-1974.0,-4200.0,ONWARDTEC,22,100
,2013-11-01,55.29999923706055,2020-08-01,60.400001525878906,4363.099586486816,8079.814049049661,ONWARDTEC,30,100
,2017-03-01,35.5,2021-02-01,23.600000381469727,-10308.999032974243,-28796.08729796356,ORIENTHOT,22,100
,2017-04-01,40.95000076293945,2021-10-01,36.849998474121094,-2598.5994415283203,-6345.78606377,ORIENTHOT,30,100
,2015-12-01,37.150001525878906,2017-05-01,25.850000381469727,-9280.5,-24748.0,OSWALGREEN,22,100
,2016-05-01,26.450000762939453,2017-02-01,25.799999237060547,-567.0,-2127.5797677901414,OSWALGREEN,30,100
,2017-11-01,236.50787353515625,2023-07-01,131.5,-13406.70492553711,-5614.1412912523865,PANACEABIO,22,100
,2018-06-01,192.8265838623047,2020-03-01,92.84400177001953,-15523.645210266113,-8011.732649139293,PANACEABIO,22,150
,2020-09-01,181.5,2023-11-01,156.60000610351562,-3077.248992919922,-1755.919539469285,PANACEABIO,22,150
,2017-12-01,206.50885009765625,2024-02-01,152.60000610351562,-7905.936050415039,-3814.2495495951125,PANACEABIO,30,100
,2021-07-01,1347.11083984375,2023-07-01,1011.75,-7497.920654296875,-549.7756653042877,PEL,22,100
,2016-07-01,87.22000122070312,2021-03-01,91.0,1426.8812561035156,1630.3488469301233,PFC,50,100
,2015-12-01,55.849998474121094,2020-03-01,25.600000381469727,-15519.299795150757,-27322.711273955105,PFOCUS,22,100
,2016-03-01,51.5,2020-08-01,37.25,-7886.099555969238,-15508.554164426736,PFOCUS,30,100
,2016-03-01,51.5,2022-02-01,75.75,14491.800888061523,28499.11764586735,PFOCUS,50,100
,2015-08-01,4.525000095367432,2020-05-01,4.599999904632568,1160.0762643814087,25082.730040679107,PILITA,22,100
,2021-02-01,14.100000381469727,2023-02-01,7.0,-16165.200811386108,-110720.550609731,PILITA,22,100
,2015-05-01,5.675000190734863,2020-12-01,9.850000381469727,23787.0,417315.8034380128,PILITA,30,100
,2021-02-01,14.100000381469727,2023-09-01,8.699999809265137,-12549.301217079163,-85954.11567938516,PILITA,30,100
,2013-05-01,3.200000047683716,2022-07-01,7.800000190734863,44995.20178794861,1499840.059598287,PILITA,50,100
,2015-05-01,153.64999389648438,2016-03-01,84.69999694824219,-13513.500595092773,-8786.411135860068,PNB,22,100
,2014-11-01,214.4600067138672,2015-05-01,153.64999389648438,-8645.799575805664,-4002.6849887989188,PNB,30,100
,2018-05-01,10.300000190734863,2020-01-01,6.25,-13104.0,-121897.67441860466,PRAENG,22,100
,2018-09-01,8.600000381469727,2020-06-01,6.75,-6104.0,-73542.16698469216,PRAENG,30,100
,2017-12-01,169.4019317626953,2020-06-01,35.099998474121094,-23893.95073699951,-14047.49188255257,PRAKASH,22,100
,2017-12-01,169.4019317626953,2020-02-01,36.75,-23380.650466918945,-13745.717535704882,PRAKASH,22,150
,2018-02-01,181.16835021972656,2020-12-01,55.0,-20980.18581390381,-11492.677120171986,PRAKASH,30,100
,2018-03-01,146.30166625976562,2020-09-01,39.54999923706055,-22270.14181137085,-15013.426367969128,PRAKASH,30,150
,2018-05-01,155.81863403320312,2022-06-01,50.599998474121094,-20367.01171875,-13049.236562861113,PRAKASH,50,100
,2020-04-01,32.349998474121094,2022-06-01,50.599998474121094,16361.551414489746,50576.66827273094,PRAKASH,50,150
,2014-07-01,39.82636260986328,2020-02-01,32.09222412109375,-6158.507577896118,-15394.667193230836,PRICOLLTD,22,100
,2014-09-01,53.38332748413086,2020-08-01,38.18174743652344,-9625.26830291748,-17940.846081692645,PRICOLLTD,30,100
,2014-11-01,74.8499984741211,2020-05-01,33.099998474121094,-16660.000610351562,-22051.62135988019,PRSMJOHNSN,22,100
,2014-07-01,72.0,2020-09-01,55.70000076293945,-6052.7996826171875,-8525.069975517164,PRSMJOHNSN,30,100
,2017-08-01,119.5999984741211,2019-12-01,56.54999923706055,-15799.999237060547,-13183.145129928558,PTC,22,100
,2017-10-01,123.0999984741211,2020-05-01,33.29999923706055,-21724.200370788574,-17618.9779668289,PTC,30,100
,2017-11-01,116.19999694824219,2021-11-01,110.9000015258789,-1148.0992126464844,-978.3546890285404,PTC,50,100
,2017-09-01,122.8499984741211,2020-02-01,49.79999923706055,-17580.199813842773,-14310.297136508407,PTC,50,150
,2020-05-01,33.29999923706055,2020-10-01,47.0,11789.998626708984,34778.755445508235,PTC,50,150
,2018-04-01,159.25,2020-02-01,51.20000076293945,-20313.399856567383,-12755.667099885326,PURVA,22,100
,2018-08-01,94.30000305175781,2020-08-01,48.0,-14628.0,-15561.702127659575,PURVA,30,100
,2020-08-01,48.0,2022-08-01,104.5999984741211,34687.5,72265.625,PURVA,50,100
,2021-06-01,86.75,2022-05-01,96.5,3881.25,4474.063400576369,PURVA,50,150
,2014-04-01,105.5999984741211,2014-10-01,90.94999694824219,-4118.0,-3899.621268469222,RADICO,22,100
,2014-04-01,105.5999984741211,2014-09-01,77.9000015258789,-8051.399566650391,-7624.431517982938,RADICO,30,100
,2014-04-01,105.5999984741211,2015-03-01,89.55000305175781,-4430.399566650391,-4195.454195708277,RADICO,50,100
,2015-04-01,90.1500015258789,2015-05-01,86.6500015258789,-1162.0,-1288.962817894607,RADICO,50,100
,2016-03-01,95.3499984741211,2016-05-01,85.5,-3234.200958251953,-3386.59786204393,RADICO,50,100
,2017-05-01,60.650001525878906,2019-01-01,20.649999618530273,-19908.200565338135,-32292.29533267934,RAJSREESUG,22,100
,2017-11-01,58.70000076293945,2018-04-01,32.900001525878906,-12647.25,-21937.987277108205,RAJSREESUG,22,150
,2017-11-01,58.70000076293945,2019-08-01,17.0,-20772.15077972412,-36031.48348643073,RAJSREESUG,30,100
,2019-03-01,20.899999618530273,2020-10-01,13.199999809265137,-11623.500547409058,-56016.870107995455,RAJSREESUG,50,100
,2020-10-01,247.6999969482422,2023-09-01,209.3000030517578,-4380.199630737305,-1784.1953689357656,RALLIS,22,100
,2016-07-01,23.850000381469727,2020-10-01,12.649999618530273,-13764.150959014893,-58076.58445538277,RAMANEWS,22,100
,2022-03-01,17.049999237060547,2023-06-01,13.199999809265137,-6244.4503355026245,-36732.060797074264,RAMANEWS,22,150
,2016-10-01,28.049999237060547,2021-04-01,14.600000381469727,-14538.400407791138,-51554.60998035702,RAMANEWS,30,100
,2022-09-01,15.5,2023-12-01,17.5,4257.001476287842,27464.525653469944,RAMANEWS,30,150
,2017-07-01,23.0,2022-05-01,16.75,-8215.199005126953,-35640.777774596565,RAMANEWS,50,100
,2018-03-01,24.549999237060547,2023-03-01,11.149999618530273,-17155.05139732361,-67406.87969764216,RAMANEWS,50,150
,2014-08-01,65.9000015258789,2023-07-01,184.60000610351562,53326.00208282471,76838.61802645597,RAMCOIND,22,100
,2014-08-01,65.9000015258789,2024-01-01,245.60000610351562,80739.7520828247,116339.69784959914,RAMCOIND,30,100
,2014-05-01,208.60000610351562,2019-08-01,179.89999389648438,-4811.951309204102,-2253.3136223078563,RAMCOSYS,22,100
,2022-01-01,406.1499938964844,2022-10-01,245.5,-11928.19955444336,-2916.4302089103567,RAMCOSYS,22,100
,2021-04-01,485.5,2023-05-01,217.25,-16073.5,-3334.7510373443984,RAMCOSYS,22,150
,2014-06-01,211.0500030517578,2019-10-01,168.25,-6837.299133300781,-3122.05439876748,RAMCOSYS,30,100
,2021-06-01,608.4500122070312,2023-11-01,282.95001220703125,-16018.098205566406,-2617.9780738287504,RAMCOSYS,30,150
,2014-09-01,390.79998779296875,2020-06-01,110.1500015258789,-21333.200927734375,-5470.752727251668,RAMCOSYS,50,100
,2016-12-01,10.899999618530273,2019-05-01,3.1500000953674316,-22291.200393676758,-197267.25679132147,RANASUG,22,100
,2017-04-01,10.149999618530273,2019-11-01,3.200000047683716,-20684.998590946198,-203793.09722517407,RANASUG,30,100
,2013-09-01,228.3000030517578,2022-08-01,960.4000244140625,95315.59680175781,41622.5313544794,RAYMOND,50,100
,2017-10-01,90.30000305175781,2020-03-01,28.350000381469727,-20683.599113464355,-22804.409933186016,RCF,22,100
,2017-08-01,95.6500015258789,2019-12-01,46.70000076293945,-15477.849044799805,-16105.982612442867,RCF,22,150
,2018-01-01,97.75,2020-09-01,42.599998474121094,-16799.400466918945,-16969.091380726208,RCF,30,100
,2017-08-01,95.6500015258789,2020-05-01,39.900001525878906,-15681.299522399902,-16317.689668457948,RCF,30,150
,2018-01-01,97.75,2022-03-01,89.44999694824219,-3213.0,-3245.4545454545455,RCF,50,150
,2015-04-01,44.20000076293945,2020-11-01,32.75,-7729.201034545898,-17486.879866813557,RICOAUTO,22,100
,2015-07-01,54.25,2021-04-01,40.5,-7783.201263427734,-14360.149730384663,RICOAUTO,30,100
,2016-01-01,39.04999923706055,2022-04-01,37.70000076293945,-1881.6005859375,-4733.586379716981,RICOAUTO,50,100
,2018-10-01,331.0,2019-02-01,272.3999938964844,-5440.5010986328125,-1629.1363676489375,RIIL,22,100
,2014-10-01,52.33000183105469,2020-08-01,46.97999954223633,-4916.338863372803,-8948.560222538363,RKFORGE,22,100
,2014-11-01,60.77000045776367,2021-03-01,104.58000183105469,21593.39962387085,35283.33227888952,RKFORGE,30,100
,2016-07-01,79.44999694824219,2020-11-01,68.30000305175781,-3770.0,-4833.333333333334,ROHLTD,22,100
,2016-09-01,63.849998474121094,2021-06-01,80.25,7246.048568725586,11062.669570573413,ROHLTD,30,100
,2017-12-01,89.80000305175781,2018-01-01,69.94999694824219,-6646.597961425781,-7368.734131154879,RSSOFTWARE,22,100
,2013-11-01,90.55421447753906,2019-10-01,67.25877380371094,-8060.799018859863,-8734.722526273323,RSWM,22,100
,2014-03-01,87.7023696899414,2020-01-01,62.51637268066406,-8942.372932434082,-10181.394024247827,RSWM,30,100
,2022-11-01,204.8524627685547,2023-02-01,157.3000030517578,-7043.840576171875,-3401.252529985905,RSWM,50,150
,2016-02-01,128.60000610351562,2020-05-01,71.3499984741211,-13880.976066589355,-10793.915558150102,RUBYMILLS,22,100
,2016-05-01,195.27499389648438,2020-10-01,78.67500305175781,-19270.350700378418,-9447.407831231478,RUBYMILLS,30,100
,2016-10-01,237.47500610351562,2021-12-01,129.97500610351562,-13167.0,-5517.2848676925805,RUBYMILLS,50,100
,2022-09-01,76.75,2023-03-01,82.69999694824219,2866.4994049072266,3747.0580456303614,SAIL,22,200
,2017-07-01,30.200000762939453,2018-06-01,13.800000190734863,-16235.550378799438,-53671.24092165103,SAKHTISUG,22,100
,2018-02-01,20.399999618530273,2019-01-01,11.75,-13670.998878479004,-65411.479081358826,SAKHTISUG,30,100
,2019-03-01,11.25,2020-06-01,9.699999809265137,-5065.398983001709,-45025.76873779297,SAKHTISUG,50,100
,2014-07-01,2.240000009536743,2021-02-01,5.150000095367432,40175.99680709839,1826181.633468506,SAKUMA,22,100
,2014-08-01,2.2750000953674316,2021-10-01,10.0,105026.48886823654,4699171.982007343,SAKUMA,30,100
,2014-08-01,2.2750000953674316,2023-04-01,12.449999809265137,134694.98886823654,6026621.708743369,SAKUMA,50,100
,2014-09-01,83.75,2019-05-01,63.29999923706055,-7052.600273132324,-8497.108762810029,SANGAMIND,22,100
,2014-07-01,79.55000305175781,2019-10-01,40.400001525878906,-14684.150287628174,-18587.532009655915,SANGAMIND,30,100
,2014-09-01,83.75,2020-12-01,76.8499984741211,-1449.9010925292969,-1746.8687861798755,SANGAMIND,50,100
,2015-05-01,56.650001525878906,2020-05-01,16.450000762939453,-21477.401210784912,-37417.074285445415,SANGHIIND,22,100
,2015-09-01,55.54999923706055,2020-10-01,31.799999237060547,-13148.99917602539,-23438.50184254643,SANGHIIND,30,100
,2016-03-01,60.5,2022-02-01,47.20000076293945,-6830.999622344971,-11198.3600366311,SANGHIIND,50,100
,2015-06-01,324.20001220703125,2019-02-01,93.0,-21256.60028076172,-6560.679099000531,SANGHVIMOV,22,100
,2015-09-01,318.70001220703125,2019-08-01,88.0999984741211,-21737.500717163086,-6806.795146926344,SANGHVIMOV,30,100
,2016-04-01,289.95001220703125,2020-06-01,58.650001525878906,-23988.69937133789,-8218.122601210101,SANGHVIMOV,50,100
,2018-04-01,74.55000305175781,2019-05-01,32.70000076293945,-16743.30061340332,-22459.154833003766,SCI,22,100
,2018-08-01,54.349998474121094,2020-01-01,59.95000076293945,2589.7004203796387,4734.3699895050495,SCI,30,100
,2013-10-01,59.04999923706055,2020-10-01,101.44999694824219,23774.40155029297,40295.59584795418,SHANTIGEAR,22,100
,2023-09-01,35.29999923706055,2023-10-01,30.5,-4499.699352264404,-12747.023936307307,SHIVAMAUTO,22,150
,2015-01-01,42.54999923706055,2020-06-01,86.75,28340.997848510742,65909.297322118,SHIVATEX,22,100
,2022-08-01,160.89999389648438,2023-02-01,113.05000305175781,-9048.90170288086,-5556.586652584418,SHIVATEX,22,100
,2021-07-01,242.5,2024-04-01,169.1999969482422,-8560.800750732422,-3581.9250003064526,SHIVATEX,22,150
,2015-02-01,38.29999923706055,2020-12-01,114.6500015258789,59586.29880523682,149339.08903885505,SHIVATEX,30,100
,2014-07-01,33.25,2014-11-01,38.29999923706055,5412.0,16912.5,SHIVATEX,50,100
,2015-11-01,90.94999694824219,2022-05-01,194.4499969482422,33722.5025100708,36714.755656280366,SHIVATEX,50,100
,2014-02-01,2.7968649864196777,2015-09-01,3.4960811138153076,10780.961011886597,404423.2464742023,SHREERAMA,22,100
,2016-02-01,5.069317817687988,2019-11-01,3.7145869731903076,-5947.313610076904,-121509.78642978644,SHREERAMA,22,100
,2014-08-01,5.156720161437988,2020-05-01,3.364978075027466,-10930.98037648201,-208442.52512406887,SHREERAMA,30,100
,2016-02-01,5.069317817687988,2022-02-01,11.274864196777344,37752.531618118286,771323.3831033831,SHREERAMA,50,100
,2015-05-01,35.5,2022-06-01,87.1500015258789,44742.74742126465,126035.90822891452,SHREYANIND,30,100
,2015-01-01,365.3999938964844,2020-01-01,81.69999694824219,-23074.79949951172,-6314.942497248281,SHREYAS,22,100
,2015-01-01,365.3999938964844,2020-07-01,66.5999984741211,-24546.699249267578,-6717.761264172738,SHREYAS,30,100
,2015-03-01,402.5,2021-06-01,181.60000610351562,-17027.399322509766,-4103.976758977255,SHREYAS,50,100
,2015-12-01,311.1000061035156,2019-11-01,42.849998474121094,-25502.3994140625,-8275.969469150605,SIMPLEXINF,22,100
,2016-07-01,305.3500061035156,2020-04-01,26.549999237060547,-27778.100074768066,-8960.677443473569,SIMPLEXINF,30,100
,2017-11-01,561.75,2021-02-01,36.650001525878906,-28047.598625183105,-4956.719949689814,SIMPLEXINF,50,100
,2018-01-01,584.9000244140625,2019-12-01,32.79999923706055,-28327.950622558594,-4805.8274723742015,SIMPLEXINF,50,150
,2014-11-01,111.25,2020-01-01,32.900001525878906,-20484.350410461426,-18767.155404578436,SKMEGGPROD,22,100
,2014-12-01,101.94999694824219,2020-05-01,34.5,-20300.700897216797,-19538.69162567856,SKMEGGPROD,30,100
,2015-02-01,144.8000030517578,2020-10-01,40.650001525878906,-21672.9009475708,-14890.347298628281,SKMEGGPROD,50,100
,2015-05-01,62.95000076293945,2020-10-01,70.6500015258789,2903.5992736816406,4608.887736002604,SMARTLINK,22,100
,2015-07-01,123.30000305175781,2021-04-01,85.0,-8626.5,-6990.680626686125,SMARTLINK,30,100
,2015-05-01,429.20001220703125,2017-02-01,291.0,-9770.400421142578,-2246.5855503019725,SOBHA,22,100
,2017-11-01,624.75,2020-10-01,291.3500061035156,-15648.0,-2523.8709677419356,SOBHA,22,100
,2015-05-01,429.20001220703125,2017-08-01,393.3999938964844,-2615.099578857422,-601.3105577278698,SOBHA,30,100
,2017-06-01,27.75,2019-06-01,13.0,-16052.849381446838,-57537.09534384745,SOUTHBANK,22,100
,2014-06-01,161.74945068359375,2020-01-01,194.8000030517578,5254.538040161133,3241.5992081478316,SPARC,22,100
,2014-08-01,194.8244171142578,2020-06-01,162.39999389648438,-4884.072555541992,-2502.4447581248855,SPARC,30,100
,2015-01-01,325.8826904296875,2021-04-01,174.89999389648438,-13835.269287109375,-4246.769837837342,SPARC,50,100
,2015-07-01,21.899999618530273,2020-06-01,20.450000762939453,-2053.5,-9355.352749996915,SPIC,22,100
,2016-02-01,19.149999618530273,2021-01-01,24.299999237060547,8926.201194763184,46369.87633643212,SPIC,30,100
,2018-02-01,111.9000015258789,2019-07-01,12.699999809265137,-26893.800868988037,-23894.980133070738,SPMLINFRA,22,100
,2018-09-01,45.5,2020-01-01,12.149999618530273,-20725.5505027771,-47699.77016998098,SPMLINFRA,30,100
,2019-04-01,26.649999618530273,2020-09-01,8.600000381469727,-20587.499141693115,-77251.40501457351,SPMLINFRA,50,100
,2021-10-01,534.75,2021-11-01,487.8500061035156,-2399.5986328125,-447.85343178090864,STAR,22,150
,2015-05-01,73.3499984741211,2023-08-01,171.5500030517578,40779.59875488281,55633.82954580228,STLTECH,22,100
,2015-09-01,88.3499984741211,2024-01-01,143.9499969482422,18611.097930908203,20678.997701009113,STLTECH,30,100
,2016-06-01,88.25,2023-04-01,160.1999969482422,24340.198448181152,27534.16066520724,STLTECH,50,100
,2015-02-01,368.70001220703125,2020-05-01,171.89999389648438,-16200.0,-4365.400089883353,SUNDRMBRAK,22,100
,2022-07-01,343.29998779296875,2023-03-01,283.20001220703125,-5772.450531005859,-1648.565081144163,SUNDRMBRAK,22,100
,2015-06-01,269.75,2020-10-01,219.39999389648438,-5783.100677490234,-2065.393099103655,SUNDRMBRAK,30,100
,2015-11-01,296.29998779296875,2022-02-01,360.04998779296875,6438.75,2173.051051388802,SUNDRMBRAK,50,100
,2022-01-01,497.79998779296875,2023-05-01,444.20001220703125,-3252.000732421875,-647.808910841011,SUNTV,22,150
,2015-02-01,12.0,2019-08-01,3.799999952316284,-23374.999165534973,-177756.65280321514,SURANAT&P,22,100
,2018-01-01,5.75,2018-05-01,4.5,-6782.100995063782,-114950.86246505247,SURANAT&P,22,150
,2015-04-01,11.25,2019-08-01,3.799999952316284,-19861.700127124786,-176548.44557444256,SURANAT&P,30,100
,2017-12-01,6.099999904632568,2018-08-01,5.050000190734863,-5655.698123931885,-91220.94028906485,SURANAT&P,30,150
,2016-06-01,5.849999904632568,2020-02-01,3.549999952316284,-9999.599021911621,-168060.49315061467,SURANAT&P,50,100
,2014-09-01,39.33000183105469,2020-01-01,34.150001525878906,-2274.5704650878906,-5688.559285651319,SUTLEJTEX,22,100
,2022-03-01,71.5999984741211,2024-05-01,52.45000076293945,-7106.0,-10008.450704225352,SUTLEJTEX,22,100
,2014-09-01,39.33000183105469,2020-06-01,22.600000381469727,-13285.471046447754,-33226.136910470195,SUTLEJTEX,30,100
,2014-10-01,35.76499938964844,2021-10-01,69.0,29677.767570495605,82587.35616065358,SUTLEJTEX,50,100
,2014-11-01,278.4333190917969,2019-08-01,130.89999389648438,-16032.167755126953,-5710.817213044362,SWELECTES,22,100
,2015-02-01,428.9333190917969,2020-01-01,142.9499969482422,-17941.14971923828,-4390.167251018561,SWELECTES,30,100
,2015-05-01,352.4666748046875,2020-08-01,135.89999389648438,-18144.667358398438,-5193.588565805155,SWELECTES,50,100
,2016-12-01,109.55000305175781,2022-06-01,133.8000030517578,6797.700416564941,6202.281488325043,TAJGVK,22,100
,2016-10-01,119.5999984741211,2022-07-01,150.85000610351562,7874.998092651367,6554.30544539376,TAJGVK,30,100
,2018-01-01,70.50499725341797,2020-07-01,36.630001068115234,-14588.126945495605,-20604.698187415423,TATASTEEL,22,150
,2015-11-01,282.25,2022-01-01,248.6999969482422,-3537.75,-1252.855245683931,TECHNOE,30,100
,2016-07-01,343.2749938964844,2022-05-01,279.8500061035156,-6090.0,-1739.9999999999998,TECHNOE,50,100
,2018-03-01,61.04999923706055,2021-01-01,56.099998474121094,-1350.25,-2250.4166666666665,TEXINFRA,22,100
,2022-10-01,62.79999923706055,2023-02-01,49.70000076293945,-5795.548908233643,-9332.60716688877,TEXINFRA,22,200
,2015-08-01,106.14486694335938,2019-01-01,51.6196403503418,-15312.100639343262,-14425.662851425539,TEXRAIL,22,100
,2016-02-01,89.84632110595703,2019-06-01,63.0150032043457,-9418.61024093628,-10255.01792798006,TEXRAIL,30,100
,2017-04-01,90.39112091064453,2020-03-01,17.705944061279297,-24058.793537139893,-26616.323920712337,TEXRAIL,50,100
,2014-05-01,35.5,2020-12-01,48.099998474121094,10689.251289367676,30110.567012303312,TFCILTD,22,100
,2013-12-01,30.592021942138672,2020-08-01,34.70000076293945,3420.31005859375,11101.339210043994,THOMASCOOK,22,100
,2014-04-01,34.54991912841797,2020-12-01,47.04999923706055,12282.270858764648,35549.34763555566,THOMASCOOK,30,100
,2014-08-01,53.177467346191406,2022-01-01,66.69999694824219,8077.908416748047,15190.472242989568,THOMASCOOK,50,100
,2021-06-01,2479.97998046875,2023-08-01,1165.5999755859375,-15768.0,-633.2530120481928,TIDEWATER,22,100
,2015-06-01,724.5,2017-06-01,375.8500061035156,-13983.049499511719,-1920.748557625236,TIL,22,100
,2018-01-01,613.75,2019-10-01,205.35000610351562,-19696.798828125,-3202.210959179773,TIL,22,100
,2015-11-01,474.0,2020-04-01,133.3000030517578,-21464.099807739258,-4528.2910986791685,TIL,30,100
,2017-09-01,444.79998779296875,2020-06-01,138.35000610351562,-20699.64877319336,-4653.698143271526,TIL,50,100
,2016-01-01,52.849998474121094,2020-06-01,37.45000076293945,-9497.25,-17669.302325581397,TIMETECHNO,22,100
,2022-12-01,89.9000015258789,2023-04-01,84.19999694824219,-2097.9010162353516,-2318.1226698733167,TIMETECHNO,22,100
,2016-06-01,49.25,2020-11-01,45.29999923706055,-2405.548141479492,-4849.895595731908,TIMETECHNO,30,100
,2016-10-01,96.8499984741211,2022-03-01,63.900001525878906,-9409.049057006836,-9972.49518725494,TIMETECHNO,50,100
,2014-09-01,49.0,2020-05-01,28.100000381469727,-12301.201400756836,-25415.704572198265,TRIGYN,22,100
,2014-11-01,42.25,2020-11-01,66.19999694824219,19667.00054168701,47050.2413891193,TRIGYN,30,100
,2015-07-01,37.95000076293945,2022-08-01,101.19999694824219,50520.49758911133,136541.88537597656,TRIGYN,50,100
,2018-02-01,62.650001525878906,2020-02-01,22.549999237060547,-19048.299270629883,-30307.557252325387,TV18BRDCST,22,100
,2018-03-01,67.0999984741211,2020-08-01,31.75,-16561.351364135742,-24071.7305661698,TV18BRDCST,30,100
,2018-10-01,37.400001525878906,2022-03-01,74.05000305175781,29874.5,79878.33898704084,TV18BRDCST,50,100
,2015-04-01,39.75,2020-10-01,90.8499984741211,39698.101150512695,99869.4368566357,TVSELECT,22,100
,2015-07-01,66.8499984741211,2021-04-01,135.64999389648438,30912.0,44995.63518654703,TVSELECT,30,100
,2015-10-01,91.05000305175781,2022-09-01,257.6000061035156,55814.85050201416,61100.00157014361,TVSELECT,50,100
,2014-02-01,376.1846008300781,2020-09-01,1384.279296875,84577.45111083984,23870.768322015945,TVSHLTD,22,100
,2014-05-01,711.8190307617188,2021-04-01,2661.715576171875,81384.54125976562,11591.999824738294,TVSHLTD,30,100
,2014-08-01,1159.9130859375,2022-09-01,3869.837890625,66785.42175292969,5605.825227896099,TVSHLTD,50,100
,2014-06-01,130.85000610351562,2020-12-01,228.14999389648438,21365.70069885254,16409.90875548634,TVTODAY,22,100
,2022-03-01,371.54998779296875,2023-05-01,190.85000610351562,-14668.00048828125,-3927.7011671778127,TVTODAY,22,100
,2014-09-01,211.4499969482422,2021-06-01,298.6499938964844,12774.598709106445,6103.487110770569,TVTODAY,30,100
,2015-05-01,187.39999389648438,2022-10-01,277.04998779296875,14312.001953125,7622.903836551265,TVTODAY,50,100
,2016-09-01,117.55000305175781,2020-10-01,46.0,-18245.250778198242,-15409.839985694885,V2RETAIL,22,100
,2016-10-01,139.9499969482422,2021-04-01,106.44999694824219,-7115.5,-5037.522123893806,V2RETAIL,30,100
,2017-01-01,152.39999389648438,2022-08-01,113.25,-7408.800598144531,-4880.632706982505,V2RETAIL,50,100
,2014-11-01,5.309999942779541,2014-12-01,4.929999828338623,-1864.1722626686096,-35173.06029398719,VARDMNPOLY,50,100
,2015-04-01,4.099999904632568,2015-09-01,4.025000095367432,36.58583736419678,892.3375174438086,VARDMNPOLY,50,100
,2014-09-01,272.5,2015-08-01,98.6500015258789,-19447.998657226562,-7115.989581367595,VEDL,22,100
,2018-01-01,340.3500061035156,2019-12-01,152.4499969482422,-16473.599731445312,-4845.1763916015625,VEDL,22,100
,2017-08-01,308.8999938964844,2019-11-01,144.60000610351562,-16048.648223876953,-5176.148639164985,VEDL,22,150
,2018-06-01,236.1999969482422,2020-06-01,106.4000015258789,-16300.449806213379,-6943.74858624638,VEDL,30,100
,2017-12-01,329.8999938964844,2020-03-01,64.69999694824219,-23940.0,-7232.62839879154,VEDL,30,150
,2019-09-01,154.14999389648438,2022-05-01,320.8999938964844,32223.40118408203,20870.0793121053,VEDL,50,100
,2016-04-01,146.4499969482422,2019-10-01,66.0999984741211,-16320.0,-11139.931740614335,WALCHANNAG,22,100
,2017-12-01,224.9499969482422,2018-09-01,99.69999694824219,-16891.001014709473,-7413.210692228659,WALCHANNAG,22,150
,2016-07-01,154.64999389648438,2020-03-01,25.549999237060547,-25321.59867477417,-16242.206328492477,WALCHANNAG,30,100
,2018-04-01,173.1999969482422,2018-05-01,146.9499969482422,-4523.948944091797,-2611.9798058909323,WALCHANNAG,30,150
,2017-09-01,196.8000030517578,2020-11-01,58.650001525878906,-20945.600463867188,-10643.08950155786,WALCHANNAG,50,100
,2016-02-01,39.0,2018-11-01,22.200000762939453,-12457.80058670044,-32783.68575447484,WANBURY,22,100
,2016-07-01,42.150001525878906,2019-06-01,14.449999809265137,-20370.150406837463,-47427.59032594567,WANBURY,30,100
,2017-07-01,41.95000076293945,2020-03-01,18.299999237060547,-17445.999727249146,-40809.3560871325,WANBURY,50,100
,2017-06-01,121.5999984741211,2019-12-01,22.399999618530273,-25055.09962463379,-20230.197766105863,WEBELSOLAR,22,100
,2017-10-01,112.94999694824219,2020-07-01,20.25,-24777.5,-21975.60975609756,WEBELSOLAR,30,100
,2018-04-01,72.0999984741211,2022-03-01,94.1500015258789,9110.400634765625,12635.784781653814,WEBELSOLAR,50,100
,2017-06-01,110.3499984741211,2022-05-01,95.0,-3902.4004135131836,-3563.835994075967,WELENT,30,100
,2014-02-01,10.28499984741211,2020-11-01,68.6500015258789,173662.36976623535,1711802.4832944844,WELSPUNLIV,22,100
,2020-12-01,67.9000015258789,2021-01-01,66.0999984741211,-771.75,-1122.5454545454545,WELSPUNLIV,22,100
,2014-04-01,28.0,2020-06-01,15.199999809265137,-13066.199795722961,-46664.99927043915,WINDMACHIN,22,100
,2014-05-01,58.70000076293945,2014-08-01,56.650001525878906,-843.1488304138184,-1451.2028443329025,WSTCSTPAPR,22,100
,2015-01-01,59.29999923706055,2015-04-01,50.5,-4443.999614715576,-7494.097254453626,WSTCSTPAPR,30,100
,2015-11-01,32.633331298828125,2019-09-01,17.766666412353516,-12682.199298858643,-39182.90421129637,XPROINDIA,22,100
,2016-04-01,28.766666412353516,2020-01-01,15.600000381469727,-13129.200397491455,-45273.10481893605,XPROINDIA,30,100
,2015-03-01,16.477622985839844,2019-12-01,6.0,-19492.850952148438,-116651.30897701642,ZEEMEDIA,22,100
,2018-03-01,38.04999923706055,2020-03-01,3.5999999046325684,-27383.0,-71124.67532467532,ZEEMEDIA,22,150
,2015-03-01,16.477622985839844,2020-06-01,6.849999904632568,-18036.850605010986,-107938.14809657302,ZEEMEDIA,30,100
,2018-07-01,31.899999618530273,2020-08-01,7.099999904632568,-23359.00080680847,-73111.11189050064,ZEEMEDIA,30,150
,2015-04-01,17.362016677856445,2021-06-01,11.949999809265137,-8396.702802658081,-48362.48552489444,ZEEMEDIA,50,100
,2018-11-01,23.850000381469727,2021-12-01,13.350000381469727,-13387.049520492554,-56248.10903206542,ZEEMEDIA,50,150
,2015-12-01,58.0,2017-05-01,56.25,-155.09960556030273,-276.96358135768344,ZENITHEXPO,22,100
,2018-04-01,153.9499969482422,2020-03-01,31.950000762939453,-23444.899703979492,-15228.90559839481,ZENITHEXPO,22,100
,2018-06-01,103.05000305175781,2020-02-01,42.95000076293945,-16266.900444030762,-16615.832676704063,ZENITHEXPO,22,150
,2016-07-01,40.099998474121094,2018-03-01,45.70000076293945,3553.0,9052.229299363058,ZENITHEXPO,30,100
,2018-04-01,153.9499969482422,2020-10-01,43.0,-21116.899703979492,-13716.726289432125,ZENITHEXPO,30,100
,2019-05-01,69.8499984741211,2019-10-01,38.29999923706055,-12591.150981903076,-18962.576344212535,ZENITHEXPO,30,150
,2019-11-01,65.44999694824219,2020-02-01,42.95000076293945,-13717.098602294922,-19064.76606546965,ZENITHEXPO,30,150
,2020-03-01,27.399999618530273,2020-04-01,41.75,15534.800834655762,56387.663393319395,ZUARIIND,30,100
,2020-04-01,41.75,2022-01-01,143.8000030517578,71476.90219116211,171202.16093691526,ZUARIIND,50,100
